# Blender 4.5.3 LTS
# www.blender.org
mtllib Snoopy.mtl
o Cube
v 0.008667 -0.646419 0.190577
v 0.112938 -0.646439 0.190619
v 0.112904 -0.646335 0.190620
v 0.104610 -0.646338 0.077580
v 0.104644 -0.646442 0.077580
v 0.076221 -0.332850 0.106526
v 0.082770 -0.331728 -0.012528
v 0.075425 -0.020552 0.022228
v 0.078822 -0.018359 -0.069458
v 0.006741 -0.646427 -0.095217
v 0.113205 -0.646377 -0.096949
v 0.114531 -0.638567 -0.099667
v 0.121120 -0.311821 -0.234691
v 0.137399 -0.526725 -0.278479
v 0.126413 -0.559662 -0.189636
v 0.130524 -0.632793 -0.182657
v 0.140561 -0.612728 -0.261690
v 0.136646 -0.281114 -0.336892
v 0.122073 -0.295131 -0.222222
v 0.094240 -0.014162 -0.262405
v 0.102781 -0.006568 -0.339538
v 0.096206 -0.008598 -0.236371
v -0.481526 0.874764 0.426020
v -0.483234 0.874764 0.190689
v 0.074801 0.289596 0.027325
v 0.072489 0.290861 -0.056519
v 0.130652 0.595638 0.077148
v 0.129362 0.593981 -0.017017
v 0.204225 0.893856 0.162799
v 0.199097 0.888444 0.051758
v 0.080811 0.285401 -0.241674
v 0.088772 0.291929 -0.319694
v 0.078102 0.295018 -0.212147
v 0.148735 0.570810 -0.232944
v 0.158265 0.583300 -0.304221
v 0.139179 0.590506 -0.191013
v 0.184184 -0.507351 -0.470666
v 0.181735 -0.514482 -0.433954
v 0.189739 -0.599768 -0.427395
v 0.194108 -0.590592 -0.465322
v 0.174017 -0.274644 -0.494019
v 0.169832 -0.279196 -0.445687
v 0.125732 -0.005398 -0.482988
v 0.124028 -0.006798 -0.447100
v 0.198525 -0.004350 -0.696355
v 0.196820 -0.005152 -0.684234
v 0.108118 0.300072 -0.474292
v 0.104586 0.299924 -0.433098
v 0.174958 0.601658 -0.447488
v 0.170546 0.599871 -0.415662
v 0.217116 0.838679 -0.174884
v 0.240477 0.860454 -0.246975
v 0.214722 0.855317 -0.176191
v 0.256799 -0.563355 -0.671934
v 0.256470 -0.563041 -0.666771
v 0.264437 -0.626885 -0.660780
v 0.264902 -0.626216 -0.667386
v 0.242930 -0.293881 -0.688324
v 0.241263 -0.296049 -0.675329
v 0.368019 -0.562842 -0.871058
v 0.368003 -0.562834 -0.870887
v 0.373636 -0.627844 -0.864155
v 0.373639 -0.627846 -0.864192
v 0.352019 -0.297981 -0.892631
v 0.351350 -0.298682 -0.888688
v 0.502800 -0.646451 -1.044616
v 0.502800 -0.646451 -1.044616
v 0.502776 -0.646555 -1.044520
v 0.502820 -0.646555 -1.044575
v 0.502820 -0.646555 -1.044575
v 0.487357 -0.322464 -1.071177
v 0.487186 -0.322651 -1.070016
v 0.312899 -0.006784 -0.919023
v 0.312543 -0.006964 -0.915933
v 0.145273 0.307653 -0.693713
v 0.145186 0.307633 -0.692424
v 0.263403 0.888326 -0.389973
v 0.254343 0.878546 -0.382070
v 0.218374 0.618223 -0.660678
v 0.218374 0.618223 -0.660678
v 0.318845 0.903894 -0.593351
v 0.318845 0.903894 -0.593351
v 0.285945 0.308233 -0.927520
v 0.285945 0.308233 -0.927520
v 0.443288 0.308182 -1.114488
v 0.443288 0.308182 -1.114488
v 0.340808 0.618201 -0.870990
v 0.340808 0.618201 -0.870990
v 0.421723 0.903885 -0.778773
v 0.421723 0.903885 -0.778773
v 0.485211 0.618167 -1.043644
v 0.485211 0.618167 -1.043644
v 0.547218 0.903867 -0.931301
v 0.547218 0.903867 -0.931301
v 0.689818 0.903840 -1.044469
v 0.689818 0.903840 -1.044469
v 0.844077 0.903801 -1.113924
v 0.844077 0.903801 -1.113924
v -0.605358 1.003321 0.425600
v -0.606314 1.003321 0.190023
v 0.011869 1.353655 0.425511
v 0.010993 1.353660 0.189897
v -0.112579 1.482215 0.425310
v -0.113142 1.482221 0.189602
v 0.009927 1.353670 -0.096152
v 0.334039 1.118905 0.133636
v 0.324096 1.113968 0.049835
v 0.482419 1.311854 0.125234
v 0.489461 1.322585 0.044202
v 0.285184 1.063382 -0.111094
v 0.346148 1.111227 -0.171590
v 0.279227 1.049981 -0.188414
v 0.381637 1.142139 -0.316829
v 0.349876 1.107902 -0.331458
v 0.273297 1.134164 -0.152768
v 0.502794 1.335726 -0.084125
v 0.247380 1.269943 -0.168135
v 0.427046 1.233163 -0.282206
v 0.542773 1.379096 -0.214344
v 0.422694 1.281096 -0.274597
v 0.460524 1.283260 -0.261275
v 0.634845 1.453889 0.136748
v 0.714655 1.521718 0.147878
v 0.711456 1.516859 0.121787
v 0.668273 1.482863 0.056145
v 0.817644 1.575005 0.145902
v 0.871582 1.599366 0.145600
v 0.881889 1.599512 0.124493
v 0.934311 1.619734 0.140443
v 0.854722 1.582811 0.101583
v 0.836166 1.572722 0.066548
v 0.956236 1.624279 0.151992
v 0.969863 1.625289 0.165222
v 0.983095 1.625741 0.175481
v 0.996821 1.625934 0.182450
v 1.011795 1.638211 0.189160
v 1.010803 1.625942 0.186738
v 1.011070 1.633992 0.069231
v 0.655804 1.489742 -0.033136
v 0.666635 1.508915 -0.136427
v 0.699232 1.512614 -0.233952
v 0.745602 1.512645 -0.318596
v 0.832164 1.575711 0.019557
v 0.839520 1.584230 -0.031322
v 0.854860 1.593013 -0.079993
v 0.877079 1.599424 -0.123739
v 0.905005 1.604526 -0.160142
v 0.937637 1.606685 -0.187021
v 0.973352 1.606733 -0.203249
v 1.010512 1.606735 -0.208734
v 1.009714 2.323202 0.428339
v 1.009712 2.323204 0.426507
v 1.009711 2.323205 0.424733
v 0.871363 2.456840 0.426492
v 0.884655 2.451770 0.424718
v 0.999202 2.589219 0.426467
v 1.009528 2.323568 0.188599
v 0.871532 2.457682 0.189373
v 0.884864 2.452528 0.189272
v 0.998767 2.589889 0.191667
v 0.430061 1.154312 -0.495343
v 0.430061 1.154312 -0.495343
v 0.553179 1.353316 -0.377436
v 0.557257 1.359765 -0.373501
v 0.516149 1.154315 -0.652086
v 0.516149 1.154315 -0.652086
v 0.621337 1.353729 -0.501181
v 0.624545 1.359875 -0.496527
v 0.704289 1.353745 -0.602954
v 0.706820 1.359891 -0.597473
v 0.800766 1.359902 -0.672515
v 0.799010 1.353756 -0.678612
v 0.901811 1.353759 -0.725226
v 0.902729 1.359906 -0.718750
v 0.802176 1.512674 -0.388081
v 0.866770 1.512698 -0.439730
v 0.936889 1.512711 -0.471552
v 1.009828 1.512713 -0.482321
v 0.621364 1.154315 -0.780872
v 0.621364 1.154315 -0.780872
v 0.741447 1.154308 -0.876605
v 0.741447 1.154308 -0.876605
v 1.008754 1.359899 -0.734401
v 1.008708 1.353751 -0.741005
v 0.871667 1.154294 -0.935557
v 0.871667 1.154294 -0.935557
v 1.006956 1.154271 -0.955492
v 1.006956 1.154271 -0.955492
v 0.006741 -0.646427 -2.099284
v 0.008667 -0.646419 -2.385077
v -0.483234 0.874764 -2.385190
v -0.481331 0.874765 -2.650211
v -0.481263 0.874765 -2.660769
v 0.453456 -0.011278 -1.113383
v 0.453412 -0.011325 -1.112739
v 0.659071 -0.646522 -1.169600
v 0.659071 -0.646522 -1.169600
v 0.659085 -0.646626 -1.169555
v 0.659085 -0.646626 -1.169555
v 0.638472 -0.332752 -1.225986
v 0.638455 -0.332775 -1.225806
v 0.828449 -0.646629 -1.246435
v 0.828449 -0.646629 -1.246435
v 0.828457 -0.646733 -1.246387
v 0.828457 -0.646733 -1.246387
v 1.004160 -0.646774 -1.272316
v 1.004160 -0.646774 -1.272316
v 1.004161 -0.646877 -1.272267
v 1.004161 -0.646877 -1.272267
v 0.812219 -0.336772 -1.328780
v 0.812219 -0.336772 -1.328780
v 0.999610 -0.337002 -1.356026
v 0.999610 -0.337002 -1.356026
v 0.612977 -0.014279 -1.275240
v 0.612977 -0.014279 -1.275240
v 0.801945 -0.014448 -1.357724
v 0.801945 -0.014448 -1.357724
v 0.995651 -0.014705 -1.384880
v 0.995651 -0.014705 -1.384880
v 0.616304 0.308101 -1.249652
v 0.616304 0.308101 -1.249652
v 0.803846 0.307969 -1.330478
v 0.803846 0.307969 -1.330478
v 0.995703 0.307781 -1.356874
v 0.995703 0.307781 -1.356874
v 0.646402 0.618113 -1.170466
v 0.646402 0.618113 -1.170466
v 0.820313 0.618035 -1.247437
v 0.820313 0.618035 -1.247437
v 0.999671 0.617933 -1.272942
v 0.999671 0.617933 -1.272942
v 1.003984 0.903752 -1.137284
v 1.003984 0.903752 -1.137284
v -0.606314 1.003321 -2.384523
v -0.605246 1.003321 -2.649817
v -0.605206 1.003321 -2.660386
v 0.009927 1.353670 -2.098349
v 0.010993 1.353660 -2.384398
v 0.011971 1.353654 -2.649734
v 0.012007 1.353654 -2.660303
v -0.113142 1.482221 -2.384103
v -0.112512 1.482214 -2.649544
v -0.112488 1.482214 -2.660118
v 1.009528 2.323568 -2.383100
v 0.871532 2.457682 -2.383874
v 0.884864 2.452528 -2.383773
v 0.998767 2.589889 -2.386168
v 1.009728 2.323182 -2.649002
v 1.009728 2.323182 -2.648721
v 1.009730 2.323179 -2.652252
v 1.009734 2.323174 -2.659587
v 0.871379 2.456814 -2.652238
v 0.884671 2.451745 -2.648988
v 0.884676 2.451737 -2.659573
v 0.999217 2.589191 -2.652215
v 1.779956 0.879453 0.092479
v 1.776680 0.880747 -0.005508
v 1.762536 0.879816 -0.175146
v 1.753032 0.882478 -0.243004
v 1.760084 0.883742 -0.180358
v 1.729220 -0.646884 -0.666185
v 1.729220 -0.646884 -0.666185
v 1.729211 -0.646988 -0.666164
v 1.729211 -0.646988 -0.666164
v 1.714218 -0.333436 -0.689791
v 1.714399 -0.333503 -0.686800
v 1.502455 -0.647225 -1.044680
v 1.502455 -0.647225 -1.044680
v 1.502439 -0.647328 -1.044639
v 1.502439 -0.647328 -1.044639
v 1.527913 -0.337632 -1.113954
v 1.527913 -0.337632 -1.113954
v 1.635743 -0.647416 -0.876129
v 1.635743 -0.647416 -0.876129
v 1.635726 -0.647520 -0.876096
v 1.635685 -0.647520 -0.876152
v 1.635726 -0.647520 -0.876096
v 1.648258 -0.336399 -0.926355
v 1.648258 -0.336399 -0.926355
v 1.723431 -0.014589 -0.705321
v 1.723377 -0.014611 -0.704177
v 1.670214 -0.015342 -0.950217
v 1.670214 -0.015342 -0.950217
v 1.163332 0.903696 -1.113886
v 1.163332 0.903696 -1.113886
v 1.316095 0.903637 -1.044719
v 1.316095 0.903637 -1.044719
v 1.737060 0.301501 -0.696767
v 1.737051 0.301476 -0.692484
v 1.723622 0.888638 -0.400111
v 1.724538 0.888520 -0.382553
v 1.745374 0.617026 -0.670641
v 1.745374 0.617026 -0.670641
v 1.679322 0.903379 -0.597286
v 1.679322 0.903379 -0.597286
v 1.528717 0.307273 -1.113963
v 1.528717 0.307273 -1.113963
v 1.671051 0.307034 -0.934515
v 1.671051 0.307034 -0.934515
v 1.579152 0.903492 -0.781355
v 1.579152 0.903492 -0.781355
v 1.502939 0.617624 -1.044631
v 1.502939 0.617624 -1.044631
v 1.456505 0.903574 -0.932442
v 1.456505 0.903574 -0.932442
v 1.638367 0.617474 -0.876338
v 1.638367 0.617474 -0.876338
v 1.884468 -0.649565 0.188761
v 1.884494 -0.649462 0.188761
v 1.887653 -0.649989 0.075711
v 1.887629 -0.650091 0.075711
v 1.993161 -0.649410 0.188810
v 1.913959 -0.342976 0.187806
v 1.896645 -0.344153 0.058065
v 1.891478 -0.022801 0.137014
v 1.864413 -0.025050 0.024263
v 1.871611 -0.650478 -0.096613
v 1.871633 -0.650375 -0.096613
v 1.984778 -0.650265 -0.096606
v 1.838999 -0.341349 -0.159183
v 1.865047 -0.650284 -0.186074
v 1.865047 -0.650284 -0.186074
v 1.865026 -0.650386 -0.186065
v 1.865026 -0.650386 -0.186065
v 1.811826 -0.339235 -0.262448
v 1.834123 -0.342604 -0.196982
v 1.810760 -0.025390 -0.140968
v 1.775520 -0.023964 -0.240807
v 1.789222 -0.025331 -0.192369
v 1.893813 0.298092 0.111429
v 1.880494 0.297589 0.001246
v 1.861021 0.602851 0.098915
v 1.855951 0.603305 -0.006931
v 1.837658 0.294905 -0.176318
v 1.816650 0.295777 -0.272547
v 1.826360 0.295577 -0.206168
v 1.830517 0.598181 -0.194100
v 1.814880 0.599615 -0.281982
v 1.827148 0.601629 -0.206655
v 2.513991 0.867873 0.428666
v 2.512984 0.867782 0.189347
v 1.811206 -0.648629 -0.435386
v 1.811206 -0.648629 -0.435386
v 1.811198 -0.648733 -0.435374
v 1.811198 -0.648733 -0.435374
v 1.756883 -0.334047 -0.454277
v 1.759826 -0.334924 -0.435188
v 1.748251 -0.018776 -0.452514
v 1.748888 -0.019209 -0.441047
v 1.786808 0.299166 -0.463851
v 1.787970 0.299040 -0.445818
v 1.787178 0.606351 -0.447878
v 1.787313 0.605884 -0.429257
v 1.026114 1.625483 0.188720
v 1.042480 1.624639 0.189178
v 1.061724 1.623117 0.189174
v 1.086864 1.620441 0.189170
v 1.124488 1.615561 0.189165
v 1.193993 1.602629 0.189160
v 1.185406 1.606545 0.189159
v 1.186959 1.606546 0.184800
v 1.197728 1.606560 0.131406
v 1.201319 1.606578 0.075878
v 1.391699 1.498918 0.189191
v 1.376202 1.512451 0.189186
v 1.377081 1.512451 0.184828
v 1.384113 1.512467 0.075919
v 1.197593 1.606599 0.020349
v 1.186693 1.606622 -0.033048
v 1.169037 1.606648 -0.082259
v 1.145301 1.606674 -0.125392
v 1.047683 1.606729 -0.203277
v 1.083436 1.606716 -0.187088
v 1.116398 1.606697 -0.160789
v 1.376803 1.512491 -0.032993
v 1.355431 1.512523 -0.137724
v 1.320813 1.512561 -0.234247
v 1.274271 1.512603 -0.318852
v 1.532665 1.320725 0.115502
v 1.528627 1.325553 0.029220
v 1.667620 1.120293 0.098491
v 1.666291 1.118592 0.005457
v 1.520723 1.334537 -0.100264
v 1.718812 1.305351 -0.150477
v 1.681020 1.184774 -0.135797
v 1.505124 1.352653 -0.233018
v 1.550265 1.320495 -0.254519
v 1.688206 1.096148 -0.141218
v 1.658809 1.129931 -0.182508
v 1.680280 1.107589 -0.144510
v 1.644768 1.153336 -0.318751
v 1.644752 1.153302 -0.318329
v 1.137576 2.455577 0.428304
v 1.137577 2.455577 0.426470
v 1.140686 2.452805 0.187717
v 1.114751 1.359881 -0.718871
v 1.115573 1.353733 -0.725349
v 1.216639 1.359852 -0.672769
v 1.218293 1.353705 -0.678871
v 1.392769 1.359776 -0.497075
v 1.395858 1.353628 -0.501743
v 1.310508 1.359816 -0.597876
v 1.312929 1.353669 -0.603366
v 1.082776 1.512701 -0.471622
v 1.152927 1.512677 -0.439868
v 1.217586 1.512643 -0.388283
v 1.142083 1.154241 -0.935700
v 1.142083 1.154241 -0.935700
v 1.271861 1.154204 -0.876979
v 1.271861 1.154204 -0.876979
v 1.391325 1.154162 -0.781606
v 1.391325 1.154162 -0.781606
v 1.581671 1.154060 -0.496883
v 1.581671 1.154060 -0.496883
v 1.460286 1.359735 -0.374250
v 1.463924 1.353588 -0.377916
v 1.495915 1.154113 -0.653258
v 1.495915 1.154113 -0.653258
v 2.012545 1.353503 0.428591
v 2.012125 1.353478 0.189190
v 2.140820 1.485918 0.428546
v 2.140548 1.485906 0.189126
v 2.011750 1.353470 -0.097047
v 2.642881 1.000367 0.428589
v 2.642337 1.000319 0.189207
v 1.014567 -0.646886 -1.270725
v 1.179389 -0.646937 -1.246355
v 1.179389 -0.646937 -1.246355
v 1.179384 -0.647040 -1.246307
v 1.179384 -0.647040 -1.246307
v 1.185456 -0.337275 -1.328385
v 1.185456 -0.337275 -1.328385
v 1.347649 -0.647083 -1.169530
v 1.347649 -0.647083 -1.169530
v 1.347638 -0.647186 -1.169485
v 1.347638 -0.647186 -1.169485
v 1.363601 -0.337492 -1.246800
v 1.363601 -0.337492 -1.246800
v 1.186078 -0.015014 -1.356447
v 1.186078 -0.015014 -1.356447
v 1.367867 -0.015254 -1.273201
v 1.367867 -0.015254 -1.273201
v 1.535749 -0.015377 -1.137527
v 1.535749 -0.015377 -1.137527
v 1.184128 0.307564 -1.328755
v 1.184128 0.307564 -1.328755
v 1.363669 0.307390 -1.246932
v 1.363669 0.307390 -1.246932
v 1.177351 0.617820 -1.246655
v 1.177351 0.617820 -1.246655
v 1.347129 0.617719 -1.169622
v 1.347129 0.617719 -1.169622
v 1.015453 -0.647128 -2.384099
v 1.984778 -0.650265 -2.097896
v 1.993161 -0.649410 -2.383311
v 2.512984 0.867782 -2.383848
v 2.514100 0.867883 -2.649020
v 1.140686 2.452805 -2.382218
v 1.137583 2.455560 -2.648695
v 1.137585 2.455557 -2.652226
v 2.011750 1.353470 -2.097454
v 2.012125 1.353478 -2.383691
v 2.012592 1.353506 -2.648952
v 2.140548 1.485906 -2.383627
v 2.140851 1.485919 -2.648909
v 2.642337 1.000319 -2.383708
v 2.642942 1.000373 -2.648948
v 0.000000 0.000000 -1.000000
v -0.195090 0.000000 -0.980785
v -0.382683 0.000000 -0.923880
v -0.555570 0.000000 -0.831470
v -0.707107 0.000000 -0.707107
v -0.831470 0.000000 -0.555570
v -0.923880 0.000000 -0.382683
v -0.980785 0.000000 -0.195090
v -1.000000 0.000000 0.000000
v -0.980785 0.000000 0.195090
v -0.923880 0.000000 0.382684
v -0.831470 0.000000 0.555570
v -0.707107 0.000000 0.707107
v -0.555570 0.000000 0.831470
v -0.382683 0.000000 0.923880
v -0.195090 0.000000 0.980785
v 0.000000 0.000000 1.000000
v 0.195090 0.000000 0.980785
v 0.382683 0.000000 0.923880
v 0.555570 0.000000 0.831470
v 0.707107 0.000000 0.707107
v 0.831470 0.000000 0.555570
v 0.923880 0.000000 0.382684
v 0.980785 0.000000 0.195090
v 1.000000 0.000000 0.000000
v 0.980785 0.000000 -0.195090
v 0.923880 0.000000 -0.382683
v 0.831470 0.000000 -0.555570
v 0.707107 0.000000 -0.707107
v 0.555570 0.000000 -0.831470
v 0.382683 0.000000 -0.923880
v 0.195090 0.000000 -0.980785
v 0.976019 3.104552 -2.249739
v 0.976019 2.997029 -2.373292
v 0.976019 2.856544 -2.440159
v 0.976019 2.780514 -2.448764
v 0.976019 2.704484 -2.440159
v 0.976019 2.563998 -2.373292
v 0.991355 3.162743 -2.086629
v 1.006102 3.140566 -2.169024
v 1.019693 3.104552 -2.244958
v 1.031606 3.056086 -2.311516
v 1.041382 2.997029 -2.366138
v 1.048647 2.929652 -2.406726
v 1.053120 2.856544 -2.431720
v 1.054631 2.780514 -2.440159
v 1.053120 2.704484 -2.431720
v 1.048647 2.631375 -2.406726
v 1.041382 2.563998 -2.366138
v 1.031606 2.504941 -2.311516
v 1.019693 2.456475 -2.244958
v 1.006102 2.420461 -2.169024
v 0.991355 2.398284 -2.086629
v 1.006102 3.162743 -2.081658
v 1.035030 3.140566 -2.159271
v 1.061689 3.104552 -2.230800
v 1.085056 3.056086 -2.293496
v 1.104233 2.997029 -2.344949
v 1.118483 2.929652 -2.383182
v 1.127258 2.856544 -2.406726
v 1.130221 2.780514 -2.414675
v 1.127258 2.704484 -2.406726
v 1.118483 2.631375 -2.383182
v 1.104233 2.563998 -2.344949
v 1.085056 2.504941 -2.293496
v 1.061689 2.456475 -2.230800
v 1.035030 2.420461 -2.159271
v 1.006102 2.398284 -2.081658
v 1.019693 3.162743 -2.073584
v 1.061689 3.140566 -2.143435
v 1.100393 3.104552 -2.207809
v 1.134317 3.056086 -2.264234
v 1.162158 2.997029 -2.310540
v 1.182845 2.929652 -2.344949
v 1.195584 2.856544 -2.366138
v 1.199886 2.780514 -2.373292
v 1.195584 2.704484 -2.366138
v 1.182845 2.631375 -2.344949
v 1.162158 2.563998 -2.310540
v 1.134317 2.504941 -2.264234
v 1.100393 2.456475 -2.207809
v 1.061689 2.420461 -2.143435
v 1.019693 2.398284 -2.073584
v 1.031606 3.162743 -2.062719
v 1.085056 3.140566 -2.122122
v 1.134317 3.104552 -2.176868
v 1.177494 3.056086 -2.224853
v 1.212928 2.997029 -2.264233
v 1.239259 2.929652 -2.293496
v 1.255473 2.856544 -2.311516
v 1.260948 2.780514 -2.317600
v 1.255473 2.704484 -2.311516
v 1.239259 2.631375 -2.293496
v 1.212928 2.563998 -2.264233
v 1.177494 2.504941 -2.224853
v 1.134317 2.456475 -2.176868
v 1.085056 2.420461 -2.122122
v 1.031606 2.398284 -2.062719
v 1.041382 3.162743 -2.049480
v 1.104233 3.140566 -2.096152
v 1.162158 3.104552 -2.139166
v 1.212929 3.056086 -2.176868
v 1.254595 2.997029 -2.207809
v 1.285556 2.929652 -2.230800
v 1.304622 2.856544 -2.244958
v 1.311060 2.780514 -2.249738
v 1.304622 2.704484 -2.244958
v 1.285556 2.631375 -2.230800
v 1.254595 2.563998 -2.207809
v 1.212929 2.504941 -2.176868
v 1.162158 2.456475 -2.139166
v 1.104233 2.420461 -2.096152
v 1.041382 2.398284 -2.049480
v 0.976019 3.170232 -2.000942
v 1.048647 3.162743 -2.034376
v 1.118483 3.140566 -2.066524
v 1.182845 3.104552 -2.096152
v 1.239259 3.056086 -2.122122
v 1.285556 2.997029 -2.143435
v 1.319958 2.929652 -2.159271
v 1.341143 2.856544 -2.169023
v 1.348282 2.780409 -2.172407
v 1.341143 2.704484 -2.169023
v 1.319958 2.631375 -2.159271
v 1.285556 2.563998 -2.143435
v 1.239259 2.504941 -2.122122
v 1.182845 2.456475 -2.096152
v 1.118483 2.420461 -2.066524
v 1.048647 2.398284 -2.034376
v 1.053120 3.162743 -2.017987
v 1.127258 3.140566 -2.034376
v 1.195584 3.104552 -2.049480
v 1.255473 3.056086 -2.062719
v 1.304622 2.997029 -2.073584
v 1.341143 2.929652 -2.081658
v 1.363633 2.856544 -2.086629
v 1.371226 2.780514 -2.088308
v 1.363633 2.704484 -2.086629
v 1.341143 2.631375 -2.081658
v 1.304622 2.563998 -2.073584
v 1.255473 2.504941 -2.062719
v 1.195584 2.456475 -2.049480
v 1.127258 2.420461 -2.034376
v 1.053120 2.398284 -2.017987
v 1.054631 3.162743 -2.000942
v 1.130221 3.140566 -2.000942
v 1.199886 3.104552 -2.000942
v 1.260948 3.056086 -2.000942
v 1.311059 2.997029 -2.000942
v 1.348296 2.929652 -2.000942
v 1.371226 2.856544 -2.000942
v 1.378969 2.780514 -2.000942
v 1.371226 2.704484 -2.000942
v 1.348296 2.631375 -2.000942
v 1.311059 2.563998 -2.000942
v 1.260948 2.504941 -2.000942
v 1.199886 2.456475 -2.000942
v 1.130221 2.420461 -2.000942
v 1.054631 2.398284 -2.000942
v 1.053120 3.162743 -1.983898
v 1.127258 3.140566 -1.967509
v 1.195584 3.104552 -1.952404
v 1.255473 3.056086 -1.939165
v 1.304622 2.997029 -1.928300
v 1.341143 2.929652 -1.920227
v 1.363632 2.856544 -1.915255
v 1.371226 2.780514 -1.913577
v 1.363632 2.704484 -1.915255
v 1.341143 2.631375 -1.920227
v 1.304622 2.563998 -1.928300
v 1.255473 2.504941 -1.939165
v 1.195584 2.456475 -1.952404
v 1.127258 2.420461 -1.967509
v 1.053120 2.398284 -1.983898
v 1.048647 3.162743 -1.967509
v 1.118483 3.140566 -1.935360
v 1.182845 3.104552 -1.905732
v 1.239259 3.056086 -1.879763
v 1.285556 2.997029 -1.858450
v 1.319958 2.929652 -1.842613
v 1.341143 2.856544 -1.832861
v 1.348296 2.780514 -1.829568
v 1.346576 2.703275 -1.830833
v 1.319958 2.631375 -1.842613
v 1.285556 2.563998 -1.858450
v 1.239259 2.504941 -1.879763
v 1.182845 2.456475 -1.905732
v 1.118483 2.420461 -1.935360
v 1.048647 2.398284 -1.967509
v 1.041382 3.162743 -1.952404
v 1.104233 3.140566 -1.905732
v 1.162158 3.104552 -1.862718
v 1.212928 3.056086 -1.825017
v 1.254595 2.997029 -1.794076
v 1.285556 2.929652 -1.771084
v 1.304622 2.856544 -1.756927
v 1.312136 2.780431 -1.751397
v 1.304622 2.704484 -1.756927
v 1.285556 2.631375 -1.771084
v 1.254595 2.563998 -1.794076
v 1.212928 2.504941 -1.825017
v 1.162158 2.456475 -1.862718
v 1.104233 2.420461 -1.905732
v 1.041382 2.398284 -1.952404
v 1.031606 3.162743 -1.939165
v 1.085056 3.140566 -1.879763
v 1.134317 3.104552 -1.825017
v 1.177494 3.056086 -1.777032
v 1.212928 2.997029 -1.737651
v 1.239259 2.929652 -1.708389
v 1.255473 2.856544 -1.690369
v 1.260947 2.780514 -1.684285
v 1.255777 2.704208 -1.690053
v 1.239259 2.631375 -1.708389
v 1.212928 2.563998 -1.737651
v 1.177494 2.504941 -1.777032
v 1.134317 2.456475 -1.825017
v 1.085056 2.420461 -1.879763
v 1.031606 2.398284 -1.939165
v 1.019693 3.162743 -1.928300
v 1.061689 3.140566 -1.858450
v 1.100393 3.104552 -1.794076
v 1.134317 3.056086 -1.737651
v 1.162158 2.997029 -1.691345
v 1.182845 2.929652 -1.656936
v 1.195584 2.856544 -1.635747
v 1.199886 2.780514 -1.628592
v 1.195584 2.704484 -1.635747
v 1.182845 2.631375 -1.656936
v 1.162158 2.563998 -1.691345
v 1.134317 2.504941 -1.737651
v 1.100393 2.456475 -1.794076
v 1.061689 2.420461 -1.858450
v 1.019693 2.398284 -1.928300
v 1.006102 3.162743 -1.920227
v 1.035030 3.140566 -1.842613
v 1.061689 3.104552 -1.771085
v 1.085056 3.056086 -1.708389
v 1.104233 2.997029 -1.656936
v 1.118483 2.929652 -1.618703
v 1.127258 2.856544 -1.595159
v 1.130221 2.780514 -1.587209
v 1.127258 2.704484 -1.595159
v 1.118483 2.631375 -1.618703
v 1.104233 2.563998 -1.656936
v 1.085056 2.504941 -1.708389
v 1.061689 2.456475 -1.771085
v 1.035030 2.420461 -1.842613
v 1.006102 2.398284 -1.920227
v 0.991355 3.162743 -1.915255
v 1.006102 3.140566 -1.832861
v 1.019693 3.104552 -1.756927
v 1.031606 3.056086 -1.690369
v 1.041382 2.997029 -1.635747
v 1.048647 2.929652 -1.595159
v 1.053120 2.856544 -1.570165
v 1.054630 2.780514 -1.561726
v 1.053120 2.704484 -1.570165
v 1.048647 2.631375 -1.595159
v 1.041382 2.563998 -1.635747
v 1.031606 2.504941 -1.690369
v 1.019693 2.456475 -1.756927
v 1.006102 2.420461 -1.832861
v 0.991355 2.398284 -1.915255
v 0.976019 3.162743 -1.913577
v 0.976019 3.140566 -1.829568
v 0.976019 3.104552 -1.752146
v 0.976019 3.056086 -1.684285
v 0.976019 2.997029 -1.628592
v 0.976019 2.929652 -1.587209
v 0.976019 2.856544 -1.561726
v 0.976019 2.780514 -1.553121
v 0.976019 2.704484 -1.561726
v 0.976019 2.631375 -1.587209
v 0.976019 2.563998 -1.628592
v 0.976019 2.504941 -1.684285
v 0.976019 2.456475 -1.752146
v 0.976019 2.420461 -1.829568
v 0.976019 2.398284 -1.913577
v 0.960683 3.162743 -1.915255
v 0.945935 3.140566 -1.832861
v 0.932345 3.104552 -1.756927
v 0.920432 3.056086 -1.690369
v 0.910656 2.997029 -1.635747
v 0.903391 2.929652 -1.595159
v 0.898918 2.856544 -1.570165
v 0.897407 2.780514 -1.561726
v 0.898918 2.704484 -1.570165
v 0.903391 2.631375 -1.595159
v 0.910656 2.563998 -1.635747
v 0.920432 2.504941 -1.690369
v 0.932345 2.456475 -1.756927
v 0.945935 2.420461 -1.832861
v 0.960683 2.398284 -1.915255
v 0.945935 3.162743 -1.920227
v 0.917008 3.140566 -1.842613
v 0.890349 3.104552 -1.771085
v 0.866981 3.056086 -1.708389
v 0.847804 2.997029 -1.656936
v 0.833555 2.929652 -1.618703
v 0.824780 2.856544 -1.595159
v 0.821817 2.780514 -1.587209
v 0.824780 2.704484 -1.595159
v 0.833555 2.631375 -1.618703
v 0.847804 2.563998 -1.656936
v 0.866981 2.504941 -1.708389
v 0.890349 2.456475 -1.771085
v 0.917008 2.420461 -1.842613
v 0.945935 2.398284 -1.920227
v 0.932345 3.162743 -1.928300
v 0.890349 3.140566 -1.858450
v 0.851645 3.104552 -1.794076
v 0.817721 3.056086 -1.737651
v 0.789880 2.997029 -1.691345
v 0.769193 2.929652 -1.656936
v 0.756453 2.856544 -1.635747
v 0.752152 2.780514 -1.628593
v 0.756453 2.704484 -1.635747
v 0.769193 2.631375 -1.656936
v 0.789880 2.563998 -1.691345
v 0.817721 2.504941 -1.737651
v 0.851645 2.456475 -1.794076
v 0.890349 2.420461 -1.858450
v 0.932345 2.398284 -1.928300
v 0.920432 3.162743 -1.939165
v 0.866981 3.140566 -1.879763
v 0.817721 3.104552 -1.825017
v 0.774544 3.056086 -1.777032
v 0.739109 2.997029 -1.737651
v 0.712779 2.929652 -1.708389
v 0.696565 2.856544 -1.690369
v 0.691090 2.780514 -1.684285
v 0.696565 2.704484 -1.690369
v 0.712779 2.631375 -1.708389
v 0.739109 2.563998 -1.737651
v 0.774544 2.504941 -1.777032
v 0.817721 2.456475 -1.825017
v 0.866981 2.420461 -1.879763
v 0.920432 2.398284 -1.939165
v 0.976019 2.390795 -2.000942
v 0.910656 3.162743 -1.952404
v 0.847804 3.140566 -1.905732
v 0.789880 3.104552 -1.862719
v 0.739109 3.056086 -1.825017
v 0.697443 2.997029 -1.794076
v 0.666482 2.929652 -1.771085
v 0.647416 2.856544 -1.756927
v 0.640978 2.780514 -1.752146
v 0.647416 2.704484 -1.756927
v 0.666482 2.631375 -1.771085
v 0.697443 2.563998 -1.794076
v 0.739109 2.504941 -1.825017
v 0.789880 2.456475 -1.862719
v 0.847804 2.420461 -1.905732
v 0.910656 2.398284 -1.952404
v 0.903391 3.162743 -1.967509
v 0.833555 3.140566 -1.935360
v 0.769193 3.104552 -1.905732
v 0.712779 3.056086 -1.879763
v 0.666482 2.997029 -1.858450
v 0.632080 2.929652 -1.842613
v 0.610895 2.856544 -1.832861
v 0.603742 2.780514 -1.829569
v 0.610895 2.704484 -1.832861
v 0.632080 2.631375 -1.842613
v 0.666482 2.563998 -1.858450
v 0.712779 2.504941 -1.879763
v 0.769193 2.456475 -1.905732
v 0.833555 2.420461 -1.935360
v 0.903391 2.398284 -1.967509
v 0.898918 3.162743 -1.983898
v 0.824780 3.140566 -1.967509
v 0.756454 3.104552 -1.952405
v 0.696565 3.056086 -1.939165
v 0.647416 2.997029 -1.928300
v 0.610895 2.929652 -1.920227
v 0.588405 2.856544 -1.915255
v 0.580812 2.780514 -1.913577
v 0.588405 2.704484 -1.915255
v 0.610895 2.631375 -1.920227
v 0.647416 2.563998 -1.928300
v 0.696565 2.504941 -1.939165
v 0.756454 2.456475 -1.952405
v 0.824780 2.420461 -1.967509
v 0.898918 2.398284 -1.983898
v 0.897407 3.162743 -2.000942
v 0.821817 3.140566 -2.000942
v 0.752152 3.104552 -2.000942
v 0.691090 3.056086 -2.000942
v 0.640978 2.997029 -2.000942
v 0.603742 2.929652 -2.000942
v 0.580812 2.856544 -2.000942
v 0.573069 2.780514 -2.000942
v 0.580812 2.704484 -2.000942
v 0.603742 2.631375 -2.000942
v 0.640978 2.563998 -2.000942
v 0.691090 2.504941 -2.000942
v 0.752152 2.456475 -2.000942
v 0.821817 2.420461 -2.000942
v 0.897407 2.398284 -2.000942
v 0.898918 3.162743 -2.017987
v 0.824780 3.140566 -2.034376
v 0.756454 3.104552 -2.049480
v 0.696565 3.056086 -2.062719
v 0.647416 2.997029 -2.073584
v 0.610895 2.929652 -2.081658
v 0.588405 2.856544 -2.086629
v 0.580812 2.780514 -2.088308
v 0.588405 2.704484 -2.086629
v 0.610895 2.631375 -2.081658
v 0.647416 2.563998 -2.073584
v 0.696565 2.504941 -2.062719
v 0.756454 2.456475 -2.049480
v 0.824780 2.420461 -2.034376
v 0.898918 2.398284 -2.017987
v 0.903391 3.162743 -2.034376
v 0.833555 3.140566 -2.066524
v 0.769193 3.104552 -2.096152
v 0.712779 3.056086 -2.122122
v 0.666482 2.997029 -2.143435
v 0.632080 2.929652 -2.159271
v 0.610895 2.856544 -2.169024
v 0.603742 2.780514 -2.172316
v 0.610895 2.704484 -2.169024
v 0.632080 2.631375 -2.159271
v 0.666482 2.563998 -2.143435
v 0.712779 2.504941 -2.122122
v 0.769193 2.456475 -2.096152
v 0.833555 2.420461 -2.066524
v 0.903391 2.398284 -2.034376
v 0.910656 3.162743 -2.049480
v 0.847804 3.140566 -2.096152
v 0.789880 3.104552 -2.139166
v 0.739109 3.056086 -2.176868
v 0.697443 2.997029 -2.207809
v 0.666482 2.929652 -2.230800
v 0.647416 2.856544 -2.244958
v 0.640979 2.780514 -2.249739
v 0.647416 2.704484 -2.244958
v 0.666482 2.631375 -2.230800
v 0.697443 2.563998 -2.207809
v 0.739109 2.504941 -2.176868
v 0.789880 2.456475 -2.139166
v 0.847804 2.420461 -2.096152
v 0.910656 2.398284 -2.049480
v 0.920432 3.162743 -2.062719
v 0.866981 3.140566 -2.122122
v 0.817721 3.104552 -2.176868
v 0.774544 3.056086 -2.224853
v 0.739110 2.997029 -2.264233
v 0.712779 2.929652 -2.293496
v 0.696565 2.856544 -2.311515
v 0.691091 2.780514 -2.317600
v 0.696565 2.704484 -2.311515
v 0.712779 2.631375 -2.293496
v 0.739110 2.563998 -2.264233
v 0.774544 2.504941 -2.224853
v 0.817721 2.456475 -2.176868
v 0.866981 2.420461 -2.122122
v 0.920432 2.398284 -2.062719
v 0.932345 3.162743 -2.073584
v 0.890349 3.140566 -2.143435
v 0.851645 3.104552 -2.207809
v 0.817721 3.056086 -2.264233
v 0.789880 2.997029 -2.310540
v 0.769193 2.929652 -2.344949
v 0.756454 2.856544 -2.366138
v 0.752152 2.780514 -2.373292
v 0.756454 2.704484 -2.366138
v 0.769193 2.631375 -2.344949
v 0.789880 2.563998 -2.310540
v 0.817721 2.504941 -2.264233
v 0.851645 2.456475 -2.207809
v 0.890349 2.420461 -2.143435
v 0.932345 2.398284 -2.073584
v 0.945935 3.162743 -2.081658
v 0.917008 3.140566 -2.159271
v 0.890349 3.104552 -2.230800
v 0.866981 3.056086 -2.293496
v 0.847804 2.997029 -2.344949
v 0.833555 2.929652 -2.383182
v 0.824780 2.856544 -2.406725
v 0.821817 2.780514 -2.414675
v 0.824780 2.704484 -2.406725
v 0.833555 2.631375 -2.383182
v 0.847804 2.563998 -2.344949
v 0.866981 2.504941 -2.293496
v 0.890349 2.456475 -2.230800
v 0.917008 2.420461 -2.159271
v 0.945935 2.398284 -2.081658
v 0.960683 3.162743 -2.086629
v 0.945936 3.140566 -2.169023
v 0.932345 3.104552 -2.244958
v 0.920432 3.056086 -2.311516
v 0.910656 2.997029 -2.366138
v 0.903391 2.929652 -2.406725
v 0.898918 2.856544 -2.431719
v 0.897408 2.780514 -2.440158
v 0.898918 2.704484 -2.431719
v 0.903391 2.631375 -2.406725
v 0.910656 2.563998 -2.366138
v 0.920432 2.504941 -2.311516
v 0.932345 2.456475 -2.244958
v 0.945936 2.420461 -2.169023
v 0.960683 2.398284 -2.086629
v 0.976019 3.162743 -2.088308
v 0.976019 3.140566 -2.172316
v 0.976019 3.056086 -2.317600
v 0.976019 2.929652 -2.414675
v 0.976019 2.631375 -2.414675
v 0.976019 2.504941 -2.317600
v 0.976019 2.456475 -2.249738
v 0.976019 2.420461 -2.172316
v 0.976019 2.398284 -2.088308
v 0.971168 3.421825 -2.079616
v 0.971168 3.328542 -2.147029
v 0.971168 3.206662 -2.183512
v 0.971168 3.140701 -2.188208
v 0.971168 3.074739 -2.183512
v 0.971168 2.952859 -2.147029
v 0.982948 3.472310 -1.990620
v 0.994274 3.453070 -2.035576
v 1.004713 3.421825 -2.077007
v 1.013862 3.379778 -2.113322
v 1.021371 3.328542 -2.143125
v 1.026951 3.270088 -2.165271
v 1.030387 3.206662 -2.178908
v 1.031547 3.140701 -2.183512
v 1.030387 3.074739 -2.178908
v 1.026951 3.011313 -2.165271
v 1.021371 2.952859 -2.143125
v 1.013862 2.901623 -2.113322
v 1.004713 2.859576 -2.077007
v 0.994274 2.828332 -2.035576
v 0.982948 2.809092 -1.990620
v 0.994274 3.472310 -1.987908
v 1.016492 3.453070 -2.030255
v 1.036968 3.421825 -2.069283
v 1.054916 3.379778 -2.103490
v 1.069645 3.328542 -2.131564
v 1.080590 3.270088 -2.152425
v 1.087329 3.206662 -2.165271
v 1.089605 3.140701 -2.169608
v 1.087329 3.074739 -2.165271
v 1.080590 3.011313 -2.152425
v 1.069645 2.952859 -2.131564
v 1.054916 2.901623 -2.103490
v 1.036968 2.859576 -2.069283
v 1.016492 2.828332 -2.030255
v 0.994274 2.809092 -1.987908
v 1.004713 3.472310 -1.983503
v 1.036968 3.453070 -2.021614
v 1.066695 3.421825 -2.056738
v 1.092751 3.379778 -2.087524
v 1.114134 3.328542 -2.112790
v 1.130023 3.270088 -2.131564
v 1.139808 3.206662 -2.143125
v 1.143112 3.140701 -2.147029
v 1.139808 3.074739 -2.143125
v 1.130023 3.011313 -2.131564
v 1.114134 2.952859 -2.112790
v 1.092751 2.901623 -2.087524
v 1.066695 2.859576 -2.056738
v 1.036968 2.828332 -2.021614
v 1.004713 2.809092 -1.983503
v 1.013862 3.472310 -1.977575
v 1.054916 3.453070 -2.009986
v 1.092751 3.421825 -2.039856
v 1.125914 3.379778 -2.066038
v 1.153129 3.328542 -2.087524
v 1.173353 3.270088 -2.103490
v 1.185806 3.206662 -2.113322
v 1.190011 3.140701 -2.116642
v 1.185806 3.074739 -2.113322
v 1.173353 3.011313 -2.103490
v 1.153129 2.952859 -2.087524
v 1.125914 2.901623 -2.066038
v 1.092751 2.859576 -2.039856
v 1.054916 2.828332 -2.009986
v 1.013862 2.809092 -1.977575
v 1.021371 3.472310 -1.970351
v 1.069645 3.453070 -1.995816
v 1.114134 3.421825 -2.019285
v 1.153129 3.379778 -2.039856
v 1.185132 3.328542 -2.056738
v 1.208912 3.270088 -2.069283
v 1.223556 3.206662 -2.077007
v 1.228500 3.140701 -2.079616
v 1.223556 3.074739 -2.077007
v 1.208912 3.011313 -2.069283
v 1.185132 2.952859 -2.056738
v 1.153129 2.901623 -2.039856
v 1.114134 2.859576 -2.019285
v 1.069645 2.828332 -1.995816
v 1.021371 2.809092 -1.970351
v 0.971168 3.478806 -1.943868
v 1.026951 3.472310 -1.962110
v 1.080590 3.453070 -1.979651
v 1.130023 3.421825 -1.995816
v 1.173353 3.379778 -2.009986
v 1.208912 3.328542 -2.021614
v 1.235335 3.270088 -2.030255
v 1.251606 3.206662 -2.035576
v 1.257100 3.140701 -2.037373
v 1.251606 3.074739 -2.035576
v 1.235335 3.011313 -2.030255
v 1.208912 2.952859 -2.021614
v 1.173353 2.901623 -2.009986
v 1.130023 2.859576 -1.995816
v 1.080590 2.828332 -1.979651
v 1.026951 2.809092 -1.962110
v 1.030387 3.472310 -1.953168
v 1.087329 3.453070 -1.962110
v 1.139808 3.421825 -1.970351
v 1.185806 3.379778 -1.977575
v 1.223556 3.328542 -1.983503
v 1.251606 3.270088 -1.987908
v 1.268879 3.206662 -1.990620
v 1.274712 3.140701 -1.991536
v 1.268879 3.074739 -1.990620
v 1.251606 3.011313 -1.987908
v 1.223556 2.952859 -1.983503
v 1.185806 2.901623 -1.977575
v 1.139808 2.859576 -1.970351
v 1.087329 2.828332 -1.962110
v 1.030387 2.809092 -1.953168
v 1.031547 3.472310 -1.943868
v 1.089605 3.453070 -1.943868
v 1.143112 3.421825 -1.943868
v 1.190011 3.379778 -1.943868
v 1.228500 3.328542 -1.943868
v 1.257100 3.270088 -1.943868
v 1.274712 3.206662 -1.943868
v 1.280659 3.140701 -1.943868
v 1.274712 3.074739 -1.943868
v 1.257100 3.011313 -1.943868
v 1.228500 2.952859 -1.943868
v 1.190011 2.901623 -1.943868
v 1.143112 2.859576 -1.943868
v 1.089605 2.828332 -1.943868
v 1.031547 2.809092 -1.943868
v 1.030387 3.472310 -1.934568
v 1.087329 3.453070 -1.925626
v 1.139808 3.421825 -1.917385
v 1.185806 3.379778 -1.910161
v 1.223556 3.328542 -1.904233
v 1.251606 3.270088 -1.899828
v 1.268879 3.206662 -1.897116
v 1.274712 3.140701 -1.896200
v 1.268879 3.074739 -1.897116
v 1.251606 3.011313 -1.899828
v 1.223556 2.952859 -1.904233
v 1.185806 2.901623 -1.910161
v 1.139808 2.859576 -1.917385
v 1.087329 2.828332 -1.925626
v 1.030387 2.809092 -1.934568
v 1.026951 3.472310 -1.925626
v 1.080590 3.453070 -1.908085
v 1.130023 3.421825 -1.891920
v 1.173353 3.379778 -1.877750
v 1.208912 3.328542 -1.866122
v 1.235335 3.270088 -1.857481
v 1.251606 3.206662 -1.852160
v 1.257100 3.140701 -1.850363
v 1.251606 3.074739 -1.852160
v 1.235335 3.011313 -1.857481
v 1.208912 2.952859 -1.866122
v 1.173353 2.901623 -1.877750
v 1.130023 2.859576 -1.891920
v 1.080590 2.828332 -1.908085
v 1.026951 2.809092 -1.925626
v 1.021371 3.472310 -1.917385
v 1.069645 3.453070 -1.891920
v 1.114134 3.421825 -1.868451
v 1.153129 3.379778 -1.847880
v 1.185132 3.328542 -1.830998
v 1.208912 3.270088 -1.818454
v 1.223556 3.206662 -1.810729
v 1.228500 3.140701 -1.808120
v 1.223556 3.074739 -1.810729
v 1.208912 3.011313 -1.818454
v 1.185132 2.952859 -1.830998
v 1.153129 2.901623 -1.847880
v 1.114134 2.859576 -1.868451
v 1.069645 2.828332 -1.891920
v 1.021371 2.809092 -1.917385
v 1.013862 3.472310 -1.910161
v 1.054916 3.453070 -1.877750
v 1.092751 3.421825 -1.847880
v 1.125913 3.379778 -1.821698
v 1.153129 3.328542 -1.800212
v 1.173353 3.270088 -1.784246
v 1.185806 3.206662 -1.774414
v 1.190011 3.140701 -1.771094
v 1.185806 3.074739 -1.774414
v 1.173353 3.011313 -1.784246
v 1.153129 2.952859 -1.800212
v 1.125913 2.901623 -1.821698
v 1.092751 2.859576 -1.847880
v 1.054916 2.828332 -1.877750
v 1.013862 2.809092 -1.910161
v 1.004713 3.472310 -1.904233
v 1.036968 3.453070 -1.866122
v 1.066695 3.421825 -1.830998
v 1.092751 3.379778 -1.800212
v 1.114134 3.328542 -1.774946
v 1.130023 3.270088 -1.756172
v 1.139808 3.206662 -1.744611
v 1.143112 3.140701 -1.740707
v 1.139808 3.074739 -1.744611
v 1.130023 3.011313 -1.756172
v 1.114134 2.952859 -1.774946
v 1.092751 2.901623 -1.800212
v 1.066695 2.859576 -1.830998
v 1.036968 2.828332 -1.866122
v 1.004713 2.809092 -1.904233
v 0.994274 3.472310 -1.899828
v 1.016492 3.453070 -1.857481
v 1.036968 3.421825 -1.818454
v 1.054916 3.379778 -1.784246
v 1.069645 3.328542 -1.756172
v 1.080590 3.270088 -1.735311
v 1.087329 3.206662 -1.722466
v 1.089605 3.140701 -1.718128
v 1.087329 3.074739 -1.722466
v 1.080590 3.011313 -1.735311
v 1.069645 2.952859 -1.756172
v 1.054916 2.901623 -1.784246
v 1.036968 2.859576 -1.818454
v 1.016492 2.828332 -1.857481
v 0.994274 2.809092 -1.899828
v 0.982948 3.472310 -1.897116
v 0.994274 3.453070 -1.852160
v 1.004713 3.421825 -1.810729
v 1.013862 3.379778 -1.774414
v 1.021371 3.328542 -1.744611
v 1.026951 3.270088 -1.722466
v 1.030387 3.206662 -1.708828
v 1.031547 3.140701 -1.704224
v 1.030387 3.074739 -1.708828
v 1.026951 3.011313 -1.722466
v 1.021371 2.952859 -1.744611
v 1.013862 2.901623 -1.774414
v 1.004713 2.859576 -1.810729
v 0.994274 2.828332 -1.852160
v 0.982948 2.809092 -1.897116
v 0.971168 3.472310 -1.896200
v 0.971168 3.453070 -1.850363
v 0.971168 3.421825 -1.808120
v 0.971168 3.379778 -1.771094
v 0.971168 3.328542 -1.740707
v 0.971168 3.270088 -1.718128
v 0.971168 3.206662 -1.704224
v 0.971168 3.140701 -1.699529
v 0.971168 3.074739 -1.704224
v 0.971168 3.011313 -1.718128
v 0.971168 2.952859 -1.740707
v 0.971168 2.901623 -1.771094
v 0.971168 2.859576 -1.808120
v 0.971168 2.828332 -1.850363
v 0.971168 2.809092 -1.896200
v 0.959389 3.472310 -1.897116
v 0.948062 3.453070 -1.852160
v 0.937624 3.421825 -1.810729
v 0.928474 3.379778 -1.774414
v 0.920965 3.328542 -1.744611
v 0.915386 3.270088 -1.722466
v 0.911950 3.206662 -1.708828
v 0.910790 3.140701 -1.704224
v 0.911950 3.074739 -1.708828
v 0.915386 3.011313 -1.722466
v 0.920965 2.952859 -1.744611
v 0.928474 2.901623 -1.774414
v 0.937624 2.859576 -1.810729
v 0.948062 2.828332 -1.852160
v 0.959389 2.809092 -1.897116
v 0.948062 3.472310 -1.899828
v 0.925844 3.453070 -1.857481
v 0.905368 3.421825 -1.818454
v 0.887421 3.379778 -1.784246
v 0.872692 3.328542 -1.756172
v 0.861747 3.270088 -1.735312
v 0.855007 3.206662 -1.722466
v 0.852731 3.140701 -1.718128
v 0.855007 3.074739 -1.722466
v 0.861747 3.011313 -1.735312
v 0.872692 2.952859 -1.756172
v 0.887421 2.901623 -1.784246
v 0.905368 2.859576 -1.818454
v 0.925844 2.828332 -1.857481
v 0.948062 2.809092 -1.899828
v 0.937624 3.472310 -1.904233
v 0.905368 3.453070 -1.866122
v 0.875641 3.421825 -1.830998
v 0.849586 3.379778 -1.800212
v 0.828202 3.328542 -1.774946
v 0.812313 3.270088 -1.756172
v 0.802528 3.206662 -1.744611
v 0.799225 3.140701 -1.740708
v 0.802528 3.074739 -1.744611
v 0.812313 3.011313 -1.756172
v 0.828202 2.952859 -1.774946
v 0.849586 2.901623 -1.800212
v 0.875641 2.859576 -1.830998
v 0.905368 2.828332 -1.866122
v 0.937624 2.809092 -1.904233
v 0.928474 3.472310 -1.910161
v 0.887421 3.453070 -1.877750
v 0.849586 3.421825 -1.847880
v 0.816423 3.379778 -1.821698
v 0.789207 3.328542 -1.800212
v 0.768984 3.270088 -1.784246
v 0.756530 3.206662 -1.774414
v 0.752325 3.140701 -1.771094
v 0.756530 3.074739 -1.774414
v 0.768984 3.011313 -1.784246
v 0.789207 2.952859 -1.800212
v 0.816423 2.901623 -1.821698
v 0.849586 2.859576 -1.847880
v 0.887421 2.828332 -1.877750
v 0.928474 2.809092 -1.910161
v 0.971168 2.802595 -1.943868
v 0.920965 3.472310 -1.917385
v 0.872692 3.453070 -1.891920
v 0.828202 3.421825 -1.868451
v 0.789207 3.379778 -1.847880
v 0.757205 3.328542 -1.830998
v 0.733425 3.270088 -1.818454
v 0.718781 3.206662 -1.810729
v 0.713836 3.140701 -1.808121
v 0.718781 3.074739 -1.810729
v 0.733425 3.011313 -1.818454
v 0.757205 2.952859 -1.830998
v 0.789207 2.901623 -1.847880
v 0.828202 2.859576 -1.868451
v 0.872692 2.828332 -1.891920
v 0.920965 2.809092 -1.917385
v 0.915386 3.472310 -1.925626
v 0.861747 3.453070 -1.908085
v 0.812313 3.421825 -1.891920
v 0.768984 3.379778 -1.877750
v 0.733425 3.328542 -1.866122
v 0.707002 3.270088 -1.857481
v 0.690730 3.206662 -1.852160
v 0.685237 3.140701 -1.850364
v 0.690730 3.074739 -1.852160
v 0.707002 3.011313 -1.857481
v 0.733425 2.952859 -1.866122
v 0.768984 2.901623 -1.877750
v 0.812313 2.859576 -1.891920
v 0.861747 2.828332 -1.908085
v 0.915386 2.809092 -1.925626
v 0.911950 3.472310 -1.934568
v 0.855007 3.453070 -1.925626
v 0.802529 3.421825 -1.917385
v 0.756530 3.379778 -1.910161
v 0.718781 3.328542 -1.904233
v 0.690730 3.270088 -1.899828
v 0.673457 3.206662 -1.897116
v 0.667625 3.140701 -1.896200
v 0.673457 3.074739 -1.897116
v 0.690730 3.011313 -1.899828
v 0.718781 2.952859 -1.904233
v 0.756530 2.901623 -1.910161
v 0.802529 2.859576 -1.917385
v 0.855007 2.828332 -1.925626
v 0.911950 2.809092 -1.934568
v 0.910790 3.472310 -1.943868
v 0.852731 3.453070 -1.943868
v 0.799225 3.421825 -1.943868
v 0.752325 3.379778 -1.943868
v 0.713836 3.328542 -1.943868
v 0.685236 3.270088 -1.943868
v 0.667625 3.206662 -1.943868
v 0.661678 3.140701 -1.943868
v 0.667625 3.074739 -1.943868
v 0.685236 3.011313 -1.943868
v 0.713836 2.952859 -1.943868
v 0.752325 2.901623 -1.943868
v 0.799225 2.859576 -1.943868
v 0.852731 2.828332 -1.943868
v 0.910790 2.809092 -1.943868
v 0.911950 3.472310 -1.953168
v 0.855007 3.453070 -1.962110
v 0.802529 3.421825 -1.970351
v 0.756530 3.379778 -1.977575
v 0.718781 3.328542 -1.983503
v 0.690730 3.270088 -1.987908
v 0.673457 3.206662 -1.990620
v 0.667625 3.140701 -1.991536
v 0.673457 3.074739 -1.990620
v 0.690730 3.011313 -1.987908
v 0.718781 2.952859 -1.983503
v 0.756530 2.901623 -1.977575
v 0.802529 2.859576 -1.970351
v 0.855007 2.828332 -1.962110
v 0.911950 2.809092 -1.953168
v 0.915386 3.472310 -1.962110
v 0.861747 3.453070 -1.979651
v 0.812313 3.421825 -1.995816
v 0.768984 3.379778 -2.009986
v 0.733425 3.328542 -2.021614
v 0.707002 3.270088 -2.030255
v 0.690731 3.206662 -2.035576
v 0.685237 3.140701 -2.037373
v 0.690731 3.074739 -2.035576
v 0.707002 3.011313 -2.030255
v 0.733425 2.952859 -2.021614
v 0.768984 2.901623 -2.009986
v 0.812313 2.859576 -1.995816
v 0.861747 2.828332 -1.979651
v 0.915386 2.809092 -1.962110
v 0.920965 3.472310 -1.970351
v 0.872692 3.453070 -1.995816
v 0.828202 3.421825 -2.019285
v 0.789207 3.379778 -2.039856
v 0.757205 3.328542 -2.056738
v 0.733425 3.270088 -2.069283
v 0.718781 3.206662 -2.077007
v 0.713837 3.140701 -2.079616
v 0.718781 3.074739 -2.077007
v 0.733425 3.011313 -2.069283
v 0.757205 2.952859 -2.056738
v 0.789207 2.901623 -2.039856
v 0.828202 2.859576 -2.019285
v 0.872692 2.828332 -1.995816
v 0.920965 2.809092 -1.970351
v 0.928474 3.472310 -1.977575
v 0.887421 3.453070 -2.009986
v 0.849586 3.421825 -2.039856
v 0.816423 3.379778 -2.066038
v 0.789207 3.328542 -2.087524
v 0.768984 3.270088 -2.103490
v 0.756531 3.206662 -2.113322
v 0.752326 3.140701 -2.116642
v 0.756531 3.074739 -2.113322
v 0.768984 3.011313 -2.103490
v 0.789207 2.952859 -2.087524
v 0.816423 2.901623 -2.066038
v 0.849586 2.859576 -2.039856
v 0.887421 2.828332 -2.009986
v 0.928474 2.809092 -1.977575
v 0.937624 3.472310 -1.983503
v 0.905368 3.453070 -2.021614
v 0.875642 3.421825 -2.056738
v 0.849586 3.379778 -2.087524
v 0.828202 3.328542 -2.112790
v 0.812313 3.270088 -2.131564
v 0.802529 3.206662 -2.143125
v 0.799225 3.140701 -2.147028
v 0.802529 3.074739 -2.143125
v 0.812313 3.011313 -2.131564
v 0.828202 2.952859 -2.112790
v 0.849586 2.901623 -2.087524
v 0.875642 2.859576 -2.056738
v 0.905368 2.828332 -2.021614
v 0.937624 2.809092 -1.983503
v 0.948062 3.472310 -1.987908
v 0.925844 3.453070 -2.030255
v 0.905368 3.421825 -2.069283
v 0.887421 3.379778 -2.103490
v 0.872692 3.328542 -2.131564
v 0.861747 3.270088 -2.152425
v 0.855007 3.206662 -2.165271
v 0.852732 3.140701 -2.169608
v 0.855007 3.074739 -2.165271
v 0.861747 3.011313 -2.152425
v 0.872692 2.952859 -2.131564
v 0.887421 2.901623 -2.103490
v 0.905368 2.859576 -2.069283
v 0.925844 2.828332 -2.030255
v 0.948062 2.809092 -1.987908
v 0.959389 3.472310 -1.990620
v 0.948062 3.453070 -2.035576
v 0.937624 3.421825 -2.077007
v 0.928474 3.379778 -2.113322
v 0.920965 3.328542 -2.143125
v 0.915386 3.270088 -2.165271
v 0.911950 3.206662 -2.178907
v 0.910790 3.140701 -2.183512
v 0.911950 3.074739 -2.178907
v 0.915386 3.011313 -2.165271
v 0.920965 2.952859 -2.143125
v 0.928474 2.901623 -2.113322
v 0.937624 2.859576 -2.077007
v 0.948062 2.828332 -2.035576
v 0.959389 2.809092 -1.990620
v 0.971168 3.472310 -1.991536
v 0.971168 3.453070 -2.037373
v 0.971168 3.379778 -2.116642
v 0.971168 3.270088 -2.169608
v 0.971168 3.011313 -2.169608
v 0.971168 2.901623 -2.116642
v 0.971168 2.859576 -2.079616
v 0.971168 2.828332 -2.037373
v 0.971168 2.809092 -1.991536
v 0.970731 3.513550 -2.024168
v 0.970731 3.487736 -2.049982
v 0.970731 3.454007 -2.063953
v 0.970731 3.435754 -2.065751
v 0.970731 3.417500 -2.063953
v 0.970731 3.383772 -2.049982
v 0.974292 3.527520 -1.990089
v 0.977716 3.522196 -2.007303
v 0.980872 3.513550 -2.023169
v 0.983638 3.501914 -2.037075
v 0.985908 3.487736 -2.048487
v 0.987595 3.471559 -2.056967
v 0.988634 3.454007 -2.062189
v 0.988984 3.435754 -2.063953
v 0.988634 3.417500 -2.062189
v 0.987595 3.399948 -2.056967
v 0.985908 3.383772 -2.048487
v 0.983638 3.369594 -2.037075
v 0.980872 3.357958 -2.023169
v 0.977716 3.349311 -2.007303
v 0.974292 3.343987 -1.990089
v 0.977716 3.527520 -1.989050
v 0.984433 3.522196 -2.005266
v 0.990623 3.513550 -2.020211
v 0.996049 3.501914 -2.033310
v 1.000502 3.487736 -2.044060
v 1.003811 3.471559 -2.052048
v 1.005848 3.454007 -2.056967
v 1.006536 3.435754 -2.058628
v 1.005848 3.417500 -2.056967
v 1.003811 3.399948 -2.052048
v 1.000502 3.383772 -2.044060
v 0.996049 3.369594 -2.033310
v 0.990623 3.357958 -2.020211
v 0.984433 3.349311 -2.005266
v 0.977716 3.343987 -1.989050
v 0.980872 3.527520 -1.987363
v 0.990623 3.522196 -2.001957
v 0.999610 3.513550 -2.015407
v 1.007487 3.501914 -2.027196
v 1.013952 3.487736 -2.036871
v 1.018756 3.471559 -2.044060
v 1.021714 3.454007 -2.048487
v 1.022713 3.435754 -2.049982
v 1.021714 3.417500 -2.048487
v 1.018756 3.399948 -2.044060
v 1.013952 3.383772 -2.036871
v 1.007487 3.369594 -2.027196
v 0.999610 3.357958 -2.015407
v 0.990623 3.349311 -2.001957
v 0.980872 3.343987 -1.987363
v 0.983638 3.527520 -1.985093
v 0.996049 3.522196 -1.997504
v 1.007487 3.513550 -2.008943
v 1.017513 3.501914 -2.018968
v 1.025741 3.487736 -2.027196
v 1.031855 3.471559 -2.033310
v 1.035620 3.454007 -2.037075
v 1.036891 3.435754 -2.038346
v 1.035620 3.417500 -2.037075
v 1.031855 3.399948 -2.033310
v 1.025741 3.383772 -2.027196
v 1.017513 3.369594 -2.018968
v 1.007487 3.357958 -2.008943
v 0.996049 3.349311 -1.997504
v 0.983638 3.343987 -1.985093
v 0.985908 3.527520 -1.982327
v 1.000502 3.522196 -1.992079
v 1.013952 3.513550 -2.001065
v 1.025741 3.501914 -2.008943
v 1.035416 3.487736 -2.015407
v 1.042605 3.471559 -2.020211
v 1.047032 3.454007 -2.023169
v 1.048527 3.435754 -2.024168
v 1.047032 3.417500 -2.023169
v 1.042605 3.399948 -2.020211
v 1.035416 3.383772 -2.015407
v 1.025741 3.369594 -2.008943
v 1.013952 3.357958 -2.001065
v 1.000502 3.349311 -1.992079
v 0.985908 3.343987 -1.982327
v 0.970731 3.529318 -1.972186
v 0.987595 3.527520 -1.979171
v 1.003811 3.522196 -1.985888
v 1.018756 3.513550 -1.992078
v 1.031855 3.501914 -1.997504
v 1.042605 3.487736 -2.001957
v 1.050593 3.471559 -2.005266
v 1.055512 3.454007 -2.007303
v 1.057173 3.435754 -2.007992
v 1.055512 3.417500 -2.007303
v 1.050593 3.399948 -2.005266
v 1.042605 3.383772 -2.001957
v 1.031855 3.369594 -1.997504
v 1.018756 3.357958 -1.992078
v 1.003811 3.349311 -1.985888
v 0.987595 3.343987 -1.979171
v 0.988634 3.527520 -1.975747
v 1.005848 3.522196 -1.979171
v 1.021714 3.513550 -1.982327
v 1.035620 3.501914 -1.985093
v 1.047032 3.487736 -1.987363
v 1.055512 3.471559 -1.989050
v 1.060734 3.454007 -1.990089
v 1.062498 3.435754 -1.990439
v 1.060734 3.417500 -1.990089
v 1.055512 3.399948 -1.989050
v 1.047032 3.383772 -1.987363
v 1.035620 3.369594 -1.985093
v 1.021714 3.357958 -1.982327
v 1.005848 3.349311 -1.979171
v 0.988634 3.343987 -1.975747
v 0.988984 3.527520 -1.972186
v 1.006536 3.522196 -1.972186
v 1.022712 3.513550 -1.972186
v 1.036891 3.501914 -1.972186
v 1.048527 3.487736 -1.972186
v 1.057173 3.471559 -1.972186
v 1.062498 3.454007 -1.972186
v 1.064295 3.435754 -1.972186
v 1.062498 3.417500 -1.972186
v 1.057173 3.399948 -1.972186
v 1.048527 3.383772 -1.972186
v 1.036891 3.369594 -1.972186
v 1.022712 3.357958 -1.972186
v 1.006536 3.349311 -1.972186
v 0.988984 3.343987 -1.972186
v 0.988634 3.527520 -1.968625
v 1.005848 3.522196 -1.965201
v 1.021714 3.513550 -1.962045
v 1.035620 3.501914 -1.959279
v 1.047032 3.487736 -1.957009
v 1.055512 3.471559 -1.955322
v 1.060734 3.454007 -1.954283
v 1.062498 3.435754 -1.953932
v 1.060734 3.417500 -1.954283
v 1.055512 3.399948 -1.955322
v 1.047032 3.383772 -1.957009
v 1.035620 3.369594 -1.959279
v 1.021714 3.357958 -1.962045
v 1.005848 3.349311 -1.965201
v 0.988634 3.343987 -1.968625
v 0.987595 3.527520 -1.965201
v 1.003811 3.522196 -1.958484
v 1.018756 3.513550 -1.952293
v 1.031855 3.501914 -1.946867
v 1.042605 3.487736 -1.942415
v 1.050593 3.471559 -1.939106
v 1.055512 3.454007 -1.937068
v 1.057173 3.435754 -1.936380
v 1.055512 3.417500 -1.937068
v 1.050593 3.399948 -1.939106
v 1.042605 3.383772 -1.942415
v 1.031855 3.369594 -1.946867
v 1.018756 3.357958 -1.952293
v 1.003811 3.349311 -1.958484
v 0.987595 3.343987 -1.965201
v 0.985908 3.527520 -1.962045
v 1.000502 3.522196 -1.952293
v 1.013952 3.513550 -1.943306
v 1.025741 3.501914 -1.935429
v 1.035416 3.487736 -1.928965
v 1.042605 3.471559 -1.924161
v 1.047032 3.454007 -1.921203
v 1.048527 3.435754 -1.920204
v 1.047032 3.417500 -1.921203
v 1.042605 3.399948 -1.924161
v 1.035416 3.383772 -1.928965
v 1.025741 3.369594 -1.935429
v 1.013952 3.357958 -1.943306
v 1.000502 3.349311 -1.952293
v 0.985908 3.343987 -1.962045
v 0.983638 3.527520 -1.959279
v 0.996049 3.522196 -1.946867
v 1.007487 3.513550 -1.935429
v 1.017513 3.501914 -1.925404
v 1.025741 3.487736 -1.917176
v 1.031855 3.471559 -1.911062
v 1.035620 3.454007 -1.907297
v 1.036891 3.435754 -1.906026
v 1.035620 3.417500 -1.907297
v 1.031855 3.399948 -1.911062
v 1.025741 3.383772 -1.917176
v 1.017513 3.369594 -1.925404
v 1.007487 3.357958 -1.935429
v 0.996049 3.349311 -1.946867
v 0.983638 3.343987 -1.959279
v 0.980872 3.527520 -1.957009
v 0.990623 3.522196 -1.942415
v 0.999610 3.513550 -1.928965
v 1.007487 3.501914 -1.917176
v 1.013952 3.487736 -1.907501
v 1.018756 3.471559 -1.900312
v 1.021714 3.454007 -1.895885
v 1.022712 3.435754 -1.894390
v 1.021714 3.417500 -1.895885
v 1.018756 3.399948 -1.900312
v 1.013952 3.383772 -1.907501
v 1.007487 3.369594 -1.917176
v 0.999610 3.357958 -1.928965
v 0.990623 3.349311 -1.942415
v 0.980872 3.343987 -1.957009
v 0.977716 3.527520 -1.955322
v 0.984433 3.522196 -1.939106
v 0.990623 3.513550 -1.924161
v 0.996049 3.501914 -1.911062
v 1.000502 3.487736 -1.900312
v 1.003811 3.471559 -1.892324
v 1.005848 3.454007 -1.887404
v 1.006536 3.435754 -1.885744
v 1.005848 3.417500 -1.887404
v 1.003811 3.399948 -1.892324
v 1.000502 3.383772 -1.900312
v 0.996049 3.369594 -1.911062
v 0.990623 3.357958 -1.924161
v 0.984433 3.349311 -1.939106
v 0.977716 3.343987 -1.955322
v 0.974292 3.527520 -1.954283
v 0.977716 3.522196 -1.937068
v 0.980872 3.513550 -1.921203
v 0.983638 3.501914 -1.907297
v 0.985908 3.487736 -1.895885
v 0.987595 3.471559 -1.887404
v 0.988634 3.454007 -1.882182
v 0.988984 3.435754 -1.880419
v 0.988634 3.417500 -1.882182
v 0.987595 3.399948 -1.887404
v 0.985908 3.383772 -1.895885
v 0.983638 3.369594 -1.907297
v 0.980872 3.357958 -1.921203
v 0.977716 3.349311 -1.937068
v 0.974292 3.343987 -1.954283
v 0.970731 3.527520 -1.953932
v 0.970731 3.522196 -1.936380
v 0.970731 3.513550 -1.920204
v 0.970731 3.501914 -1.906026
v 0.970731 3.487736 -1.894390
v 0.970731 3.471559 -1.885744
v 0.970731 3.454007 -1.880419
v 0.970731 3.435754 -1.878621
v 0.970731 3.417500 -1.880419
v 0.970731 3.399948 -1.885744
v 0.970731 3.383772 -1.894390
v 0.970731 3.369594 -1.906026
v 0.970731 3.357958 -1.920204
v 0.970731 3.349311 -1.936380
v 0.970731 3.343987 -1.953932
v 0.967170 3.527520 -1.954283
v 0.963745 3.522196 -1.937068
v 0.960590 3.513550 -1.921203
v 0.957824 3.501914 -1.907297
v 0.955554 3.487736 -1.895885
v 0.953867 3.471559 -1.887404
v 0.952828 3.454007 -1.882182
v 0.952477 3.435754 -1.880419
v 0.952828 3.417500 -1.882182
v 0.953867 3.399948 -1.887404
v 0.955554 3.383772 -1.895885
v 0.957824 3.369594 -1.907297
v 0.960590 3.357958 -1.921203
v 0.963745 3.349311 -1.937068
v 0.967170 3.343987 -1.954283
v 0.963746 3.527520 -1.955322
v 0.957029 3.522196 -1.939106
v 0.950838 3.513550 -1.924161
v 0.945412 3.501914 -1.911062
v 0.940960 3.487736 -1.900312
v 0.937651 3.471559 -1.892324
v 0.935613 3.454007 -1.887405
v 0.934925 3.435754 -1.885744
v 0.935613 3.417500 -1.887405
v 0.937651 3.399948 -1.892324
v 0.940960 3.383772 -1.900312
v 0.945412 3.369594 -1.911062
v 0.950838 3.357958 -1.924161
v 0.957029 3.349311 -1.939106
v 0.963746 3.343987 -1.955322
v 0.960590 3.527520 -1.957009
v 0.950838 3.522196 -1.942415
v 0.941851 3.513550 -1.928965
v 0.933974 3.501914 -1.917176
v 0.927510 3.487736 -1.907501
v 0.922706 3.471559 -1.900312
v 0.919748 3.454007 -1.895885
v 0.918749 3.435754 -1.894390
v 0.919748 3.417500 -1.895885
v 0.922706 3.399948 -1.900312
v 0.927510 3.383772 -1.907501
v 0.933974 3.369594 -1.917176
v 0.941851 3.357958 -1.928965
v 0.950838 3.349311 -1.942415
v 0.960590 3.343987 -1.957009
v 0.957824 3.527520 -1.959279
v 0.945412 3.522196 -1.946867
v 0.933974 3.513550 -1.935429
v 0.923949 3.501914 -1.925404
v 0.915721 3.487736 -1.917176
v 0.909607 3.471559 -1.911062
v 0.905842 3.454007 -1.907297
v 0.904571 3.435754 -1.906026
v 0.905842 3.417500 -1.907297
v 0.909607 3.399948 -1.911062
v 0.915721 3.383772 -1.917176
v 0.923949 3.369594 -1.925404
v 0.933974 3.357958 -1.935429
v 0.945412 3.349311 -1.946867
v 0.957824 3.343987 -1.959279
v 0.970731 3.342189 -1.972186
v 0.955554 3.527520 -1.962045
v 0.940960 3.522196 -1.952293
v 0.927510 3.513550 -1.943306
v 0.915721 3.501914 -1.935429
v 0.906046 3.487736 -1.928965
v 0.898857 3.471559 -1.924161
v 0.894430 3.454007 -1.921203
v 0.892935 3.435754 -1.920204
v 0.894430 3.417500 -1.921203
v 0.898857 3.399948 -1.924161
v 0.906046 3.383772 -1.928965
v 0.915721 3.369594 -1.935429
v 0.927510 3.357958 -1.943306
v 0.940960 3.349311 -1.952293
v 0.955554 3.343987 -1.962045
v 0.953867 3.527520 -1.965201
v 0.937651 3.522196 -1.958484
v 0.922706 3.513550 -1.952293
v 0.909607 3.501914 -1.946867
v 0.898857 3.487736 -1.942415
v 0.890869 3.471559 -1.939106
v 0.885949 3.454007 -1.937068
v 0.884288 3.435754 -1.936380
v 0.885949 3.417500 -1.937068
v 0.890869 3.399948 -1.939106
v 0.898857 3.383772 -1.942415
v 0.909607 3.369594 -1.946867
v 0.922706 3.357958 -1.952293
v 0.937651 3.349311 -1.958484
v 0.953867 3.343987 -1.965201
v 0.952828 3.527520 -1.968625
v 0.935613 3.522196 -1.965201
v 0.919748 3.513550 -1.962045
v 0.905842 3.501914 -1.959279
v 0.894430 3.487736 -1.957009
v 0.885949 3.471559 -1.955322
v 0.880727 3.454007 -1.954283
v 0.878964 3.435754 -1.953933
v 0.880727 3.417500 -1.954283
v 0.885949 3.399948 -1.955322
v 0.894430 3.383772 -1.957009
v 0.905842 3.369594 -1.959279
v 0.919748 3.357958 -1.962045
v 0.935613 3.349311 -1.965201
v 0.952828 3.343987 -1.968625
v 0.952477 3.527520 -1.972186
v 0.934925 3.522196 -1.972186
v 0.918749 3.513550 -1.972186
v 0.904571 3.501914 -1.972186
v 0.892935 3.487736 -1.972186
v 0.884288 3.471559 -1.972186
v 0.878964 3.454007 -1.972186
v 0.877166 3.435754 -1.972186
v 0.878964 3.417500 -1.972186
v 0.884288 3.399948 -1.972186
v 0.892935 3.383772 -1.972186
v 0.904571 3.369594 -1.972186
v 0.918749 3.357958 -1.972186
v 0.934925 3.349311 -1.972186
v 0.952477 3.343987 -1.972186
v 0.952828 3.527520 -1.975747
v 0.935613 3.522196 -1.979171
v 0.919748 3.513550 -1.982327
v 0.905842 3.501914 -1.985093
v 0.894430 3.487736 -1.987363
v 0.885949 3.471559 -1.989050
v 0.880727 3.454007 -1.990089
v 0.878964 3.435754 -1.990439
v 0.880727 3.417500 -1.990089
v 0.885949 3.399948 -1.989050
v 0.894430 3.383772 -1.987363
v 0.905842 3.369594 -1.985093
v 0.919748 3.357958 -1.982327
v 0.935613 3.349311 -1.979171
v 0.952828 3.343987 -1.975747
v 0.953867 3.527520 -1.979171
v 0.937651 3.522196 -1.985888
v 0.922706 3.513550 -1.992079
v 0.909607 3.501914 -1.997504
v 0.898857 3.487736 -2.001957
v 0.890869 3.471559 -2.005266
v 0.885949 3.454007 -2.007303
v 0.884289 3.435754 -2.007992
v 0.885949 3.417500 -2.007303
v 0.890869 3.399948 -2.005266
v 0.898857 3.383772 -2.001957
v 0.909607 3.369594 -1.997504
v 0.922706 3.357958 -1.992079
v 0.937651 3.349311 -1.985888
v 0.953867 3.343987 -1.979171
v 0.955554 3.527520 -1.982327
v 0.940960 3.522196 -1.992078
v 0.927510 3.513550 -2.001065
v 0.915721 3.501914 -2.008943
v 0.906046 3.487736 -2.015407
v 0.898857 3.471559 -2.020211
v 0.894430 3.454007 -2.023169
v 0.892935 3.435754 -2.024168
v 0.894430 3.417500 -2.023169
v 0.898857 3.399948 -2.020211
v 0.906046 3.383772 -2.015407
v 0.915721 3.369594 -2.008943
v 0.927510 3.357958 -2.001065
v 0.940960 3.349311 -1.992078
v 0.955554 3.343987 -1.982327
v 0.957824 3.527520 -1.985093
v 0.945412 3.522196 -1.997504
v 0.933974 3.513550 -2.008943
v 0.923949 3.501914 -2.018968
v 0.915721 3.487736 -2.027196
v 0.909607 3.471559 -2.033310
v 0.905842 3.454007 -2.037075
v 0.904571 3.435754 -2.038346
v 0.905842 3.417500 -2.037075
v 0.909607 3.399948 -2.033310
v 0.915721 3.383772 -2.027196
v 0.923949 3.369594 -2.018968
v 0.933974 3.357958 -2.008943
v 0.945412 3.349311 -1.997504
v 0.957824 3.343987 -1.985093
v 0.960590 3.527520 -1.987363
v 0.950838 3.522196 -2.001957
v 0.941851 3.513550 -2.015407
v 0.933974 3.501914 -2.027196
v 0.927510 3.487736 -2.036871
v 0.922706 3.471559 -2.044060
v 0.919748 3.454007 -2.048487
v 0.918749 3.435754 -2.049982
v 0.919748 3.417500 -2.048487
v 0.922706 3.399948 -2.044060
v 0.927510 3.383772 -2.036871
v 0.933974 3.369594 -2.027196
v 0.941851 3.357958 -2.015407
v 0.950838 3.349311 -2.001957
v 0.960590 3.343987 -1.987363
v 0.963746 3.527520 -1.989050
v 0.957029 3.522196 -2.005266
v 0.950838 3.513550 -2.020211
v 0.945412 3.501914 -2.033310
v 0.940960 3.487736 -2.044060
v 0.937651 3.471559 -2.052048
v 0.935613 3.454007 -2.056967
v 0.934925 3.435754 -2.058628
v 0.935613 3.417500 -2.056967
v 0.937651 3.399948 -2.052048
v 0.940960 3.383772 -2.044060
v 0.945412 3.369594 -2.033310
v 0.950838 3.357958 -2.020211
v 0.957029 3.349311 -2.005266
v 0.963746 3.343987 -1.989050
v 0.967170 3.527520 -1.990089
v 0.963746 3.522196 -2.007303
v 0.960590 3.513550 -2.023169
v 0.957824 3.501914 -2.037075
v 0.955554 3.487736 -2.048487
v 0.953867 3.471559 -2.056967
v 0.952828 3.454007 -2.062189
v 0.952477 3.435754 -2.063952
v 0.952828 3.417500 -2.062189
v 0.953867 3.399948 -2.056967
v 0.955554 3.383772 -2.048487
v 0.957824 3.369594 -2.037075
v 0.960590 3.357958 -2.023169
v 0.963746 3.349311 -2.007303
v 0.967170 3.343987 -1.990089
v 0.970731 3.527520 -1.990439
v 0.970731 3.522196 -2.007992
v 0.970731 3.501914 -2.038346
v 0.970731 3.471559 -2.058628
v 0.970731 3.399948 -2.058628
v 0.970731 3.369594 -2.038346
v 0.970731 3.357958 -2.024168
v 0.970731 3.349311 -2.007992
v 0.970731 3.343987 -1.990439
v 0.829183 2.546888 -2.097987
v 0.711901 2.433333 -2.153579
v 0.558664 2.284967 -2.183665
v 0.475734 2.204672 -2.187536
v 0.392803 2.124376 -2.183665
v 0.239566 1.976010 -2.153579
v 0.895344 2.605566 -2.024598
v 0.873740 2.579474 -2.061670
v 0.836840 2.538979 -2.095836
v 0.786063 2.485636 -2.125783
v 0.723361 2.421497 -2.150360
v 0.651142 2.349025 -2.168622
v 0.572183 2.271005 -2.179867
v 0.489516 2.190436 -2.183665
v 0.406321 2.110414 -2.179867
v 0.325792 2.034015 -2.168622
v 0.251026 1.964174 -2.150360
v 0.184896 1.903574 -2.125783
v 0.129942 1.854547 -2.095836
v 0.088276 1.818973 -2.061670
v 0.061500 1.798223 -2.024598
v 0.897930 2.602895 -2.022361
v 0.878812 2.574236 -2.057282
v 0.844203 2.531374 -2.089466
v 0.795435 2.475957 -2.117675
v 0.734381 2.410115 -2.140826
v 0.663387 2.336378 -2.158028
v 0.585181 2.257580 -2.168622
v 0.502770 2.176748 -2.172198
v 0.419319 2.096989 -2.168622
v 0.338037 2.021368 -2.158028
v 0.262046 1.952792 -2.140826
v 0.194267 1.893895 -2.117675
v 0.137305 1.846942 -2.089466
v 0.093348 1.813735 -2.057282
v 0.064086 1.795552 -2.022361
v 0.900313 2.600434 -2.018729
v 0.883486 2.569408 -2.050157
v 0.850989 2.524365 -2.079122
v 0.804072 2.467037 -2.104509
v 0.744537 2.399626 -2.125344
v 0.674671 2.324723 -2.140826
v 0.597161 2.245207 -2.150360
v 0.514984 2.164132 -2.153579
v 0.431299 2.084616 -2.150360
v 0.349322 2.009713 -2.140826
v 0.272202 1.942303 -2.125344
v 0.202904 1.884975 -2.104509
v 0.144091 1.839933 -2.079122
v 0.098022 1.808908 -2.050157
v 0.066469 1.793091 -2.018729
v 0.902402 2.598277 -2.013840
v 0.887583 2.565176 -2.040568
v 0.856937 2.518222 -2.065200
v 0.811642 2.459218 -2.086790
v 0.753438 2.390432 -2.104509
v 0.684563 2.314507 -2.117675
v 0.607661 2.234362 -2.125783
v 0.525690 2.153075 -2.128520
v 0.441799 2.073771 -2.125783
v 0.359213 1.999498 -2.117675
v 0.281104 1.933109 -2.104509
v 0.210474 1.877156 -2.086790
v 0.150039 1.833790 -2.065200
v 0.102119 1.804676 -2.040568
v 0.068558 1.790934 -2.013840
v 0.904116 2.596507 -2.007884
v 0.890945 2.561704 -2.028883
v 0.861819 2.513181 -2.048237
v 0.817855 2.452801 -2.065200
v 0.760744 2.382887 -2.079122
v 0.692680 2.306123 -2.089466
v 0.616279 2.225461 -2.095836
v 0.534477 2.144000 -2.097987
v 0.450417 2.064871 -2.095836
v 0.367330 1.991114 -2.089466
v 0.288409 1.925564 -2.079122
v 0.216687 1.870739 -2.065200
v 0.154920 1.828748 -2.048237
v 0.105482 1.801203 -2.028883
v 0.070272 1.789163 -2.007884
v 0.900823 2.616251 -1.986045
v 0.905389 2.595191 -2.001087
v 0.893444 2.559124 -2.015552
v 0.865446 2.509434 -2.028883
v 0.822471 2.448033 -2.040568
v 0.766172 2.377280 -2.050157
v 0.698712 2.299894 -2.057282
v 0.622682 2.218848 -2.061670
v 0.541005 2.137257 -2.063152
v 0.456820 2.058257 -2.061670
v 0.373362 1.984884 -2.057282
v 0.293838 1.919957 -2.050157
v 0.221304 1.865971 -2.040568
v 0.158547 1.825002 -2.028883
v 0.107980 1.798623 -2.015552
v 0.071545 1.787848 -2.001087
v 0.906174 2.594381 -1.993713
v 0.894982 2.557535 -2.001087
v 0.867680 2.507128 -2.007884
v 0.825314 2.445097 -2.013840
v 0.769515 2.373828 -2.018729
v 0.702426 2.296058 -2.022361
v 0.626625 2.214776 -2.024598
v 0.545026 2.133105 -2.025353
v 0.460763 2.054185 -2.024598
v 0.377076 1.981048 -2.022361
v 0.297181 1.916505 -2.018729
v 0.224146 1.863035 -2.013840
v 0.160781 1.822695 -2.007884
v 0.109519 1.797034 -2.001087
v 0.072330 1.787038 -1.993713
v 0.906438 2.594108 -1.986045
v 0.895502 2.556998 -1.986045
v 0.868434 2.506349 -1.986045
v 0.826274 2.444106 -1.986045
v 0.770644 2.372662 -1.986045
v 0.703680 2.294762 -1.986045
v 0.627957 2.213400 -1.986045
v 0.546383 2.131703 -1.986045
v 0.462095 2.052810 -1.986045
v 0.378330 1.979752 -1.986045
v 0.298309 1.915339 -1.986045
v 0.225106 1.862044 -1.986045
v 0.161535 1.821916 -1.986045
v 0.110038 1.796497 -1.986045
v 0.072595 1.786765 -1.986045
v 0.906174 2.594381 -1.978376
v 0.894982 2.557535 -1.971002
v 0.867680 2.507128 -1.964206
v 0.825314 2.445097 -1.958249
v 0.769515 2.373828 -1.953360
v 0.702426 2.296058 -1.949728
v 0.626625 2.214776 -1.947491
v 0.545026 2.133105 -1.946735
v 0.460763 2.054185 -1.947491
v 0.377076 1.981048 -1.949728
v 0.297181 1.916505 -1.953360
v 0.224146 1.863035 -1.958249
v 0.160781 1.822695 -1.964206
v 0.109519 1.797034 -1.971002
v 0.072330 1.787038 -1.978376
v 0.905389 2.595191 -1.971002
v 0.893444 2.559124 -1.956537
v 0.865446 2.509434 -1.943206
v 0.822471 2.448033 -1.931521
v 0.766172 2.377280 -1.921932
v 0.698712 2.299894 -1.914806
v 0.622682 2.218848 -1.910419
v 0.541005 2.137257 -1.908937
v 0.456820 2.058257 -1.910419
v 0.373362 1.984884 -1.914806
v 0.293838 1.919957 -1.921932
v 0.221304 1.865971 -1.931521
v 0.158547 1.825002 -1.943206
v 0.107980 1.798623 -1.956537
v 0.071545 1.787848 -1.971002
v 0.904116 2.596507 -1.964206
v 0.890945 2.561704 -1.943206
v 0.861819 2.513181 -1.923852
v 0.817855 2.452801 -1.906889
v 0.760744 2.382887 -1.892967
v 0.692680 2.306123 -1.882623
v 0.616279 2.225461 -1.876253
v 0.534476 2.144000 -1.874102
v 0.450417 2.064871 -1.876253
v 0.367330 1.991114 -1.882623
v 0.288409 1.925564 -1.892967
v 0.216687 1.870739 -1.906889
v 0.154920 1.828748 -1.923852
v 0.105482 1.801203 -1.943206
v 0.070272 1.789163 -1.964206
v 0.902402 2.598277 -1.958249
v 0.887583 2.565176 -1.931521
v 0.856937 2.518222 -1.906889
v 0.811642 2.459218 -1.885299
v 0.753438 2.390432 -1.867580
v 0.684563 2.314507 -1.854414
v 0.607661 2.234362 -1.846306
v 0.525690 2.153075 -1.843568
v 0.441799 2.073771 -1.846306
v 0.359213 1.999498 -1.854414
v 0.281104 1.933109 -1.867580
v 0.210474 1.877156 -1.885299
v 0.150039 1.833790 -1.906889
v 0.102119 1.804676 -1.931521
v 0.068558 1.790934 -1.958249
v 0.900313 2.600434 -1.953360
v 0.883486 2.569408 -1.921932
v 0.850989 2.524365 -1.892967
v 0.804072 2.467037 -1.867580
v 0.744537 2.399626 -1.846745
v 0.674671 2.324723 -1.831263
v 0.597161 2.245207 -1.821729
v 0.514984 2.164132 -1.818510
v 0.431299 2.084616 -1.821729
v 0.349322 2.009713 -1.831263
v 0.272202 1.942303 -1.846745
v 0.202904 1.884975 -1.867580
v 0.144091 1.839933 -1.892967
v 0.098022 1.808908 -1.921932
v 0.066469 1.793091 -1.953360
v 0.897930 2.602895 -1.949728
v 0.878812 2.574236 -1.914806
v 0.844203 2.531374 -1.882623
v 0.795435 2.475957 -1.854414
v 0.734381 2.410115 -1.831263
v 0.663387 2.336378 -1.814061
v 0.585181 2.257580 -1.803467
v 0.502770 2.176748 -1.799891
v 0.419319 2.096989 -1.803467
v 0.338037 2.021368 -1.814061
v 0.262046 1.952792 -1.831263
v 0.194267 1.893895 -1.854414
v 0.137305 1.846942 -1.882623
v 0.093348 1.813735 -1.914806
v 0.064086 1.795552 -1.949728
v 0.895344 2.605566 -1.947491
v 0.873740 2.579474 -1.910419
v 0.836840 2.538979 -1.876253
v 0.786063 2.485636 -1.846306
v 0.723361 2.421497 -1.821729
v 0.651142 2.349025 -1.803467
v 0.572183 2.271005 -1.792222
v 0.489516 2.190436 -1.788424
v 0.406321 2.110414 -1.792222
v 0.325792 2.034015 -1.803467
v 0.251026 1.964174 -1.821729
v 0.184896 1.903574 -1.846306
v 0.129942 1.854547 -1.876253
v 0.088276 1.818973 -1.910419
v 0.061500 1.798223 -1.947491
v 0.892655 2.608343 -1.946735
v 0.868465 2.584922 -1.908937
v 0.829183 2.546888 -1.874102
v 0.776317 2.495702 -1.843568
v 0.711901 2.433333 -1.818510
v 0.638408 2.362176 -1.799891
v 0.558664 2.284967 -1.788424
v 0.475734 2.204672 -1.784553
v 0.392803 2.124376 -1.788424
v 0.313059 2.047167 -1.799891
v 0.239566 1.976010 -1.818510
v 0.175150 1.913640 -1.843568
v 0.122284 1.862455 -1.874102
v 0.083002 1.824421 -1.908937
v 0.058812 1.801000 -1.946735
v 0.889966 2.611120 -1.947491
v 0.863191 2.590370 -1.910419
v 0.821525 2.554797 -1.876253
v 0.766571 2.505769 -1.846306
v 0.700441 2.445169 -1.821729
v 0.625675 2.375328 -1.803467
v 0.545146 2.298929 -1.792222
v 0.461950 2.218907 -1.788425
v 0.379284 2.138338 -1.792222
v 0.300325 2.060318 -1.803467
v 0.228106 1.987846 -1.821729
v 0.165403 1.923707 -1.846306
v 0.114627 1.870364 -1.876253
v 0.077727 1.829869 -1.910419
v 0.056122 1.803777 -1.947491
v 0.887381 2.613791 -1.949728
v 0.858119 2.595608 -1.914806
v 0.814162 2.562401 -1.882623
v 0.757200 2.515448 -1.854414
v 0.689421 2.456551 -1.831263
v 0.613430 2.387975 -1.814061
v 0.532148 2.312354 -1.803468
v 0.448697 2.232595 -1.799891
v 0.366286 2.151764 -1.803468
v 0.288080 2.072965 -1.814061
v 0.217086 1.999228 -1.831263
v 0.156032 1.933386 -1.854414
v 0.107264 1.877969 -1.882623
v 0.072655 1.835107 -1.914806
v 0.053537 1.806448 -1.949728
v 0.884998 2.616252 -1.953360
v 0.853445 2.600436 -1.921932
v 0.807376 2.569410 -1.892968
v 0.748563 2.524368 -1.867580
v 0.679265 2.467040 -1.846745
v 0.602145 2.399630 -1.831263
v 0.520168 2.324727 -1.821730
v 0.436483 2.245211 -1.818511
v 0.354306 2.164136 -1.821730
v 0.276796 2.084620 -1.831263
v 0.206930 2.009717 -1.846745
v 0.147395 1.942306 -1.867580
v 0.100478 1.884978 -1.892968
v 0.067981 1.839935 -1.921932
v 0.051154 1.808909 -1.953360
v 0.882909 2.618409 -1.958249
v 0.849348 2.604667 -1.931521
v 0.801428 2.575553 -1.906889
v 0.740993 2.532187 -1.885299
v 0.670363 2.476234 -1.867580
v 0.592254 2.409845 -1.854414
v 0.509668 2.335572 -1.846306
v 0.425777 2.256268 -1.843569
v 0.343806 2.174981 -1.846306
v 0.266905 2.094836 -1.854414
v 0.198029 2.018911 -1.867580
v 0.139825 1.950125 -1.885299
v 0.094530 1.891121 -1.906889
v 0.063884 1.844166 -1.931521
v 0.049065 1.811066 -1.958249
v 0.050644 1.793091 -1.986045
v 0.881195 2.620179 -1.964206
v 0.845985 2.608140 -1.943206
v 0.796547 2.580595 -1.923852
v 0.734780 2.538603 -1.906889
v 0.663058 2.483779 -1.892968
v 0.584137 2.418229 -1.882623
v 0.501050 2.344472 -1.876253
v 0.416991 2.265342 -1.874102
v 0.335188 2.183882 -1.876253
v 0.258787 2.103220 -1.882623
v 0.190723 2.026456 -1.892968
v 0.133612 1.956542 -1.906889
v 0.089648 1.896162 -1.923852
v 0.060522 1.847639 -1.943206
v 0.047351 1.812836 -1.964206
v 0.879922 2.621495 -1.971002
v 0.843487 2.610720 -1.956537
v 0.792920 2.584341 -1.943206
v 0.730163 2.543371 -1.931521
v 0.657629 2.489386 -1.921932
v 0.578105 2.424459 -1.914806
v 0.494647 2.351085 -1.910419
v 0.410462 2.272086 -1.908937
v 0.328785 2.190495 -1.910419
v 0.252755 2.109449 -1.914806
v 0.185295 2.032063 -1.921932
v 0.128995 1.961310 -1.931521
v 0.086021 1.899909 -1.943206
v 0.058023 1.850219 -1.956537
v 0.046078 1.814152 -1.971002
v 0.879137 2.622305 -1.978376
v 0.841948 2.612309 -1.971002
v 0.790686 2.586648 -1.964206
v 0.727320 2.546307 -1.958249
v 0.654287 2.492838 -1.953360
v 0.574391 2.428295 -1.949728
v 0.490704 2.355158 -1.947491
v 0.406441 2.276238 -1.946736
v 0.324842 2.194567 -1.947491
v 0.249041 2.113286 -1.949728
v 0.181952 2.035515 -1.953360
v 0.126153 1.964246 -1.958249
v 0.083788 1.902216 -1.964206
v 0.056485 1.851808 -1.971002
v 0.045293 1.814962 -1.978376
v 0.878872 2.622579 -1.986045
v 0.841429 2.612846 -1.986045
v 0.789932 2.587427 -1.986045
v 0.726361 2.547299 -1.986045
v 0.653158 2.494004 -1.986045
v 0.573137 2.429590 -1.986045
v 0.489372 2.356533 -1.986045
v 0.405084 2.277640 -1.986045
v 0.323511 2.195943 -1.986045
v 0.247787 2.114581 -1.986045
v 0.180823 2.036681 -1.986045
v 0.125193 1.965237 -1.986045
v 0.083033 1.902994 -1.986045
v 0.055965 1.852345 -1.986045
v 0.045028 1.815235 -1.986045
v 0.879137 2.622305 -1.993713
v 0.841948 2.612309 -2.001087
v 0.790686 2.586648 -2.007884
v 0.727320 2.546307 -2.013840
v 0.654287 2.492838 -2.018729
v 0.574391 2.428295 -2.022361
v 0.490704 2.355158 -2.024598
v 0.406441 2.276238 -2.025354
v 0.324842 2.194567 -2.024598
v 0.249041 2.113286 -2.022361
v 0.181952 2.035515 -2.018729
v 0.126153 1.964246 -2.013840
v 0.083788 1.902216 -2.007884
v 0.056485 1.851808 -2.001087
v 0.045293 1.814962 -1.993713
v 0.879922 2.621495 -2.001087
v 0.843487 2.610720 -2.015552
v 0.792920 2.584341 -2.028883
v 0.730163 2.543371 -2.040568
v 0.657629 2.489386 -2.050157
v 0.578105 2.424459 -2.057282
v 0.494647 2.351085 -2.061670
v 0.410462 2.272085 -2.063152
v 0.328785 2.190495 -2.061670
v 0.252755 2.109449 -2.057282
v 0.185295 2.032063 -2.050157
v 0.128995 1.961310 -2.040568
v 0.086021 1.899909 -2.028883
v 0.058023 1.850219 -2.015552
v 0.046078 1.814152 -2.001087
v 0.881195 2.620179 -2.007884
v 0.845985 2.608140 -2.028883
v 0.796547 2.580595 -2.048237
v 0.734780 2.538603 -2.065200
v 0.663058 2.483779 -2.079122
v 0.584137 2.418229 -2.089466
v 0.501050 2.344472 -2.095836
v 0.416991 2.265342 -2.097987
v 0.335188 2.183882 -2.095836
v 0.258787 2.103220 -2.089466
v 0.190723 2.026456 -2.079122
v 0.133612 1.956542 -2.065200
v 0.089648 1.896162 -2.048237
v 0.060522 1.847639 -2.028883
v 0.047351 1.812836 -2.007884
v 0.882909 2.618409 -2.013840
v 0.849348 2.604667 -2.040568
v 0.801428 2.575553 -2.065200
v 0.740993 2.532187 -2.086790
v 0.670363 2.476234 -2.104509
v 0.592254 2.409845 -2.117675
v 0.509668 2.335572 -2.125783
v 0.425777 2.256268 -2.128520
v 0.343806 2.174981 -2.125783
v 0.266905 2.094836 -2.117675
v 0.198029 2.018911 -2.104509
v 0.139825 1.950125 -2.086790
v 0.094530 1.891121 -2.065200
v 0.063884 1.844166 -2.040568
v 0.049065 1.811066 -2.013840
v 0.884998 2.616252 -2.018729
v 0.853445 2.600436 -2.050157
v 0.807376 2.569410 -2.079121
v 0.748563 2.524368 -2.104509
v 0.679265 2.467040 -2.125344
v 0.602145 2.399630 -2.140826
v 0.520168 2.324727 -2.150360
v 0.436483 2.245211 -2.153579
v 0.354306 2.164136 -2.150360
v 0.276796 2.084620 -2.140826
v 0.206930 2.009717 -2.125344
v 0.147395 1.942306 -2.104509
v 0.100478 1.884978 -2.079121
v 0.067981 1.839935 -2.050157
v 0.051154 1.808909 -2.018729
v 0.887381 2.613791 -2.022361
v 0.858119 2.595608 -2.057282
v 0.814162 2.562401 -2.089466
v 0.757200 2.515448 -2.117675
v 0.689421 2.456551 -2.140826
v 0.613430 2.387975 -2.158028
v 0.532148 2.312354 -2.168622
v 0.448697 2.232595 -2.172198
v 0.366286 2.151764 -2.168622
v 0.288080 2.072965 -2.158028
v 0.217086 1.999228 -2.140826
v 0.156032 1.933386 -2.117675
v 0.107264 1.877969 -2.089466
v 0.072655 1.835107 -2.057282
v 0.053537 1.806448 -2.022361
v 0.889966 2.611120 -2.024598
v 0.863191 2.590370 -2.061670
v 0.821525 2.554797 -2.095836
v 0.766571 2.505769 -2.125783
v 0.700441 2.445169 -2.150359
v 0.625675 2.375328 -2.168622
v 0.545146 2.298929 -2.179867
v 0.461950 2.218907 -2.183664
v 0.379284 2.138338 -2.179867
v 0.300325 2.060318 -2.168622
v 0.228106 1.987846 -2.150359
v 0.165403 1.923707 -2.125783
v 0.114627 1.870364 -2.095836
v 0.077727 1.829869 -2.061670
v 0.056122 1.803777 -2.024598
v 0.892655 2.608343 -2.025353
v 0.868465 2.584922 -2.063152
v 0.776317 2.495702 -2.128520
v 0.638408 2.362176 -2.172198
v 0.313059 2.047167 -2.172198
v 0.175150 1.913640 -2.128520
v 0.122284 1.862455 -2.097987
v 0.083002 1.824421 -2.063152
v 0.058812 1.801000 -2.025353
v 1.814940 1.886737 -2.053963
v 1.714340 1.988181 -2.106091
v 1.582901 2.120725 -2.134303
v 1.511766 2.192457 -2.137933
v 1.440632 2.264189 -2.134303
v 1.309192 2.396733 -2.106091
v 1.865475 1.830012 -1.985146
v 1.840968 1.849182 -2.019909
v 1.803809 1.881544 -2.051946
v 1.755427 1.925854 -2.080027
v 1.697682 1.980410 -2.103073
v 1.632792 2.043114 -2.120197
v 1.563251 2.111558 -2.130743
v 1.491731 2.183110 -2.134303
v 1.420982 2.255022 -2.130743
v 1.353721 2.324530 -2.120197
v 1.292533 2.388962 -2.103073
v 1.239771 2.445842 -2.080027
v 1.197462 2.492985 -2.051946
v 1.167231 2.528579 -2.019909
v 1.150240 2.551256 -1.985146
v 1.861717 1.828258 -1.983048
v 1.833595 1.845742 -2.015794
v 1.793106 1.876550 -2.045973
v 1.741805 1.919498 -2.072425
v 1.681663 1.972937 -2.094133
v 1.614993 2.034810 -2.110264
v 1.544356 2.102743 -2.120197
v 1.472466 2.174123 -2.123551
v 1.402086 2.246207 -2.120197
v 1.335922 2.316226 -2.110264
v 1.276515 2.381489 -2.094133
v 1.226149 2.439487 -2.072425
v 1.186758 2.487992 -2.045973
v 1.159858 2.525140 -2.015794
v 1.146481 2.549503 -1.983048
v 1.858253 1.826642 -1.979642
v 1.826801 1.842572 -2.009113
v 1.783242 1.871948 -2.036273
v 1.729250 1.913641 -2.060079
v 1.666901 1.966049 -2.079616
v 1.598590 2.027158 -2.094133
v 1.526942 2.094619 -2.103073
v 1.454711 2.165839 -2.106091
v 1.384673 2.238083 -2.103073
v 1.319519 2.308573 -2.094133
v 1.261752 2.374602 -2.079616
v 1.213594 2.433630 -2.060079
v 1.176894 2.483390 -2.036273
v 1.153064 2.521970 -2.009113
v 1.143018 2.547887 -1.979642
v 1.855217 1.825226 -1.975058
v 1.820845 1.839794 -2.000121
v 1.774596 1.867915 -2.023218
v 1.718246 1.908508 -2.043464
v 1.653961 1.960013 -2.060079
v 1.584212 2.020450 -2.072425
v 1.511679 2.087498 -2.080027
v 1.439149 2.158579 -2.082594
v 1.369410 2.230962 -2.080027
v 1.305141 2.301866 -2.072425
v 1.248813 2.368565 -2.060079
v 1.202590 2.428496 -2.043464
v 1.168248 2.479357 -2.023218
v 1.147108 2.519192 -2.000121
v 1.139982 2.546470 -1.975058
v 1.852725 1.824063 -1.969473
v 1.815958 1.837514 -1.989164
v 1.767500 1.864605 -2.007312
v 1.709215 1.904294 -2.023218
v 1.643342 1.955058 -2.036273
v 1.572413 2.014946 -2.045973
v 1.499153 2.081654 -2.051946
v 1.426377 2.152621 -2.053963
v 1.356883 2.225119 -2.051946
v 1.293342 2.296361 -2.045973
v 1.238194 2.363611 -2.036273
v 1.193559 2.424283 -2.023218
v 1.161153 2.476046 -2.007312
v 1.142221 2.516911 -1.989164
v 1.137490 2.545308 -1.969473
v 1.876390 1.824770 -1.948994
v 1.850874 1.823200 -1.963100
v 1.812326 1.835819 -1.976664
v 1.762228 1.862145 -1.989164
v 1.702504 1.901164 -2.000121
v 1.635451 1.951377 -2.009113
v 1.563645 2.010855 -2.015794
v 1.489845 2.077312 -2.019909
v 1.416887 2.148194 -2.021298
v 1.347576 2.220776 -2.019909
v 1.284574 2.292271 -2.015794
v 1.230303 2.359929 -2.009113
v 1.186849 2.421152 -2.000121
v 1.155881 2.473587 -1.989164
v 1.138589 2.515217 -1.976664
v 1.135638 2.544444 -1.963100
v 1.849734 1.822668 -1.956185
v 1.810090 1.834776 -1.963100
v 1.758981 1.860630 -1.969473
v 1.698372 1.899236 -1.975058
v 1.630592 1.949110 -1.979642
v 1.558246 2.008336 -1.983048
v 1.484113 2.074638 -1.985146
v 1.411043 2.145467 -1.985854
v 1.341844 2.218102 -1.985146
v 1.279175 2.289752 -1.983048
v 1.225444 2.357662 -1.979642
v 1.182716 2.419225 -1.975058
v 1.152634 2.472072 -1.969473
v 1.136353 2.514174 -1.963100
v 1.134498 2.543912 -1.956185
v 1.849349 1.822488 -1.948994
v 1.809334 1.834424 -1.948994
v 1.757885 1.860119 -1.948994
v 1.696977 1.898585 -1.948994
v 1.628951 1.948345 -1.948994
v 1.556423 2.007486 -1.948994
v 1.482178 2.073735 -1.948994
v 1.409070 2.144547 -1.948994
v 1.339908 2.217199 -1.948994
v 1.277352 2.288901 -1.948994
v 1.223803 2.356897 -1.948994
v 1.181321 2.418573 -1.948994
v 1.151537 2.471560 -1.948994
v 1.135597 2.513821 -1.948994
v 1.134113 2.543733 -1.948994
v 1.849734 1.822668 -1.941803
v 1.810090 1.834776 -1.934888
v 1.758981 1.860630 -1.928516
v 1.698372 1.899236 -1.922930
v 1.630592 1.949110 -1.918346
v 1.558246 2.008336 -1.914940
v 1.484113 2.074638 -1.912842
v 1.411043 2.145467 -1.912134
v 1.341844 2.218102 -1.912842
v 1.279175 2.289752 -1.914940
v 1.225444 2.357662 -1.918346
v 1.182716 2.419225 -1.922930
v 1.152634 2.472072 -1.928516
v 1.136353 2.514174 -1.934888
v 1.134498 2.543912 -1.941803
v 1.850874 1.823200 -1.934888
v 1.812326 1.835819 -1.921324
v 1.762228 1.862145 -1.908824
v 1.702504 1.901164 -1.897867
v 1.635451 1.951377 -1.888875
v 1.563645 2.010855 -1.882194
v 1.489845 2.077312 -1.878079
v 1.416887 2.148194 -1.876690
v 1.347576 2.220776 -1.878079
v 1.284574 2.292271 -1.882194
v 1.230303 2.359929 -1.888875
v 1.186849 2.421152 -1.897867
v 1.155881 2.473587 -1.908824
v 1.138589 2.515217 -1.921324
v 1.135638 2.544444 -1.934888
v 1.852725 1.824063 -1.928516
v 1.815958 1.837514 -1.908824
v 1.767500 1.864605 -1.890676
v 1.709215 1.904294 -1.874770
v 1.643342 1.955058 -1.861715
v 1.572413 2.014946 -1.852015
v 1.499153 2.081654 -1.846042
v 1.426377 2.152621 -1.844025
v 1.356883 2.225119 -1.846042
v 1.293342 2.296361 -1.852015
v 1.238194 2.363611 -1.861715
v 1.193559 2.424283 -1.874770
v 1.161153 2.476046 -1.890676
v 1.142221 2.516911 -1.908824
v 1.137490 2.545308 -1.928516
v 1.855217 1.825226 -1.922930
v 1.820845 1.839794 -1.897867
v 1.774596 1.867915 -1.874770
v 1.718246 1.908508 -1.854524
v 1.653961 1.960013 -1.837909
v 1.584212 2.020450 -1.825563
v 1.511679 2.087498 -1.817961
v 1.439149 2.158579 -1.815394
v 1.369410 2.230962 -1.817961
v 1.305141 2.301866 -1.825563
v 1.248813 2.368565 -1.837909
v 1.202590 2.428496 -1.854524
v 1.168248 2.479357 -1.874770
v 1.147108 2.519192 -1.897867
v 1.139982 2.546470 -1.922930
v 1.858253 1.826642 -1.918346
v 1.826801 1.842572 -1.888875
v 1.783242 1.871948 -1.861715
v 1.729250 1.913641 -1.837909
v 1.666901 1.966049 -1.818372
v 1.598590 2.027158 -1.803855
v 1.526942 2.094619 -1.794915
v 1.454711 2.165839 -1.791897
v 1.384673 2.238083 -1.794915
v 1.319519 2.308573 -1.803855
v 1.261752 2.374602 -1.818372
v 1.213594 2.433630 -1.837909
v 1.176894 2.483390 -1.861715
v 1.153064 2.521970 -1.888875
v 1.143018 2.547887 -1.918346
v 1.861717 1.828258 -1.914940
v 1.833595 1.845742 -1.882194
v 1.793106 1.876550 -1.852015
v 1.741805 1.919498 -1.825563
v 1.681663 1.972937 -1.803855
v 1.614993 2.034810 -1.787724
v 1.544356 2.102743 -1.777791
v 1.472466 2.174123 -1.774437
v 1.402086 2.246207 -1.777791
v 1.335922 2.316226 -1.787724
v 1.276515 2.381489 -1.803855
v 1.226149 2.439487 -1.825563
v 1.186759 2.487992 -1.852015
v 1.159858 2.525140 -1.882194
v 1.146481 2.549503 -1.914940
v 1.865475 1.830012 -1.912842
v 1.840968 1.849182 -1.878079
v 1.803809 1.881544 -1.846042
v 1.755427 1.925854 -1.817961
v 1.697682 1.980410 -1.794915
v 1.632792 2.043114 -1.777791
v 1.563251 2.111558 -1.767246
v 1.491731 2.183110 -1.763685
v 1.420982 2.255022 -1.767246
v 1.353721 2.324530 -1.777791
v 1.292533 2.388962 -1.794915
v 1.239771 2.445842 -1.817961
v 1.197462 2.492985 -1.846042
v 1.167231 2.528579 -1.878079
v 1.150240 2.551256 -1.912842
v 1.869384 1.831835 -1.912134
v 1.848635 1.852759 -1.876690
v 1.814940 1.886737 -1.844025
v 1.769594 1.932463 -1.815394
v 1.714340 1.988181 -1.791897
v 1.651302 2.051749 -1.774437
v 1.582901 2.120725 -1.763685
v 1.511766 2.192457 -1.760055
v 1.440632 2.264189 -1.763685
v 1.372231 2.333165 -1.774437
v 1.309192 2.396733 -1.791897
v 1.253938 2.452451 -1.815394
v 1.208592 2.498178 -1.844025
v 1.174898 2.532156 -1.876690
v 1.154148 2.553080 -1.912134
v 1.873292 1.833659 -1.912842
v 1.856302 1.856336 -1.878079
v 1.826071 1.891929 -1.846042
v 1.783761 1.939072 -1.817961
v 1.730999 1.995953 -1.794915
v 1.669812 2.060385 -1.777791
v 1.602551 2.129892 -1.767246
v 1.531801 2.201804 -1.763685
v 1.460282 2.273357 -1.767246
v 1.390741 2.341800 -1.777791
v 1.325850 2.404505 -1.794915
v 1.268105 2.459061 -1.817961
v 1.219723 2.503371 -1.846042
v 1.182565 2.535733 -1.878079
v 1.158057 2.554903 -1.912842
v 1.877051 1.835412 -1.914940
v 1.863674 1.859775 -1.882194
v 1.836774 1.896923 -1.852015
v 1.797383 1.945428 -1.825563
v 1.747017 2.003426 -1.803855
v 1.687610 2.068688 -1.787724
v 1.621446 2.138707 -1.777791
v 1.551066 2.210792 -1.774437
v 1.479177 2.282172 -1.777791
v 1.408539 2.350104 -1.787724
v 1.341869 2.411978 -1.803855
v 1.281728 2.465416 -1.825563
v 1.230426 2.508364 -1.852015
v 1.189937 2.539173 -1.882194
v 1.161815 2.556657 -1.914940
v 1.880515 1.837028 -1.918346
v 1.870469 1.862945 -1.888875
v 1.846638 1.901525 -1.861715
v 1.809938 1.951285 -1.837909
v 1.761780 2.010313 -1.818372
v 1.704013 2.076341 -1.803855
v 1.638859 2.146832 -1.794915
v 1.568821 2.219075 -1.791897
v 1.496590 2.290296 -1.794915
v 1.424943 2.357757 -1.803855
v 1.356632 2.418865 -1.818372
v 1.294282 2.471273 -1.837909
v 1.240291 2.512966 -1.861715
v 1.196731 2.542342 -1.888875
v 1.165279 2.558273 -1.918346
v 1.883551 1.838444 -1.922930
v 1.876424 1.865723 -1.897867
v 1.855283 1.905558 -1.874770
v 1.820942 1.956419 -1.854524
v 1.774719 2.016350 -1.837909
v 1.718391 2.083049 -1.825563
v 1.654122 2.153952 -1.817961
v 1.584383 2.226335 -1.815394
v 1.511853 2.297416 -1.817961
v 1.439320 2.364465 -1.825563
v 1.369571 2.424902 -1.837909
v 1.305286 2.476407 -1.854524
v 1.248936 2.517000 -1.874770
v 1.202687 2.545121 -1.897867
v 1.168315 2.559689 -1.922930
v 1.147142 2.560145 -1.948994
v 1.886042 1.839607 -1.928516
v 1.881312 1.868003 -1.908824
v 1.862379 1.908868 -1.890676
v 1.829973 1.960632 -1.874770
v 1.785339 2.021304 -1.861715
v 1.730191 2.088553 -1.852015
v 1.666649 2.159796 -1.846042
v 1.597155 2.232294 -1.844025
v 1.524380 2.303260 -1.846042
v 1.451120 2.369969 -1.852015
v 1.380190 2.429856 -1.861715
v 1.314317 2.480620 -1.874770
v 1.256032 2.520310 -1.890676
v 1.207574 2.547401 -1.908824
v 1.170807 2.560851 -1.928516
v 1.887894 1.840471 -1.934888
v 1.884943 1.869698 -1.921324
v 1.867652 1.911328 -1.908824
v 1.836684 1.963762 -1.897867
v 1.793229 2.024985 -1.888876
v 1.738958 2.092644 -1.882194
v 1.675956 2.164138 -1.878079
v 1.606645 2.236721 -1.876690
v 1.533688 2.307603 -1.878079
v 1.459887 2.374059 -1.882194
v 1.388081 2.433537 -1.888876
v 1.321028 2.483751 -1.897867
v 1.261304 2.522770 -1.908824
v 1.211206 2.549095 -1.921324
v 1.172658 2.561715 -1.934888
v 1.889034 1.841002 -1.941803
v 1.887179 1.870741 -1.934888
v 1.870898 1.912843 -1.928516
v 1.840816 1.965690 -1.922930
v 1.798088 2.027252 -1.918346
v 1.744357 2.095163 -1.914940
v 1.681688 2.166812 -1.912842
v 1.612489 2.239447 -1.912134
v 1.539419 2.310277 -1.912842
v 1.465286 2.376578 -1.914940
v 1.392940 2.435804 -1.918346
v 1.325160 2.485678 -1.922930
v 1.264551 2.524284 -1.928516
v 1.213442 2.550138 -1.934888
v 1.173798 2.562247 -1.941803
v 1.889419 1.841182 -1.948994
v 1.887935 1.871093 -1.948994
v 1.871995 1.913354 -1.948994
v 1.842211 1.966341 -1.948994
v 1.799729 2.028018 -1.948994
v 1.746181 2.096013 -1.948994
v 1.683624 2.167715 -1.948994
v 1.614462 2.240368 -1.948994
v 1.541354 2.311180 -1.948994
v 1.467110 2.377429 -1.948994
v 1.394581 2.436570 -1.948994
v 1.326555 2.486329 -1.948994
v 1.265647 2.524796 -1.948994
v 1.214198 2.550491 -1.948994
v 1.174183 2.562427 -1.948994
v 1.889034 1.841002 -1.956185
v 1.887179 1.870741 -1.963100
v 1.870898 1.912843 -1.969473
v 1.840816 1.965690 -1.975058
v 1.798088 2.027252 -1.979642
v 1.744357 2.095163 -1.983048
v 1.681688 2.166812 -1.985146
v 1.612489 2.239447 -1.985854
v 1.539419 2.310277 -1.985146
v 1.465286 2.376578 -1.983048
v 1.392940 2.435804 -1.979642
v 1.325160 2.485678 -1.975058
v 1.264551 2.524284 -1.969473
v 1.213442 2.550138 -1.963100
v 1.173798 2.562247 -1.956185
v 1.887894 1.840471 -1.963100
v 1.884943 1.869698 -1.976664
v 1.867652 1.911328 -1.989164
v 1.836684 1.963762 -2.000121
v 1.793229 2.024985 -2.009113
v 1.738958 2.092644 -2.015794
v 1.675956 2.164138 -2.019909
v 1.606645 2.236721 -2.021298
v 1.533688 2.307603 -2.019909
v 1.459887 2.374059 -2.015794
v 1.388081 2.433537 -2.009113
v 1.321028 2.483751 -2.000121
v 1.261304 2.522770 -1.989164
v 1.211206 2.549095 -1.976664
v 1.172658 2.561715 -1.963100
v 1.886042 1.839607 -1.969473
v 1.881312 1.868003 -1.989164
v 1.862379 1.908868 -2.007312
v 1.829973 1.960632 -2.023218
v 1.785338 2.021304 -2.036273
v 1.730191 2.088553 -2.045973
v 1.666649 2.159796 -2.051946
v 1.597155 2.232294 -2.053963
v 1.524379 2.303260 -2.051946
v 1.451120 2.369969 -2.045973
v 1.380190 2.429856 -2.036273
v 1.314317 2.480620 -2.023218
v 1.256032 2.520310 -2.007312
v 1.207574 2.547401 -1.989164
v 1.170807 2.560851 -1.969473
v 1.883551 1.838444 -1.975058
v 1.876424 1.865723 -2.000121
v 1.855283 1.905558 -2.023218
v 1.820942 1.956419 -2.043464
v 1.774719 2.016350 -2.060079
v 1.718391 2.083049 -2.072425
v 1.654122 2.153952 -2.080027
v 1.584383 2.226335 -2.082594
v 1.511853 2.297416 -2.080027
v 1.439320 2.364465 -2.072425
v 1.369571 2.424902 -2.060079
v 1.305286 2.476407 -2.043464
v 1.248936 2.517000 -2.023218
v 1.202687 2.545121 -2.000121
v 1.168315 2.559689 -1.975058
v 1.880515 1.837028 -1.979642
v 1.870469 1.862945 -2.009113
v 1.846638 1.901525 -2.036273
v 1.809938 1.951285 -2.060079
v 1.761780 2.010313 -2.079616
v 1.704013 2.076341 -2.094133
v 1.638859 2.146832 -2.103073
v 1.568821 2.219075 -2.106091
v 1.496590 2.290296 -2.103073
v 1.424943 2.357757 -2.094133
v 1.356631 2.418865 -2.079616
v 1.294282 2.471273 -2.060079
v 1.240291 2.512966 -2.036273
v 1.196731 2.542342 -2.009113
v 1.165279 2.558273 -1.979642
v 1.877051 1.835412 -1.983048
v 1.863674 1.859775 -2.015794
v 1.836774 1.896923 -2.045973
v 1.797383 1.945428 -2.072425
v 1.747017 2.003426 -2.094133
v 1.687610 2.068688 -2.110264
v 1.621446 2.138707 -2.120197
v 1.551066 2.210792 -2.123551
v 1.479177 2.282172 -2.120197
v 1.408539 2.350104 -2.110264
v 1.341869 2.411978 -2.094133
v 1.281728 2.465416 -2.072425
v 1.230426 2.508364 -2.045973
v 1.189937 2.539173 -2.015794
v 1.161815 2.556657 -1.983048
v 1.873292 1.833659 -1.985146
v 1.856302 1.856336 -2.019909
v 1.826071 1.891929 -2.051946
v 1.783761 1.939072 -2.080027
v 1.730999 1.995953 -2.103073
v 1.669812 2.060385 -2.120197
v 1.602551 2.129892 -2.130742
v 1.531801 2.201804 -2.134303
v 1.460282 2.273357 -2.130742
v 1.390741 2.341800 -2.120197
v 1.325850 2.404505 -2.103073
v 1.268105 2.459061 -2.080027
v 1.219723 2.503371 -2.051946
v 1.182565 2.535733 -2.019909
v 1.158057 2.554903 -1.985146
v 1.869384 1.831835 -1.985854
v 1.848635 1.852759 -2.021298
v 1.769594 1.932463 -2.082594
v 1.651302 2.051749 -2.123551
v 1.372231 2.333165 -2.123551
v 1.253938 2.452451 -2.082594
v 1.208592 2.498178 -2.053963
v 1.174898 2.532156 -2.021298
v 1.154148 2.553080 -1.985854
v 0.975395 2.950153 -1.526815
v 0.975395 2.803764 -1.676041
v 0.975395 2.612497 -1.756802
v 0.975395 2.508984 -1.767195
v 0.975395 2.405471 -1.756802
v 0.975395 2.214204 -1.676041
v 0.990922 3.029378 -1.329813
v 1.005852 2.999185 -1.429328
v 1.019611 2.950153 -1.521041
v 1.031672 2.884167 -1.601428
v 1.041569 2.803764 -1.667400
v 1.048924 2.712032 -1.716422
v 1.053453 2.612497 -1.746609
v 1.054982 2.508984 -1.756802
v 1.053453 2.405471 -1.746609
v 1.048924 2.305936 -1.716422
v 1.041569 2.214204 -1.667400
v 1.031672 2.133800 -1.601428
v 1.019611 2.067814 -1.521041
v 1.005852 2.018783 -1.429328
v 0.990922 1.988589 -1.329813
v 1.005852 3.029378 -1.323809
v 1.035138 2.999185 -1.417550
v 1.062128 2.950153 -1.503942
v 1.085786 2.884167 -1.579664
v 1.105201 2.803764 -1.641809
v 1.119627 2.712032 -1.687986
v 1.128511 2.612497 -1.716422
v 1.131511 2.508984 -1.726023
v 1.128511 2.405471 -1.716422
v 1.119627 2.305936 -1.687986
v 1.105201 2.214204 -1.641809
v 1.085786 2.133800 -1.579664
v 1.062128 2.067814 -1.503941
v 1.035138 2.018783 -1.417549
v 1.005852 1.988589 -1.323809
v 1.019611 3.029378 -1.314058
v 1.062128 2.999185 -1.398422
v 1.101312 2.950149 -1.476183
v 1.135657 2.884167 -1.544322
v 1.163844 2.803764 -1.600250
v 1.184788 2.712032 -1.641809
v 1.197616 2.612736 -1.667453
v 1.202040 2.508984 -1.676041
v 1.197685 2.405471 -1.667400
v 1.184788 2.305936 -1.641809
v 1.163844 2.214204 -1.600250
v 1.135657 2.133800 -1.544322
v 1.101312 2.067814 -1.476173
v 1.062128 2.018783 -1.398422
v 1.019611 1.988589 -1.314058
v 1.031672 3.029378 -1.300935
v 1.085786 2.999185 -1.372681
v 1.135498 2.948796 -1.442239
v 1.179370 2.884167 -1.496759
v 1.215244 2.803764 -1.544322
v 1.241901 2.712032 -1.579664
v 1.258317 2.612497 -1.601428
v 1.263860 2.508984 -1.608777
v 1.258317 2.405471 -1.601428
v 1.241901 2.305936 -1.579664
v 1.215244 2.214204 -1.544322
v 1.179370 2.133800 -1.496758
v 1.135657 2.067814 -1.438802
v 1.085786 2.018783 -1.372681
v 1.031672 1.988589 -1.300935
v 1.041569 3.029378 -1.284945
v 1.105201 2.999185 -1.341316
v 1.163843 2.950149 -1.393276
v 1.215245 2.884167 -1.438803
v 1.257428 2.803764 -1.476173
v 1.288773 2.712032 -1.503941
v 1.308076 2.612497 -1.521041
v 1.314593 2.508984 -1.526815
v 1.308076 2.405471 -1.521041
v 1.288773 2.292896 -1.503941
v 1.257428 2.208932 -1.476173
v 1.215245 2.135337 -1.438803
v 1.163844 2.074939 -1.393267
v 1.105201 2.030060 -1.341316
v 1.041569 2.002423 -1.284945
v 0.975395 3.039574 -1.226322
v 1.048924 3.029378 -1.266702
v 1.119627 2.999185 -1.305531
v 1.184788 2.950153 -1.341316
v 1.241901 2.884167 -1.372681
v 1.288773 2.803764 -1.398422
v 1.323602 2.712032 -1.417549
v 1.345050 2.612497 -1.429328
v 1.352292 2.508984 -1.433305
v 1.345050 2.405471 -1.429328
v 1.323602 2.292896 -1.417549
v 1.288773 2.208932 -1.398422
v 1.241901 2.135337 -1.372681
v 1.184788 2.074939 -1.341316
v 1.119627 2.030060 -1.305531
v 1.048924 2.002423 -1.266702
v 1.053453 3.029378 -1.246908
v 1.128511 2.999185 -1.266702
v 1.197685 2.950153 -1.284945
v 1.258317 2.884167 -1.300935
v 1.308076 2.803764 -1.314058
v 1.345050 2.712032 -1.323809
v 1.367819 2.612497 -1.329813
v 1.375507 2.508984 -1.331841
v 1.367819 2.405471 -1.329813
v 1.345050 2.292896 -1.323809
v 1.308076 2.208932 -1.314058
v 1.258317 2.133800 -1.300935
v 1.197685 2.067814 -1.284945
v 1.128511 2.018783 -1.266702
v 1.053453 2.002423 -1.246908
v 1.054982 3.029378 -1.226322
v 1.131511 2.999185 -1.226322
v 1.202040 2.950153 -1.226322
v 1.263860 2.884167 -1.226322
v 1.314593 2.803764 -1.226322
v 1.352292 2.712032 -1.226322
v 1.375507 2.612497 -1.226322
v 1.383345 2.508984 -1.226322
v 1.375507 2.405471 -1.226322
v 1.352292 2.292896 -1.226322
v 1.314593 2.208932 -1.226322
v 1.263860 2.133800 -1.226322
v 1.202040 2.067814 -1.226322
v 1.131511 2.018783 -1.226322
v 1.054982 2.002423 -1.226322
v 1.053453 3.029378 -1.205736
v 1.128511 2.999185 -1.185942
v 1.197685 2.950153 -1.167699
v 1.258317 2.884167 -1.151709
v 1.308076 2.803764 -1.138586
v 1.345050 2.712032 -1.128835
v 1.367819 2.612497 -1.122830
v 1.375507 2.508984 -1.120803
v 1.367819 2.405471 -1.122830
v 1.345050 2.292896 -1.128835
v 1.308076 2.208932 -1.138586
v 1.258317 2.133800 -1.151709
v 1.197685 2.067814 -1.167699
v 1.128511 2.018783 -1.185942
v 1.053453 2.002423 -1.205736
v 1.048924 3.029378 -1.185942
v 1.119627 2.999185 -1.147113
v 1.184788 2.950153 -1.111328
v 1.241901 2.884167 -1.079963
v 1.288773 2.803764 -1.054222
v 1.323602 2.712032 -1.035094
v 1.345050 2.612497 -1.023316
v 1.352292 2.508984 -1.019339
v 1.345050 2.405471 -1.023316
v 1.323602 2.292896 -1.035094
v 1.288773 2.208932 -1.054222
v 1.241901 2.133800 -1.079963
v 1.184788 2.067814 -1.111328
v 1.119627 2.018783 -1.147113
v 1.048924 2.002423 -1.185942
v 1.041569 3.029378 -1.167699
v 1.105201 2.999185 -1.111328
v 1.163843 2.950153 -1.059377
v 1.215244 2.884167 -1.013841
v 1.257428 2.803764 -0.976471
v 1.288773 2.712032 -0.948703
v 1.308076 2.612497 -0.931603
v 1.314593 2.508984 -0.925829
v 1.308076 2.405471 -0.931603
v 1.288773 2.292896 -0.948703
v 1.257428 2.208932 -0.976471
v 1.215244 2.133800 -1.013841
v 1.163843 2.067814 -1.059377
v 1.105201 2.018783 -1.111328
v 1.041569 2.002423 -1.167699
v 1.031672 3.029378 -1.151709
v 1.085786 2.999185 -1.079963
v 1.135657 2.950153 -1.013841
v 1.179370 2.884167 -0.955885
v 1.215244 2.803764 -0.908322
v 1.241901 2.712032 -0.872980
v 1.258317 2.612497 -0.851216
v 1.263859 2.508984 -0.843867
v 1.258317 2.405471 -0.851216
v 1.241901 2.305936 -0.872980
v 1.215244 2.214204 -0.908322
v 1.179370 2.133800 -0.955885
v 1.135657 2.067814 -1.013841
v 1.085786 2.018783 -1.079963
v 1.031672 2.002423 -1.151709
v 1.019611 3.029378 -1.138586
v 1.062128 2.999185 -1.054222
v 1.101312 2.950153 -0.976471
v 1.135657 2.884167 -0.908322
v 1.163843 2.803764 -0.852394
v 1.184788 2.712032 -0.810835
v 1.197685 2.612497 -0.785244
v 1.202040 2.508984 -0.776603
v 1.197685 2.405471 -0.785244
v 1.184788 2.305936 -0.810835
v 1.163843 2.214204 -0.852394
v 1.135657 2.133800 -0.908322
v 1.101312 2.067814 -0.976471
v 1.062128 2.018783 -1.054222
v 1.019611 2.002423 -1.138586
v 1.005852 3.029378 -1.128835
v 1.035138 2.999185 -1.035094
v 1.062128 2.950153 -0.948703
v 1.085786 2.884167 -0.872980
v 1.105200 2.803764 -0.810835
v 1.119627 2.712032 -0.764658
v 1.128511 2.612497 -0.736222
v 1.131511 2.508984 -0.726621
v 1.128511 2.405471 -0.736222
v 1.119627 2.305936 -0.764658
v 1.105200 2.214204 -0.810835
v 1.085786 2.133800 -0.872980
v 1.062128 2.067814 -0.948703
v 1.035138 2.018783 -1.035094
v 1.005852 2.002423 -1.128835
v 0.990922 3.029378 -1.122830
v 1.005852 2.999185 -1.023316
v 1.019611 2.950153 -0.931603
v 1.031672 2.884167 -0.851216
v 1.041569 2.803764 -0.785244
v 1.048924 2.712032 -0.736222
v 1.053453 2.612497 -0.706035
v 1.054982 2.508984 -0.695842
v 1.053453 2.405471 -0.706035
v 1.048924 2.305936 -0.736222
v 1.041569 2.214204 -0.785244
v 1.031672 2.133800 -0.851216
v 1.019611 2.067814 -0.931603
v 1.005852 2.018783 -1.023316
v 0.990922 2.002423 -1.122830
v 0.975395 3.029378 -1.120803
v 0.975395 2.999185 -1.019339
v 0.975395 2.950153 -0.925829
v 0.975395 2.884167 -0.843867
v 0.975395 2.803764 -0.776603
v 0.975395 2.712032 -0.726621
v 0.975395 2.612497 -0.695842
v 0.975395 2.508984 -0.685449
v 0.975395 2.405471 -0.695842
v 0.975395 2.305936 -0.726621
v 0.975395 2.214204 -0.776603
v 0.975395 2.133800 -0.843867
v 0.975395 2.067814 -0.925829
v 0.975395 2.018783 -1.019339
v 0.975395 2.002423 -1.120803
v 0.959868 3.029378 -1.122830
v 0.944938 2.999185 -1.023316
v 0.931179 2.950153 -0.931603
v 0.919118 2.884167 -0.851216
v 0.909221 2.803764 -0.785244
v 0.901866 2.712032 -0.736222
v 0.897337 2.612497 -0.706035
v 0.895808 2.508984 -0.695842
v 0.897337 2.405471 -0.706035
v 0.901866 2.305936 -0.736222
v 0.909221 2.214204 -0.785244
v 0.919118 2.133800 -0.851216
v 0.931179 2.067814 -0.931603
v 0.944938 2.018783 -1.023316
v 0.959868 2.002423 -1.122830
v 0.944938 3.029378 -1.128835
v 0.915652 2.999185 -1.035094
v 0.888662 2.950153 -0.948703
v 0.865004 2.884167 -0.872980
v 0.845589 2.803764 -0.810836
v 0.831163 2.712032 -0.764658
v 0.822279 2.612497 -0.736222
v 0.819279 2.508984 -0.726621
v 0.822279 2.405471 -0.736222
v 0.831163 2.305936 -0.764658
v 0.845589 2.214204 -0.810836
v 0.865004 2.133800 -0.872980
v 0.888662 2.067814 -0.948703
v 0.915652 2.018783 -1.035094
v 0.944938 2.002423 -1.128835
v 0.931179 3.029378 -1.138586
v 0.888662 2.999185 -1.054222
v 0.849478 2.950153 -0.976471
v 0.815133 2.884167 -0.908322
v 0.786947 2.803764 -0.852394
v 0.766002 2.712032 -0.810835
v 0.753105 2.612497 -0.785244
v 0.748750 2.508984 -0.776603
v 0.753105 2.405471 -0.785244
v 0.766002 2.292896 -0.810835
v 0.786947 2.208932 -0.852394
v 0.815133 2.133800 -0.908322
v 0.849478 2.067814 -0.976471
v 0.888662 2.018783 -1.054222
v 0.931179 2.002423 -1.138586
v 0.919118 3.029378 -1.151709
v 0.865004 2.999185 -1.079963
v 0.815133 2.950153 -1.013842
v 0.771420 2.884167 -0.955886
v 0.735546 2.803764 -0.908322
v 0.708889 2.712032 -0.872980
v 0.692473 2.612497 -0.851216
v 0.686931 2.508984 -0.843867
v 0.692473 2.405471 -0.851216
v 0.708889 2.292896 -0.872980
v 0.735546 2.208932 -0.908322
v 0.771420 2.135337 -0.955886
v 0.815133 2.074939 -1.013842
v 0.865004 2.030060 -1.079963
v 0.919118 2.002423 -1.151709
v 0.975395 1.993091 -1.226322
v 0.909221 3.029378 -1.167699
v 0.845589 2.999185 -1.111328
v 0.786947 2.950153 -1.059377
v 0.735546 2.884167 -1.013841
v 0.693362 2.803764 -0.976471
v 0.662017 2.712032 -0.948703
v 0.642714 2.612497 -0.931603
v 0.636197 2.508984 -0.925829
v 0.642714 2.405471 -0.931603
v 0.662017 2.292896 -0.948703
v 0.693362 2.208932 -0.976471
v 0.735546 2.135337 -1.013841
v 0.786947 2.074939 -1.059377
v 0.845589 2.030060 -1.111328
v 0.909221 2.002423 -1.167699
v 0.901866 3.029378 -1.185942
v 0.831163 2.999185 -1.147113
v 0.766002 2.950153 -1.111328
v 0.708889 2.884167 -1.079963
v 0.662017 2.803764 -1.054222
v 0.627188 2.712032 -1.035094
v 0.605740 2.612497 -1.023316
v 0.598498 2.508984 -1.019339
v 0.605740 2.405471 -1.023316
v 0.627188 2.292896 -1.035094
v 0.662017 2.208932 -1.054222
v 0.708889 2.133800 -1.079963
v 0.766002 2.067814 -1.111328
v 0.831163 2.018783 -1.147113
v 0.901866 1.988589 -1.185942
v 0.897337 3.029378 -1.205736
v 0.822279 2.999185 -1.185942
v 0.753105 2.950153 -1.167699
v 0.692473 2.884167 -1.151709
v 0.642715 2.803764 -1.138586
v 0.605740 2.712032 -1.128835
v 0.582971 2.612497 -1.122831
v 0.575284 2.508984 -1.120803
v 0.582971 2.405471 -1.122831
v 0.605740 2.292896 -1.128835
v 0.642715 2.208932 -1.138586
v 0.692473 2.133800 -1.151709
v 0.753105 2.067814 -1.167699
v 0.822279 2.018783 -1.185942
v 0.897337 1.988589 -1.205736
v 0.895808 3.029378 -1.226322
v 0.819279 2.999185 -1.226322
v 0.748750 2.950153 -1.226322
v 0.686931 2.884167 -1.226322
v 0.636197 2.803764 -1.226322
v 0.598498 2.712032 -1.226322
v 0.575283 2.612497 -1.226322
v 0.567445 2.508984 -1.226322
v 0.575283 2.405471 -1.226322
v 0.598498 2.292896 -1.226322
v 0.636197 2.208932 -1.226322
v 0.686931 2.133800 -1.226322
v 0.748750 2.067814 -1.226322
v 0.819279 2.018783 -1.226322
v 0.895808 1.988589 -1.226322
v 0.897337 3.029378 -1.246908
v 0.822279 2.999185 -1.266702
v 0.753105 2.950153 -1.284945
v 0.692473 2.884167 -1.300935
v 0.642715 2.803764 -1.314058
v 0.605740 2.712032 -1.323809
v 0.582971 2.612497 -1.329814
v 0.575284 2.508984 -1.331841
v 0.582971 2.405471 -1.329814
v 0.605740 2.292896 -1.323809
v 0.642715 2.208932 -1.314058
v 0.692473 2.133800 -1.300935
v 0.753105 2.067814 -1.284945
v 0.822279 2.018783 -1.266702
v 0.897337 1.988589 -1.246908
v 0.901866 3.029378 -1.266702
v 0.831163 2.999185 -1.305531
v 0.766002 2.950153 -1.341316
v 0.708889 2.884167 -1.372681
v 0.662017 2.803764 -1.398422
v 0.627188 2.712032 -1.417549
v 0.605740 2.612497 -1.429328
v 0.598498 2.508984 -1.433305
v 0.605740 2.405471 -1.429328
v 0.627188 2.292896 -1.417549
v 0.662017 2.208932 -1.398422
v 0.708889 2.133800 -1.372681
v 0.766002 2.067814 -1.341316
v 0.831163 2.018783 -1.305531
v 0.901866 1.988589 -1.266702
v 0.909221 3.029378 -1.284945
v 0.845589 2.999185 -1.341316
v 0.786947 2.950153 -1.393267
v 0.735546 2.884167 -1.438802
v 0.693362 2.803764 -1.476173
v 0.662017 2.712032 -1.503941
v 0.642715 2.612497 -1.521041
v 0.636197 2.508984 -1.526815
v 0.642715 2.405471 -1.521041
v 0.662017 2.292896 -1.503941
v 0.693362 2.208932 -1.476173
v 0.735546 2.133800 -1.438802
v 0.786947 2.067814 -1.393267
v 0.845589 2.018783 -1.341316
v 0.909221 1.988589 -1.284945
v 0.919118 3.029378 -1.300935
v 0.865004 2.999185 -1.372681
v 0.815133 2.950153 -1.438802
v 0.771420 2.884167 -1.496758
v 0.735546 2.803764 -1.544321
v 0.708889 2.712032 -1.579664
v 0.692473 2.612497 -1.601428
v 0.686931 2.508984 -1.608777
v 0.692473 2.405471 -1.601428
v 0.708889 2.292896 -1.579664
v 0.735546 2.208932 -1.544321
v 0.771420 2.133800 -1.496758
v 0.815133 2.067814 -1.438802
v 0.865004 2.018783 -1.372681
v 0.919118 1.988589 -1.300935
v 0.931179 3.029378 -1.314058
v 0.888662 2.999185 -1.398422
v 0.849478 2.950153 -1.476172
v 0.815133 2.884167 -1.544322
v 0.786947 2.803764 -1.600250
v 0.766002 2.712032 -1.641808
v 0.753105 2.612497 -1.667400
v 0.748750 2.508984 -1.676041
v 0.753105 2.405471 -1.667400
v 0.766002 2.292896 -1.641808
v 0.786947 2.208932 -1.600250
v 0.815133 2.133800 -1.544322
v 0.849478 2.067814 -1.476172
v 0.888662 2.018783 -1.398422
v 0.931179 1.988589 -1.314058
v 0.944938 3.029378 -1.323809
v 0.915652 2.999185 -1.417549
v 0.888662 2.950153 -1.503941
v 0.865004 2.884167 -1.579664
v 0.845589 2.803764 -1.641808
v 0.831163 2.712032 -1.687986
v 0.822279 2.612497 -1.716421
v 0.819279 2.508984 -1.726023
v 0.822279 2.405471 -1.716421
v 0.831163 2.305936 -1.687986
v 0.845589 2.214204 -1.641808
v 0.865004 2.133800 -1.579664
v 0.888662 2.067814 -1.503941
v 0.915652 2.018783 -1.417549
v 0.944938 1.988589 -1.323809
v 0.959868 3.029378 -1.329813
v 0.944938 2.999185 -1.429328
v 0.931179 2.950153 -1.521041
v 0.919118 2.884167 -1.601428
v 0.909221 2.803764 -1.667400
v 0.901866 2.712032 -1.716421
v 0.897337 2.612497 -1.746609
v 0.895808 2.508984 -1.756802
v 0.897337 2.405471 -1.746609
v 0.901866 2.305936 -1.716421
v 0.909221 2.214204 -1.667400
v 0.919118 2.133800 -1.601428
v 0.931179 2.067814 -1.521041
v 0.944938 2.018783 -1.429328
v 0.959868 1.988589 -1.329813
v 0.975395 3.029378 -1.331841
v 0.975395 2.999185 -1.433305
v 0.975395 2.884167 -1.608777
v 0.975395 2.712032 -1.726023
v 0.975395 2.305936 -1.726023
v 0.975395 2.133800 -1.608777
v 0.975395 2.067814 -1.526814
v 0.975395 2.018783 -1.433305
v 0.975395 1.988589 -1.331841
v 0.739751 2.911663 -0.557543
v 0.739751 2.827260 -0.609993
v 0.739751 2.716981 -0.638379
v 0.739751 2.657299 -0.642032
v 0.739751 2.597617 -0.638379
v 0.739751 2.487339 -0.609993
v 0.747595 2.957341 -0.488302
v 0.755137 2.939933 -0.523279
v 0.762089 2.911663 -0.555514
v 0.768182 2.873618 -0.583768
v 0.773182 2.827260 -0.606956
v 0.776897 2.774370 -0.624186
v 0.779185 2.716981 -0.634796
v 0.779958 2.657299 -0.638379
v 0.779185 2.597617 -0.634796
v 0.776897 2.540229 -0.624186
v 0.773182 2.487339 -0.606956
v 0.768182 2.440981 -0.583768
v 0.762089 2.402936 -0.555514
v 0.755137 2.374665 -0.523279
v 0.747595 2.357257 -0.488302
v 0.755137 2.957341 -0.486191
v 0.769933 2.939933 -0.519139
v 0.783568 2.911663 -0.549504
v 0.795520 2.873618 -0.576119
v 0.805328 2.827260 -0.597961
v 0.812616 2.774370 -0.614191
v 0.817105 2.716981 -0.624186
v 0.818620 2.657299 -0.627561
v 0.817105 2.597617 -0.624186
v 0.812616 2.540229 -0.614191
v 0.805328 2.487339 -0.597961
v 0.795520 2.440981 -0.576119
v 0.783568 2.402936 -0.549504
v 0.769933 2.374665 -0.519139
v 0.755137 2.357257 -0.486191
v 0.762089 2.957341 -0.482764
v 0.783568 2.939933 -0.512416
v 0.803364 2.911663 -0.539744
v 0.820715 2.873618 -0.563697
v 0.834954 2.827260 -0.583354
v 0.845535 2.774370 -0.597961
v 0.852051 2.716981 -0.606956
v 0.854251 2.657299 -0.609993
v 0.852051 2.597617 -0.606956
v 0.845535 2.540229 -0.597961
v 0.834954 2.487339 -0.583354
v 0.820715 2.440981 -0.563697
v 0.803364 2.402936 -0.539744
v 0.783568 2.374665 -0.512416
v 0.762089 2.357257 -0.482764
v 0.768182 2.957341 -0.478152
v 0.795520 2.939933 -0.503369
v 0.820715 2.911663 -0.526609
v 0.842798 2.873618 -0.546979
v 0.860922 2.827260 -0.563697
v 0.874389 2.774370 -0.576119
v 0.882682 2.716981 -0.583768
v 0.885482 2.657299 -0.586351
v 0.882682 2.597617 -0.583768
v 0.874389 2.540229 -0.576119
v 0.860922 2.487339 -0.563697
v 0.842798 2.440981 -0.546979
v 0.820715 2.402936 -0.526609
v 0.795520 2.374665 -0.503369
v 0.768182 2.357257 -0.478152
v 0.773182 2.957341 -0.472531
v 0.805328 2.939933 -0.492344
v 0.834954 2.911663 -0.510604
v 0.860922 2.873618 -0.526609
v 0.882233 2.827260 -0.539744
v 0.898068 2.774370 -0.549504
v 0.907820 2.716981 -0.555514
v 0.911113 2.657299 -0.557543
v 0.907820 2.597617 -0.555514
v 0.898068 2.540229 -0.549504
v 0.882233 2.487339 -0.539744
v 0.860922 2.440981 -0.526609
v 0.834954 2.402936 -0.510604
v 0.805328 2.374665 -0.492344
v 0.773182 2.357257 -0.472531
v 0.739751 2.963220 -0.451927
v 0.776897 2.957341 -0.466120
v 0.812616 2.939933 -0.479767
v 0.845535 2.911663 -0.492344
v 0.874389 2.873618 -0.503369
v 0.898068 2.827260 -0.512416
v 0.915664 2.774370 -0.519139
v 0.926499 2.716981 -0.523279
v 0.930158 2.657299 -0.524677
v 0.926499 2.597617 -0.523279
v 0.915664 2.540229 -0.519139
v 0.898068 2.487339 -0.512416
v 0.874389 2.440981 -0.503369
v 0.845535 2.402936 -0.492344
v 0.812616 2.374665 -0.479767
v 0.776897 2.357257 -0.466120
v 0.779185 2.957341 -0.459162
v 0.817105 2.939933 -0.466120
v 0.852051 2.911663 -0.472531
v 0.882682 2.873618 -0.478152
v 0.907820 2.827260 -0.482764
v 0.926499 2.774370 -0.486191
v 0.938002 2.716981 -0.488302
v 0.941886 2.657299 -0.489014
v 0.938002 2.597617 -0.488302
v 0.926499 2.540229 -0.486191
v 0.907820 2.487339 -0.482764
v 0.882682 2.440981 -0.478152
v 0.852051 2.402936 -0.472531
v 0.817105 2.374665 -0.466120
v 0.779185 2.357257 -0.459162
v 0.779958 2.957341 -0.451927
v 0.818620 2.939933 -0.451927
v 0.854251 2.911663 -0.451927
v 0.885482 2.873618 -0.451927
v 0.911113 2.827260 -0.451927
v 0.930158 2.774370 -0.451927
v 0.941886 2.716981 -0.451927
v 0.945846 2.657299 -0.451927
v 0.941886 2.597617 -0.451927
v 0.930158 2.540229 -0.451927
v 0.911113 2.487339 -0.451927
v 0.885482 2.440981 -0.451927
v 0.854251 2.402936 -0.451927
v 0.818620 2.374665 -0.451927
v 0.779958 2.357257 -0.451927
v 0.779185 2.957341 -0.444691
v 0.817105 2.939933 -0.437734
v 0.852051 2.911663 -0.431322
v 0.882682 2.873618 -0.425702
v 0.907820 2.827260 -0.421089
v 0.926499 2.774370 -0.417662
v 0.938002 2.716981 -0.415552
v 0.941886 2.657299 -0.414839
v 0.938002 2.597617 -0.415552
v 0.926499 2.540229 -0.417662
v 0.907820 2.487339 -0.421089
v 0.882682 2.440981 -0.425702
v 0.852051 2.402936 -0.431322
v 0.817105 2.374665 -0.437734
v 0.779185 2.357257 -0.444691
v 0.776897 2.957341 -0.437734
v 0.812616 2.939933 -0.424087
v 0.845535 2.911663 -0.411509
v 0.874389 2.873618 -0.400485
v 0.898068 2.827260 -0.391437
v 0.915664 2.774370 -0.384715
v 0.926499 2.716981 -0.380575
v 0.930158 2.657299 -0.379177
v 0.926499 2.597617 -0.380575
v 0.915664 2.540229 -0.384715
v 0.898068 2.487339 -0.391437
v 0.874389 2.440981 -0.400485
v 0.845535 2.402936 -0.411509
v 0.812616 2.374665 -0.424087
v 0.776897 2.357257 -0.437734
v 0.773182 2.957341 -0.431322
v 0.805328 2.939933 -0.411509
v 0.834954 2.911663 -0.393249
v 0.860922 2.873618 -0.377245
v 0.882233 2.827260 -0.364110
v 0.898068 2.774370 -0.354350
v 0.907820 2.716981 -0.348340
v 0.911113 2.657299 -0.346310
v 0.907820 2.597617 -0.348340
v 0.898068 2.540229 -0.354350
v 0.882233 2.487339 -0.364110
v 0.860922 2.440981 -0.377245
v 0.834954 2.402936 -0.393249
v 0.805328 2.374665 -0.411509
v 0.773182 2.357257 -0.431322
v 0.768182 2.957341 -0.425702
v 0.795520 2.939933 -0.400485
v 0.820715 2.911663 -0.377245
v 0.842798 2.873618 -0.356874
v 0.860922 2.827260 -0.340157
v 0.874389 2.774370 -0.327735
v 0.882682 2.716981 -0.320085
v 0.885482 2.657299 -0.317502
v 0.882682 2.597617 -0.320085
v 0.874389 2.540229 -0.327735
v 0.860922 2.487339 -0.340157
v 0.842798 2.440981 -0.356874
v 0.820715 2.402936 -0.377245
v 0.795520 2.374665 -0.400485
v 0.768182 2.357257 -0.425702
v 0.762089 2.957341 -0.421090
v 0.783568 2.939933 -0.391437
v 0.803364 2.911663 -0.364110
v 0.820715 2.873618 -0.340157
v 0.834954 2.827260 -0.320499
v 0.845535 2.774370 -0.305893
v 0.852051 2.716981 -0.296898
v 0.854251 2.657299 -0.293860
v 0.852051 2.597617 -0.296898
v 0.845535 2.540229 -0.305893
v 0.834954 2.487339 -0.320499
v 0.820715 2.440981 -0.340157
v 0.803364 2.402936 -0.364110
v 0.783568 2.374665 -0.391437
v 0.762089 2.357257 -0.421090
v 0.755137 2.957341 -0.417662
v 0.769933 2.939933 -0.384715
v 0.783568 2.911663 -0.354350
v 0.795520 2.873618 -0.327735
v 0.805328 2.827260 -0.305893
v 0.812616 2.774370 -0.289662
v 0.817105 2.716981 -0.279668
v 0.818620 2.657299 -0.276293
v 0.817105 2.597617 -0.279668
v 0.812616 2.540229 -0.289662
v 0.805328 2.487339 -0.305893
v 0.795520 2.440981 -0.327735
v 0.783568 2.402936 -0.354350
v 0.769933 2.374665 -0.384715
v 0.755137 2.357257 -0.417662
v 0.747595 2.957341 -0.415552
v 0.755137 2.939933 -0.380575
v 0.762089 2.911663 -0.348340
v 0.768182 2.873618 -0.320085
v 0.773182 2.827260 -0.296898
v 0.776897 2.774370 -0.279668
v 0.779185 2.716981 -0.269057
v 0.779958 2.657299 -0.265475
v 0.779185 2.597617 -0.269057
v 0.776897 2.540229 -0.279668
v 0.773182 2.487339 -0.296898
v 0.768182 2.440981 -0.320085
v 0.762089 2.402936 -0.348340
v 0.755137 2.374665 -0.380575
v 0.747595 2.357257 -0.415552
v 0.739751 2.957341 -0.414839
v 0.739751 2.939933 -0.379177
v 0.739751 2.911663 -0.346310
v 0.739751 2.873618 -0.317502
v 0.739751 2.827260 -0.293860
v 0.739751 2.774370 -0.276293
v 0.739751 2.716981 -0.265475
v 0.739751 2.657299 -0.261822
v 0.739751 2.597617 -0.265475
v 0.739751 2.540229 -0.276293
v 0.739751 2.487339 -0.293860
v 0.739751 2.440981 -0.317502
v 0.739751 2.402936 -0.346310
v 0.739751 2.374665 -0.379177
v 0.739751 2.357257 -0.414839
v 0.731907 2.957341 -0.415552
v 0.724364 2.939933 -0.380575
v 0.717413 2.911663 -0.348340
v 0.711320 2.873618 -0.320085
v 0.706320 2.827260 -0.296898
v 0.702604 2.774370 -0.279668
v 0.700316 2.716981 -0.269057
v 0.699544 2.657299 -0.265475
v 0.700316 2.597617 -0.269057
v 0.702604 2.540229 -0.279668
v 0.706320 2.487339 -0.296898
v 0.711320 2.440981 -0.320085
v 0.717413 2.402936 -0.348340
v 0.724364 2.374665 -0.380575
v 0.731907 2.357257 -0.415552
v 0.724364 2.957341 -0.417662
v 0.709569 2.939933 -0.384715
v 0.695933 2.911663 -0.354350
v 0.683982 2.873618 -0.327735
v 0.674174 2.827260 -0.305893
v 0.666885 2.774370 -0.289662
v 0.662397 2.716981 -0.279668
v 0.660882 2.657299 -0.276293
v 0.662397 2.597617 -0.279668
v 0.666885 2.540229 -0.289662
v 0.674174 2.487339 -0.305893
v 0.683982 2.440981 -0.327735
v 0.695933 2.402936 -0.354350
v 0.709569 2.374665 -0.384715
v 0.724364 2.357257 -0.417662
v 0.717413 2.957341 -0.421090
v 0.695933 2.939933 -0.391437
v 0.676138 2.911663 -0.364110
v 0.658787 2.873618 -0.340157
v 0.644547 2.827260 -0.320499
v 0.633966 2.774370 -0.305893
v 0.627451 2.716981 -0.296898
v 0.625251 2.657299 -0.293860
v 0.627451 2.597617 -0.296898
v 0.633966 2.540229 -0.305893
v 0.644547 2.487339 -0.320499
v 0.658787 2.440981 -0.340157
v 0.676138 2.402936 -0.364110
v 0.695933 2.374665 -0.391437
v 0.717413 2.357257 -0.421090
v 0.711320 2.957341 -0.425702
v 0.683982 2.939933 -0.400485
v 0.658787 2.911663 -0.377245
v 0.636703 2.873618 -0.356874
v 0.618580 2.827260 -0.340157
v 0.605113 2.774370 -0.327735
v 0.596820 2.716981 -0.320085
v 0.594020 2.657299 -0.317503
v 0.596820 2.597617 -0.320085
v 0.605113 2.540229 -0.327735
v 0.618580 2.487339 -0.340157
v 0.636703 2.440981 -0.356874
v 0.658787 2.402936 -0.377245
v 0.683982 2.374665 -0.400485
v 0.711320 2.357257 -0.425702
v 0.739751 2.351379 -0.451927
v 0.706320 2.957341 -0.431322
v 0.674174 2.939933 -0.411509
v 0.644547 2.911663 -0.393249
v 0.618580 2.873618 -0.377245
v 0.597269 2.827260 -0.364110
v 0.581433 2.774370 -0.354350
v 0.571682 2.716981 -0.348340
v 0.568389 2.657299 -0.346310
v 0.571682 2.597617 -0.348340
v 0.581433 2.540229 -0.354350
v 0.597269 2.487339 -0.364110
v 0.618580 2.440981 -0.377245
v 0.644547 2.402936 -0.393249
v 0.674174 2.374665 -0.411509
v 0.706320 2.357257 -0.431322
v 0.702604 2.957341 -0.437734
v 0.666885 2.939933 -0.424087
v 0.633966 2.911663 -0.411509
v 0.605113 2.873618 -0.400485
v 0.581433 2.827260 -0.391437
v 0.563838 2.774370 -0.384715
v 0.553002 2.716981 -0.380575
v 0.549344 2.657299 -0.379177
v 0.553002 2.597617 -0.380575
v 0.563838 2.540229 -0.384715
v 0.581433 2.487339 -0.391437
v 0.605113 2.440981 -0.400485
v 0.633966 2.402936 -0.411509
v 0.666885 2.374665 -0.424087
v 0.702604 2.357257 -0.437734
v 0.700316 2.957341 -0.444691
v 0.662397 2.939933 -0.437734
v 0.627451 2.911663 -0.431322
v 0.596820 2.873618 -0.425702
v 0.571682 2.827260 -0.421090
v 0.553002 2.774370 -0.417662
v 0.541500 2.716981 -0.415552
v 0.537616 2.657299 -0.414839
v 0.541500 2.597617 -0.415552
v 0.553002 2.540229 -0.417662
v 0.571682 2.487339 -0.421090
v 0.596820 2.440981 -0.425702
v 0.627451 2.402936 -0.431322
v 0.662397 2.374665 -0.437734
v 0.700316 2.357257 -0.444691
v 0.699544 2.957341 -0.451927
v 0.660882 2.939933 -0.451927
v 0.625251 2.911663 -0.451927
v 0.594020 2.873618 -0.451927
v 0.568389 2.827260 -0.451927
v 0.549344 2.774370 -0.451927
v 0.537616 2.716981 -0.451927
v 0.533656 2.657299 -0.451927
v 0.537616 2.597617 -0.451927
v 0.549344 2.540229 -0.451927
v 0.568389 2.487339 -0.451927
v 0.594020 2.440981 -0.451927
v 0.625251 2.402936 -0.451927
v 0.660882 2.374665 -0.451927
v 0.699544 2.357257 -0.451927
v 0.700316 2.957341 -0.459162
v 0.662397 2.939933 -0.466120
v 0.627451 2.911663 -0.472531
v 0.596820 2.873618 -0.478152
v 0.571682 2.827260 -0.482764
v 0.553002 2.774370 -0.486191
v 0.541500 2.716981 -0.488302
v 0.537616 2.657299 -0.489014
v 0.541500 2.597617 -0.488302
v 0.553002 2.540229 -0.486191
v 0.571682 2.487339 -0.482764
v 0.596820 2.440981 -0.478152
v 0.627451 2.402936 -0.472531
v 0.662397 2.374665 -0.466120
v 0.700316 2.357257 -0.459162
v 0.702604 2.957341 -0.466120
v 0.666885 2.939933 -0.479767
v 0.633966 2.911663 -0.492344
v 0.605113 2.873618 -0.503369
v 0.581433 2.827260 -0.512416
v 0.563838 2.774370 -0.519139
v 0.553003 2.716981 -0.523279
v 0.549344 2.657299 -0.524677
v 0.553003 2.597617 -0.523279
v 0.563838 2.540229 -0.519139
v 0.581433 2.487339 -0.512416
v 0.605113 2.440981 -0.503369
v 0.633966 2.402936 -0.492344
v 0.666885 2.374665 -0.479767
v 0.702604 2.357257 -0.466120
v 0.706320 2.957341 -0.472531
v 0.674174 2.939933 -0.492344
v 0.644547 2.911663 -0.510604
v 0.618580 2.873618 -0.526609
v 0.597269 2.827260 -0.539744
v 0.581433 2.774370 -0.549504
v 0.571682 2.716981 -0.555514
v 0.568389 2.657299 -0.557543
v 0.571682 2.597617 -0.555514
v 0.581433 2.540229 -0.549504
v 0.597269 2.487339 -0.539744
v 0.618580 2.440981 -0.526609
v 0.644547 2.402936 -0.510604
v 0.674174 2.374665 -0.492344
v 0.706320 2.357257 -0.472531
v 0.711320 2.957341 -0.478152
v 0.683982 2.939933 -0.503369
v 0.658787 2.911663 -0.526609
v 0.636703 2.873618 -0.546979
v 0.618580 2.827260 -0.563697
v 0.605113 2.774370 -0.576119
v 0.596820 2.716981 -0.583768
v 0.594020 2.657299 -0.586351
v 0.596820 2.597617 -0.583768
v 0.605113 2.540229 -0.576119
v 0.618580 2.487339 -0.563697
v 0.636703 2.440981 -0.546979
v 0.658787 2.402936 -0.526609
v 0.683982 2.374665 -0.503369
v 0.711320 2.357257 -0.478152
v 0.717413 2.957341 -0.482764
v 0.695933 2.939933 -0.512416
v 0.676138 2.911663 -0.539744
v 0.658787 2.873618 -0.563697
v 0.644547 2.827260 -0.583354
v 0.633966 2.774370 -0.597961
v 0.627451 2.716981 -0.606956
v 0.625251 2.657299 -0.609993
v 0.627451 2.597617 -0.606956
v 0.633966 2.540229 -0.597961
v 0.644547 2.487339 -0.583354
v 0.658787 2.440981 -0.563697
v 0.676138 2.402936 -0.539744
v 0.695933 2.374665 -0.512416
v 0.717413 2.357257 -0.482764
v 0.724364 2.957341 -0.486191
v 0.709569 2.939933 -0.519139
v 0.695934 2.911663 -0.549504
v 0.683982 2.873618 -0.576119
v 0.674174 2.827260 -0.597961
v 0.666885 2.774370 -0.614191
v 0.662397 2.716981 -0.624186
v 0.660882 2.657299 -0.627561
v 0.662397 2.597617 -0.624186
v 0.666885 2.540229 -0.614191
v 0.674174 2.487339 -0.597961
v 0.683982 2.440981 -0.576119
v 0.695934 2.402936 -0.549504
v 0.709569 2.374665 -0.519139
v 0.724364 2.357257 -0.486191
v 0.731907 2.957341 -0.488302
v 0.724364 2.939933 -0.523279
v 0.717413 2.911663 -0.555514
v 0.711320 2.873618 -0.583768
v 0.706320 2.827260 -0.606956
v 0.702604 2.774370 -0.624186
v 0.700316 2.716981 -0.634796
v 0.699544 2.657299 -0.638379
v 0.700316 2.597617 -0.634796
v 0.702604 2.540229 -0.624186
v 0.706320 2.487339 -0.606956
v 0.711320 2.440981 -0.583768
v 0.717413 2.402936 -0.555514
v 0.724364 2.374665 -0.523279
v 0.731907 2.357257 -0.488302
v 0.739751 2.957341 -0.489014
v 0.739751 2.939933 -0.524677
v 0.739751 2.873618 -0.586351
v 0.739751 2.774370 -0.627561
v 0.739751 2.540229 -0.627561
v 0.739751 2.440981 -0.586351
v 0.739751 2.402936 -0.557543
v 0.739751 2.374665 -0.524677
v 0.739751 2.357257 -0.489014
v 1.253338 2.909292 -0.576410
v 1.253338 2.828628 -0.632067
v 1.253338 2.723236 -0.662189
v 1.253338 2.666198 -0.666065
v 1.253338 2.609160 -0.662189
v 1.253338 2.503768 -0.632067
v 1.261242 2.952947 -0.502934
v 1.268843 2.936310 -0.540050
v 1.275848 2.909292 -0.574256
v 1.281987 2.872932 -0.604238
v 1.287026 2.828628 -0.628844
v 1.290770 2.778082 -0.647128
v 1.293076 2.723236 -0.658387
v 1.293854 2.666198 -0.662189
v 1.293076 2.609160 -0.658387
v 1.290770 2.554314 -0.647128
v 1.287026 2.503768 -0.628844
v 1.281987 2.459463 -0.604238
v 1.275848 2.423104 -0.574256
v 1.268843 2.396086 -0.540050
v 1.261242 2.379449 -0.502934
v 1.268843 2.952947 -0.500694
v 1.283752 2.936310 -0.535657
v 1.297493 2.909292 -0.567879
v 1.309536 2.872932 -0.596121
v 1.319420 2.828628 -0.619299
v 1.326764 2.778082 -0.636522
v 1.331287 2.723236 -0.647128
v 1.332814 2.666198 -0.650709
v 1.331287 2.609160 -0.647128
v 1.326764 2.554314 -0.636522
v 1.319420 2.503768 -0.619299
v 1.309536 2.459463 -0.596121
v 1.297493 2.423104 -0.567879
v 1.283752 2.396086 -0.535657
v 1.268843 2.379449 -0.500694
v 1.275848 2.952947 -0.497057
v 1.297493 2.936310 -0.528523
v 1.317441 2.909292 -0.557522
v 1.334925 2.872932 -0.582939
v 1.349274 2.828628 -0.603799
v 1.359937 2.778082 -0.619299
v 1.366503 2.723236 -0.628844
v 1.368719 2.666198 -0.632067
v 1.366503 2.609160 -0.628844
v 1.359937 2.554314 -0.619299
v 1.349274 2.503768 -0.603799
v 1.334925 2.459463 -0.582939
v 1.317441 2.423104 -0.557522
v 1.297493 2.396086 -0.528523
v 1.275848 2.379449 -0.497057
v 1.281987 2.952947 -0.492163
v 1.309536 2.936310 -0.518922
v 1.334925 2.909292 -0.543584
v 1.357179 2.872932 -0.565200
v 1.375442 2.828628 -0.582939
v 1.389012 2.778082 -0.596121
v 1.397369 2.723236 -0.604238
v 1.400191 2.666198 -0.606979
v 1.397369 2.609160 -0.604238
v 1.389012 2.554314 -0.596121
v 1.375442 2.503768 -0.582939
v 1.357179 2.459463 -0.565200
v 1.334925 2.423104 -0.543584
v 1.309536 2.396086 -0.518922
v 1.281987 2.379449 -0.492163
v 1.287026 2.952947 -0.486199
v 1.319420 2.936310 -0.507224
v 1.349274 2.909292 -0.526600
v 1.375442 2.872932 -0.543584
v 1.396917 2.828628 -0.557522
v 1.412874 2.778082 -0.567879
v 1.422701 2.723236 -0.574256
v 1.426019 2.666198 -0.576410
v 1.422701 2.609160 -0.574256
v 1.412874 2.554314 -0.567879
v 1.396917 2.503768 -0.557522
v 1.375442 2.459463 -0.543584
v 1.349274 2.423104 -0.526600
v 1.319420 2.396086 -0.507224
v 1.287026 2.379449 -0.486199
v 1.253338 2.958565 -0.464334
v 1.290770 2.952947 -0.479395
v 1.326764 2.936310 -0.493877
v 1.359937 2.909292 -0.507224
v 1.389012 2.872932 -0.518922
v 1.412874 2.828628 -0.528523
v 1.430605 2.778082 -0.535657
v 1.441524 2.723236 -0.540050
v 1.445211 2.666198 -0.541533
v 1.441524 2.609160 -0.540050
v 1.430605 2.554314 -0.535657
v 1.412874 2.503768 -0.528523
v 1.389012 2.459463 -0.518922
v 1.359937 2.423104 -0.507224
v 1.326764 2.396086 -0.493877
v 1.290770 2.379449 -0.479395
v 1.293076 2.952947 -0.472012
v 1.331287 2.936310 -0.479395
v 1.366503 2.909292 -0.486199
v 1.397369 2.872932 -0.492163
v 1.422701 2.828628 -0.497057
v 1.441524 2.778082 -0.500694
v 1.453115 2.723236 -0.502934
v 1.457029 2.666198 -0.503690
v 1.453115 2.609160 -0.502934
v 1.441524 2.554314 -0.500694
v 1.422701 2.503768 -0.497057
v 1.397369 2.459463 -0.492163
v 1.366503 2.423104 -0.486199
v 1.331287 2.396086 -0.479395
v 1.293076 2.379449 -0.472012
v 1.293854 2.952947 -0.464334
v 1.332814 2.936310 -0.464334
v 1.368719 2.909292 -0.464334
v 1.400191 2.872932 -0.464334
v 1.426019 2.828628 -0.464334
v 1.445211 2.778082 -0.464334
v 1.457029 2.723236 -0.464334
v 1.461019 2.666198 -0.464334
v 1.457029 2.609160 -0.464334
v 1.445211 2.554314 -0.464334
v 1.426019 2.503768 -0.464334
v 1.400191 2.459463 -0.464334
v 1.368719 2.423104 -0.464334
v 1.332814 2.396086 -0.464334
v 1.293854 2.379449 -0.464334
v 1.293076 2.952947 -0.456656
v 1.331287 2.936310 -0.449273
v 1.366503 2.909292 -0.442469
v 1.397369 2.872932 -0.436505
v 1.422701 2.828628 -0.431611
v 1.441524 2.778082 -0.427974
v 1.453115 2.723236 -0.425735
v 1.457029 2.666198 -0.424978
v 1.453115 2.609160 -0.425735
v 1.441524 2.554314 -0.427974
v 1.422701 2.503768 -0.431611
v 1.397369 2.459463 -0.436505
v 1.366503 2.423104 -0.442469
v 1.331287 2.396086 -0.449273
v 1.293076 2.379449 -0.456656
v 1.290770 2.952947 -0.449273
v 1.326764 2.936310 -0.434791
v 1.359936 2.909292 -0.421445
v 1.389012 2.872932 -0.409746
v 1.412874 2.828628 -0.400145
v 1.430605 2.778082 -0.393011
v 1.441524 2.723236 -0.388618
v 1.445211 2.666198 -0.387135
v 1.441524 2.609160 -0.388618
v 1.430605 2.554314 -0.393011
v 1.412874 2.503768 -0.400145
v 1.389012 2.459463 -0.409746
v 1.359936 2.423104 -0.421445
v 1.326764 2.396086 -0.434791
v 1.290770 2.379449 -0.449273
v 1.287026 2.952947 -0.442469
v 1.319420 2.936310 -0.421445
v 1.349274 2.909292 -0.402068
v 1.375442 2.872932 -0.385085
v 1.396917 2.828628 -0.371147
v 1.412874 2.778082 -0.360790
v 1.422701 2.723236 -0.354412
v 1.426019 2.666198 -0.352258
v 1.422701 2.609160 -0.354412
v 1.412874 2.554314 -0.360790
v 1.396917 2.503768 -0.371147
v 1.375442 2.459463 -0.385085
v 1.349274 2.423104 -0.402068
v 1.319420 2.396086 -0.421445
v 1.287026 2.379449 -0.442469
v 1.281987 2.952947 -0.436505
v 1.309536 2.936310 -0.409746
v 1.334925 2.909292 -0.385085
v 1.357179 2.872932 -0.363469
v 1.375442 2.828628 -0.345729
v 1.389012 2.778082 -0.332547
v 1.397369 2.723236 -0.324430
v 1.400191 2.666198 -0.321689
v 1.397369 2.609160 -0.324430
v 1.389012 2.554314 -0.332547
v 1.375442 2.503768 -0.345729
v 1.357179 2.459463 -0.363469
v 1.334925 2.423104 -0.385085
v 1.309536 2.396086 -0.409746
v 1.281987 2.379449 -0.436505
v 1.275848 2.952947 -0.431611
v 1.297493 2.936310 -0.400145
v 1.317440 2.909292 -0.371147
v 1.334792 2.872668 -0.345592
v 1.349274 2.828628 -0.324869
v 1.359937 2.778082 -0.309369
v 1.366503 2.723236 -0.299824
v 1.368719 2.666198 -0.296601
v 1.366503 2.609160 -0.299824
v 1.359937 2.554314 -0.309369
v 1.349274 2.503768 -0.324869
v 1.334925 2.459463 -0.345729
v 1.317440 2.423104 -0.371147
v 1.297493 2.396086 -0.400145
v 1.275848 2.379449 -0.431611
v 1.268843 2.952947 -0.427974
v 1.283752 2.936310 -0.393011
v 1.297492 2.909292 -0.360790
v 1.309536 2.872932 -0.332547
v 1.319420 2.828628 -0.309369
v 1.326764 2.778082 -0.292146
v 1.331287 2.723236 -0.281540
v 1.332814 2.666198 -0.277959
v 1.331287 2.609160 -0.281540
v 1.326764 2.554314 -0.292146
v 1.319420 2.503768 -0.309369
v 1.309536 2.459463 -0.332547
v 1.297492 2.423104 -0.360790
v 1.283752 2.396086 -0.393011
v 1.268843 2.379449 -0.427974
v 1.261242 2.952947 -0.425735
v 1.268843 2.936310 -0.388618
v 1.275848 2.909292 -0.354412
v 1.281987 2.872932 -0.324430
v 1.287026 2.828628 -0.299824
v 1.290770 2.778082 -0.281540
v 1.293076 2.723236 -0.270281
v 1.293854 2.666198 -0.266479
v 1.293076 2.609160 -0.270281
v 1.290770 2.554314 -0.281540
v 1.287026 2.503768 -0.299824
v 1.281987 2.459463 -0.324430
v 1.275848 2.423104 -0.354412
v 1.268843 2.396086 -0.388618
v 1.261242 2.379449 -0.425735
v 1.253338 2.952947 -0.424978
v 1.253338 2.936310 -0.387135
v 1.253338 2.909292 -0.352258
v 1.253338 2.872932 -0.321689
v 1.253338 2.828628 -0.296601
v 1.253338 2.778082 -0.277959
v 1.253338 2.723236 -0.266479
v 1.253338 2.666198 -0.262603
v 1.253338 2.609160 -0.266479
v 1.253338 2.554314 -0.277959
v 1.253338 2.503768 -0.296601
v 1.253338 2.459463 -0.321689
v 1.253338 2.423104 -0.352258
v 1.253338 2.396086 -0.387135
v 1.253338 2.379449 -0.424978
v 1.245433 2.952947 -0.425735
v 1.237833 2.936310 -0.388618
v 1.230828 2.909292 -0.354412
v 1.224688 2.872932 -0.324430
v 1.219649 2.828628 -0.299824
v 1.215905 2.778082 -0.281540
v 1.213600 2.723236 -0.270281
v 1.212821 2.666198 -0.266480
v 1.213600 2.609160 -0.270281
v 1.215905 2.554314 -0.281540
v 1.219649 2.503768 -0.299824
v 1.224688 2.459463 -0.324430
v 1.230828 2.423104 -0.354412
v 1.237833 2.396086 -0.388618
v 1.245433 2.379449 -0.425735
v 1.237833 2.952947 -0.427974
v 1.222924 2.936310 -0.393011
v 1.209183 2.909292 -0.360790
v 1.197140 2.872932 -0.332547
v 1.187256 2.828628 -0.309369
v 1.179911 2.778082 -0.292146
v 1.175389 2.723236 -0.281540
v 1.173861 2.666198 -0.277959
v 1.175389 2.609160 -0.281540
v 1.179911 2.554314 -0.292146
v 1.187256 2.503768 -0.309369
v 1.197140 2.459463 -0.332547
v 1.209183 2.423104 -0.360790
v 1.222924 2.396086 -0.393011
v 1.237833 2.379449 -0.427974
v 1.230828 2.952947 -0.431611
v 1.209183 2.936310 -0.400145
v 1.189235 2.909292 -0.371147
v 1.171751 2.872932 -0.345729
v 1.157401 2.828628 -0.324869
v 1.146739 2.778082 -0.309369
v 1.140173 2.723236 -0.299824
v 1.137956 2.666198 -0.296601
v 1.140173 2.609160 -0.299824
v 1.146739 2.554314 -0.309369
v 1.157401 2.503768 -0.324869
v 1.171751 2.459463 -0.345729
v 1.189235 2.423104 -0.371147
v 1.209183 2.396086 -0.400145
v 1.230828 2.379449 -0.431611
v 1.224688 2.952947 -0.436505
v 1.197140 2.936310 -0.409746
v 1.171751 2.909292 -0.385085
v 1.149497 2.872932 -0.363469
v 1.131234 2.828628 -0.345729
v 1.117663 2.778082 -0.332547
v 1.109306 2.723236 -0.324430
v 1.106485 2.666198 -0.321689
v 1.109306 2.609160 -0.324430
v 1.117663 2.554314 -0.332547
v 1.131234 2.503768 -0.345729
v 1.149497 2.459463 -0.363469
v 1.171751 2.423104 -0.385085
v 1.197140 2.396086 -0.409746
v 1.224688 2.379449 -0.436505
v 1.253338 2.373831 -0.464334
v 1.219649 2.952947 -0.442469
v 1.187256 2.936310 -0.421445
v 1.157401 2.909292 -0.402068
v 1.131234 2.872932 -0.385085
v 1.109759 2.828628 -0.371147
v 1.093801 2.778082 -0.360790
v 1.083975 2.723236 -0.354412
v 1.080657 2.666198 -0.352259
v 1.083975 2.609160 -0.354412
v 1.093801 2.554314 -0.360790
v 1.109759 2.503768 -0.371147
v 1.131234 2.459463 -0.385085
v 1.157401 2.423104 -0.402068
v 1.187256 2.396086 -0.421445
v 1.219649 2.379449 -0.442469
v 1.215905 2.952947 -0.449273
v 1.179911 2.936310 -0.434791
v 1.146739 2.909292 -0.421445
v 1.117663 2.872932 -0.409746
v 1.093801 2.828628 -0.400145
v 1.076070 2.778082 -0.393011
v 1.065152 2.723236 -0.388618
v 1.061465 2.666198 -0.387135
v 1.065152 2.609160 -0.388618
v 1.076070 2.554314 -0.393011
v 1.093801 2.503768 -0.400145
v 1.117663 2.459463 -0.409746
v 1.146739 2.423104 -0.421445
v 1.179911 2.396086 -0.434791
v 1.215905 2.379449 -0.449273
v 1.213600 2.952947 -0.456656
v 1.175389 2.936310 -0.449273
v 1.140173 2.909292 -0.442469
v 1.109306 2.872932 -0.436505
v 1.083975 2.828628 -0.431611
v 1.065152 2.778082 -0.427974
v 1.053561 2.723236 -0.425735
v 1.049647 2.666198 -0.424978
v 1.053561 2.609160 -0.425735
v 1.065152 2.554314 -0.427974
v 1.083975 2.503768 -0.431611
v 1.109306 2.459463 -0.436505
v 1.140173 2.423104 -0.442469
v 1.175389 2.396086 -0.449273
v 1.213600 2.379449 -0.456656
v 1.212821 2.952947 -0.464334
v 1.173862 2.936310 -0.464334
v 1.137956 2.909292 -0.464334
v 1.106485 2.872932 -0.464334
v 1.080657 2.828628 -0.464334
v 1.061465 2.778082 -0.464334
v 1.049647 2.723236 -0.464334
v 1.045656 2.666198 -0.464334
v 1.049647 2.609160 -0.464334
v 1.061465 2.554314 -0.464334
v 1.080657 2.503768 -0.464334
v 1.106485 2.459463 -0.464334
v 1.137956 2.423104 -0.464334
v 1.173862 2.396086 -0.464334
v 1.212821 2.379449 -0.464334
v 1.213600 2.952947 -0.472012
v 1.175389 2.936310 -0.479395
v 1.140173 2.909292 -0.486199
v 1.109306 2.872932 -0.492163
v 1.083975 2.828628 -0.497057
v 1.065152 2.778082 -0.500694
v 1.053561 2.723236 -0.502934
v 1.049647 2.666198 -0.503690
v 1.053561 2.609160 -0.502934
v 1.065152 2.554314 -0.500694
v 1.083975 2.503768 -0.497057
v 1.109306 2.459463 -0.492163
v 1.140173 2.423104 -0.486199
v 1.175389 2.396086 -0.479395
v 1.213600 2.379449 -0.472012
v 1.215905 2.952947 -0.479395
v 1.179911 2.936310 -0.493877
v 1.146739 2.909292 -0.507224
v 1.117663 2.872932 -0.518922
v 1.093801 2.828628 -0.528523
v 1.076071 2.778082 -0.535657
v 1.065152 2.723236 -0.540050
v 1.061465 2.666198 -0.541533
v 1.065152 2.609160 -0.540050
v 1.076071 2.554314 -0.535657
v 1.093801 2.503768 -0.528523
v 1.117663 2.459463 -0.518922
v 1.146739 2.423104 -0.507224
v 1.179911 2.396086 -0.493877
v 1.215905 2.379449 -0.479395
v 1.219649 2.952947 -0.486199
v 1.187256 2.936310 -0.507224
v 1.157401 2.909292 -0.526600
v 1.131234 2.872932 -0.543584
v 1.109759 2.828628 -0.557522
v 1.093801 2.778082 -0.567879
v 1.083975 2.723236 -0.574256
v 1.080657 2.666198 -0.576410
v 1.083975 2.609160 -0.574256
v 1.093801 2.554314 -0.567879
v 1.109759 2.503768 -0.557522
v 1.131234 2.459463 -0.543584
v 1.157401 2.423104 -0.526600
v 1.187256 2.396086 -0.507224
v 1.219649 2.379449 -0.486199
v 1.224688 2.952947 -0.492163
v 1.197140 2.936310 -0.518922
v 1.171751 2.909292 -0.543584
v 1.149497 2.872932 -0.565200
v 1.131234 2.828628 -0.582939
v 1.117663 2.778082 -0.596121
v 1.109307 2.723236 -0.604238
v 1.106485 2.666198 -0.606979
v 1.109307 2.609160 -0.604238
v 1.117663 2.554314 -0.596121
v 1.131234 2.503768 -0.582939
v 1.149497 2.459463 -0.565200
v 1.171751 2.423104 -0.543584
v 1.197140 2.396086 -0.518922
v 1.224688 2.379449 -0.492163
v 1.230828 2.952947 -0.497057
v 1.209183 2.936310 -0.528523
v 1.189235 2.909292 -0.557522
v 1.171751 2.872932 -0.582939
v 1.157401 2.828628 -0.603799
v 1.146739 2.778082 -0.619299
v 1.140173 2.723236 -0.628844
v 1.137956 2.666198 -0.632067
v 1.140173 2.609160 -0.628844
v 1.146739 2.554314 -0.619299
v 1.157401 2.503768 -0.603799
v 1.171751 2.459463 -0.582939
v 1.189235 2.423104 -0.557522
v 1.209183 2.396086 -0.528523
v 1.230828 2.379449 -0.497057
v 1.237833 2.952947 -0.500694
v 1.222924 2.936310 -0.535657
v 1.209183 2.909292 -0.567879
v 1.197140 2.872932 -0.596121
v 1.187256 2.828628 -0.619299
v 1.179911 2.778082 -0.636522
v 1.175389 2.723236 -0.647128
v 1.173862 2.666198 -0.650709
v 1.175389 2.609160 -0.647128
v 1.179911 2.554314 -0.636522
v 1.187256 2.503768 -0.619299
v 1.197140 2.459463 -0.596121
v 1.209183 2.423104 -0.567879
v 1.222924 2.396086 -0.535657
v 1.237833 2.379449 -0.500694
v 1.245433 2.952947 -0.502934
v 1.237833 2.936310 -0.540050
v 1.230828 2.909292 -0.574256
v 1.224688 2.872932 -0.604238
v 1.219649 2.828628 -0.628844
v 1.215905 2.778082 -0.647128
v 1.213600 2.723236 -0.658387
v 1.212821 2.666198 -0.662189
v 1.213600 2.609160 -0.658387
v 1.215905 2.554314 -0.647128
v 1.219649 2.503768 -0.628844
v 1.224688 2.459463 -0.604238
v 1.230828 2.423104 -0.574256
v 1.237833 2.396086 -0.540050
v 1.245433 2.379449 -0.502934
v 1.253338 2.952947 -0.503690
v 1.253338 2.936310 -0.541533
v 1.253338 2.872932 -0.606979
v 1.253338 2.778082 -0.650709
v 1.253338 2.554314 -0.650709
v 1.253338 2.459463 -0.606979
v 1.253338 2.423104 -0.576410
v 1.253338 2.396086 -0.541533
v 1.253338 2.379449 -0.503690
v 1.262368 2.433201 -0.470074
v 1.195718 2.441530 -0.890698
v 1.282383 2.435856 -0.474290
v 1.215733 2.444185 -0.894914
v 1.301541 2.442522 -0.478101
v 1.234891 2.450851 -0.898725
v 1.319104 2.452944 -0.481360
v 1.252454 2.461273 -0.901983
v 1.334399 2.466722 -0.483942
v 1.267749 2.475050 -0.904565
v 1.346836 2.483325 -0.485747
v 1.280186 2.491654 -0.906370
v 1.355939 2.502116 -0.486706
v 1.289289 2.510445 -0.907329
v 1.361357 2.522372 -0.486783
v 1.294707 2.530701 -0.907406
v 1.362882 2.543316 -0.485973
v 1.296232 2.551645 -0.906597
v 1.360456 2.564142 -0.484310
v 1.293806 2.572471 -0.904933
v 1.354171 2.584049 -0.481856
v 1.287521 2.592378 -0.902479
v 1.344270 2.602274 -0.478705
v 1.277620 2.610603 -0.899328
v 1.331133 2.618116 -0.474979
v 1.264483 2.626444 -0.895603
v 1.315264 2.630965 -0.470821
v 1.248614 2.639293 -0.891445
v 1.297274 2.640328 -0.466391
v 1.230624 2.648657 -0.887015
v 1.277853 2.645845 -0.461859
v 1.211204 2.654174 -0.882483
v 1.257749 2.647305 -0.457399
v 1.191099 2.655633 -0.878023
v 1.237734 2.644650 -0.453183
v 1.171084 2.652979 -0.873806
v 1.218576 2.637984 -0.449372
v 1.151926 2.646312 -0.869996
v 1.201012 2.627561 -0.446113
v 1.134363 2.635890 -0.866737
v 1.185718 2.613784 -0.443532
v 1.119069 2.622113 -0.864155
v 1.173281 2.597181 -0.441727
v 1.106631 2.605510 -0.862350
v 1.164178 2.578390 -0.440767
v 1.097528 2.586718 -0.861391
v 1.158760 2.558134 -0.440691
v 1.092110 2.566462 -0.861314
v 1.157235 2.537190 -0.441500
v 1.090585 2.545519 -0.862123
v 1.159661 2.516364 -0.443164
v 1.093011 2.524693 -0.863787
v 1.165946 2.496456 -0.445618
v 1.099296 2.504785 -0.866241
v 1.175847 2.478231 -0.448769
v 1.109197 2.486560 -0.869392
v 1.188984 2.462390 -0.452494
v 1.122334 2.470719 -0.873118
v 1.204853 2.449541 -0.456652
v 1.138203 2.457870 -0.877275
v 1.222843 2.440178 -0.461082
v 1.156193 2.448507 -0.881705
v 1.242263 2.434661 -0.465614
v 1.175614 2.442990 -0.886238
v 0.724305 2.477520 -0.574454
v 0.766550 2.470682 -0.857686
v 0.744024 2.479265 -0.568738
v 0.786269 2.472428 -0.851970
v 0.763058 2.484903 -0.563409
v 0.805302 2.478066 -0.846641
v 0.780674 2.494217 -0.558671
v 0.822918 2.487379 -0.841903
v 0.796196 2.506848 -0.554707
v 0.838440 2.500011 -0.837940
v 0.809027 2.522312 -0.551670
v 0.851271 2.515475 -0.834902
v 0.818675 2.540014 -0.549675
v 0.860919 2.533177 -0.832907
v 0.824768 2.559274 -0.548800
v 0.867012 2.552437 -0.832032
v 0.827073 2.579352 -0.549078
v 0.869317 2.572514 -0.832310
v 0.825500 2.599475 -0.550498
v 0.867744 2.592638 -0.833730
v 0.820111 2.618872 -0.553006
v 0.862355 2.612034 -0.836239
v 0.811112 2.636796 -0.556506
v 0.853356 2.629958 -0.839738
v 0.798849 2.652558 -0.560863
v 0.841093 2.645720 -0.844095
v 0.783793 2.665553 -0.565909
v 0.826038 2.658716 -0.849142
v 0.766524 2.675282 -0.571451
v 0.808768 2.668444 -0.854684
v 0.747704 2.681370 -0.577276
v 0.789948 2.674533 -0.860508
v 0.728057 2.683584 -0.583159
v 0.770301 2.676746 -0.866392
v 0.708338 2.681838 -0.588876
v 0.750582 2.675001 -0.872108
v 0.689305 2.676200 -0.594205
v 0.731549 2.669363 -0.877437
v 0.671689 2.666887 -0.598942
v 0.713933 2.660049 -0.882175
v 0.656167 2.654255 -0.602906
v 0.698411 2.647418 -0.886138
v 0.643335 2.638791 -0.605944
v 0.685579 2.631954 -0.889176
v 0.633687 2.621089 -0.607939
v 0.675932 2.614252 -0.891171
v 0.627594 2.601829 -0.608814
v 0.669839 2.594992 -0.892046
v 0.625290 2.581752 -0.608536
v 0.667534 2.574914 -0.891768
v 0.626862 2.561628 -0.607115
v 0.669107 2.554790 -0.890348
v 0.632252 2.542232 -0.604607
v 0.674496 2.535394 -0.887839
v 0.641251 2.524308 -0.601107
v 0.683495 2.517470 -0.884340
v 0.653514 2.508545 -0.596750
v 0.695758 2.501708 -0.879983
v 0.668569 2.495550 -0.591704
v 0.710813 2.488713 -0.874936
v 0.685839 2.485822 -0.586162
v 0.728083 2.478984 -0.869394
v 0.704658 2.479733 -0.580337
v 0.746903 2.472896 -0.863570
v 1.993161 -0.649410 0.188810
v 1.993161 -0.649410 -2.383311
v 2.012125 1.353478 0.189190
v 2.012125 1.353478 -2.383691
v 1.568455 0.589569 -0.918649
v 1.744526 0.300061 -0.918649
v 1.879453 0.451843 -0.610855
v 2.968169 -0.241860 -0.918649
v 3.419186 -0.228346 -1.017380
v 3.103073 -0.090067 -0.610855
v 1.563525 0.584022 -0.918649
v 1.874513 0.446285 -0.610855
v 2.009417 0.598078 -0.918649
v 3.404007 -0.232808 -1.017380
v 3.233060 0.056157 -0.918649
v 3.098133 -0.095625 -0.610855
v 1.568455 0.589569 -1.700133
v 1.879453 0.451843 -2.007927
v 1.744526 0.300061 -1.700133
v 3.419185 -0.228346 -1.601402
v 2.968169 -0.241860 -1.700133
v 3.103073 -0.090067 -2.007927
v 1.563525 0.584022 -1.700133
v 2.009417 0.598078 -1.700133
v 1.874513 0.446286 -2.007927
v 3.404007 -0.232808 -1.601402
v 3.098133 -0.095625 -2.007927
v 3.233060 0.056157 -1.700133
v 1.563525 0.584022 -1.309391
v 2.009417 0.598078 -1.309391
v 3.404007 -0.232808 -1.309391
v 3.233060 0.056157 -1.309391
v 1.568455 0.589569 -1.309391
v 1.744526 0.300061 -1.309391
v 3.419186 -0.228346 -1.309391
v 2.968169 -0.241860 -1.309391
v 2.356348 0.029101 -0.918649
v 2.491263 0.180888 -0.610855
v 2.621238 0.327118 -0.926984
v 2.486323 0.175330 -0.602520
v 2.486323 0.175330 -2.007927
v 2.621238 0.327118 -1.700133
v 2.356348 0.029101 -1.700133
v 2.491263 0.180888 -2.007927
v 2.621238 0.327118 -1.309391
v 2.356348 0.029101 -1.309391
v 0.001861 -0.596107 -2.392461
v 0.008746 -0.596962 -2.107005
v -0.517951 0.921084 -2.395725
v -0.017101 1.406780 -2.392941
v -0.018227 1.406772 -2.106705
v -0.647304 1.053621 -2.396264
v -0.001753 -0.596962 -0.105743
v -0.011633 -0.596107 0.179625
v -0.531451 0.921084 0.177435
v -0.028721 1.406772 -0.106326
v -0.030599 1.406780 0.179905
v -0.660802 1.053621 0.176617
v 0.244682 0.353363 -1.283713
v 0.111372 0.505145 -1.592210
v -0.978943 -0.188557 -1.290132
v -1.430472 -0.175044 -1.193769
v -1.112231 -0.036765 -1.598629
v 0.116312 0.499588 -1.592184
v -0.020205 0.651380 -1.285102
v -1.415293 -0.179506 -1.193689
v -1.243831 0.109460 -1.291522
v -1.107291 -0.042323 -1.598603
v 0.104043 0.505145 -0.195158
v 0.240583 0.353363 -0.502239
v -1.433535 -0.175043 -0.609754
v -0.983043 -0.188557 -0.508658
v -1.119560 -0.036765 -0.201577
v 0.421582 0.637324 -0.501289
v -0.024304 0.651380 -0.503629
v 0.108983 0.499588 -0.195131
v -1.418357 -0.179506 -0.609675
v -1.114620 -0.042323 -0.201551
v -1.247930 0.109460 -0.510048
v 0.423631 0.637324 -0.892026
v -0.022255 0.651380 -0.894365
v -1.416825 -0.179506 -0.901682
v -1.245880 0.109460 -0.900785
v 0.242633 0.353363 -0.892976
v -1.432004 -0.175044 -0.901761
v -0.980993 -0.188557 -0.899395
v -0.367130 0.082403 -1.286922
v -0.500429 0.234190 -1.595420
v -0.632061 0.380420 -1.279977
v -0.495446 0.228633 -1.603729
v -0.502819 0.228633 -0.198341
v -0.636117 0.380420 -0.506838
v -0.371230 0.082403 -0.505449
v -0.507758 0.234190 -0.198367
v -0.634067 0.380420 -0.897575
v -0.369180 0.082403 -0.896185
vn 0.7190 0.6950 -0.0000
vn 0.1297 -0.3073 0.9427
vn -1.0000 0.0012 -0.0000
vn -0.0000 -1.0000 0.0009
vn 1.0000 -0.0095 -0.0000
vn -0.0003 0.0003 -1.0000
vn 0.0010 0.0003 -1.0000
vn -0.0952 -0.9948 0.0350
vn 0.0001 0.0005 1.0000
vn -0.6954 -0.7187 0.0005
vn 0.6952 0.7189 -0.0000
vn 0.6947 0.7193 -0.0000
vn 0.7168 -0.6973 -0.0015
vn 0.6954 0.7186 -0.0000
vn -0.6971 0.7170 -0.0000
vn -0.7202 -0.6937 0.0052
vn 0.6966 -0.7175 0.0026
vn 0.6959 -0.7182 -0.0000
vn -0.7223 -0.6916 -0.0000
vn -0.6967 0.7174 -0.0000
vn 0.6965 -0.7176 -0.0026
vn 0.7168 0.6973 -0.0025
vn 0.7157 -0.6985 -0.0000
vn -0.6962 -0.7179 -0.0000
vn -0.6957 -0.7183 0.0032
vn 0.6952 0.7188 0.0017
vn -0.7205 0.6934 -0.0000
vn -0.6969 -0.7171 -0.0000
vn -0.6947 -0.7193 -0.0031
vn 0.6948 0.7192 -0.0006
vn -0.0000 0.0003 1.0000
vn 0.0002 0.0003 1.0000
vn 0.6952 0.7188 -0.0017
vn -0.7018 0.7121 -0.0173
vn -0.6954 -0.7187 -0.0006
vn 0.6952 0.7189 -0.0008
vn 0.0001 0.0001 1.0000
vn 0.7018 -0.7121 0.0174
vn 0.6947 0.7193 0.0008
vn -0.7193 0.6947 0.0033
vn 0.0002 0.0004 1.0000
vn -0.0005 0.0011 1.0000
vn -0.6969 0.7171 0.0017
vn 0.6969 -0.7172 -0.0016
vn -0.6971 0.7170 0.0017
vn 0.7168 0.6973 0.0029
vn 0.6970 -0.7171 0.0016
vn 0.6971 -0.7170 0.0009
vn -0.6971 0.7170 -0.0016
vn -0.7199 -0.6941 -0.0052
vn 0.6969 -0.7172 0.0015
vn -0.6970 0.7171 -0.0017
vn 0.0002 0.0003 -1.0000
vn -0.0010 0.0021 -1.0000
vn 0.7199 0.6940 0.0046
vn -0.7168 -0.6973 0.0002
vn -0.6969 0.7172 -0.0009
vn -0.6966 0.7175 -0.0024
vn -0.0000 0.0001 -1.0000
vn -0.7193 0.6947 -0.0030
vn -0.6947 -0.7193 0.0027
vn 0.7018 -0.7122 -0.0153
vn -0.0000 0.0002 -1.0000
vn 0.6952 0.7189 0.0008
vn -0.6956 -0.7184 -0.0032
vn -0.7018 0.7122 0.0155
vn 0.7169 -0.6972 0.0015
vn -1.0000 0.0016 -0.0000
vn 0.0007 0.0005 -1.0000
vn 0.9999 -0.0135 -0.0000
vn 0.8619 -0.1449 -0.4859
vn -0.0001 0.0778 0.9970
vn -0.0008 -1.0000 0.0004
vn 0.0002 1.0000 -0.0001
vn -0.1470 0.0864 0.9854
vn -0.0478 -0.9446 0.3247
vn -0.1418 0.2563 0.9561
vn -0.0760 -0.8525 0.5171
vn -0.1325 0.4224 0.8967
vn -0.1323 0.4231 0.8964
vn -0.0995 -0.7282 0.6781
vn -0.1180 -0.5821 0.8045
vn -0.1329 -0.4233 0.8962
vn -0.1429 -0.2568 0.9558
vn -0.1473 -0.0856 0.9854
vn -0.0145 -0.9951 0.0976
vn -0.4151 -0.0803 0.9062
vn -0.0428 -0.9947 0.0938
vn -0.4149 0.0797 0.9064
vn -0.1411 -0.9399 0.3109
vn -0.4038 0.2416 0.8824
vn -0.2228 -0.8419 0.4915
vn -0.3790 0.4041 0.8325
vn -0.0000 1.0000 -0.0000
vn -0.3406 -0.5638 0.7524
vn -0.3773 -0.4048 0.8329
vn -0.4025 -0.2424 0.8827
vn -0.5274 -0.5346 0.6603
vn -0.5784 -0.3776 0.7231
vn -0.6104 -0.2206 0.7607
vn -0.6258 -0.0704 0.7768
vn -0.0693 -0.9939 0.0862
vn -0.6269 0.0719 0.7758
vn -0.2272 -0.9315 0.2841
vn -0.6131 0.2209 0.7585
vn -0.3542 -0.8234 0.4434
vn -0.5822 0.3758 0.7210
vn -0.4538 -0.6862 0.5685
vn -0.0930 -0.9928 0.0752
vn -0.8380 0.0972 0.5369
vn -0.3023 -0.9209 0.2462
vn -0.7776 0.1306 0.6151
vn -0.4640 -0.8010 0.3783
vn -0.7505 0.2929 0.5924
vn -0.5850 -0.6558 0.4772
vn -0.6706 -0.5019 0.5463
vn -0.7302 -0.3490 0.5873
vn -0.7678 -0.1998 0.6087
vn -0.8109 -0.0602 0.5821
vn -0.7735 -0.4711 0.4240
vn -0.8354 -0.3091 0.4544
vn -0.8871 -0.0148 0.4614
vn -0.8871 -0.0085 0.4615
vn -0.9772 -0.0078 0.2124
vn -0.9774 -0.0078 0.2112
vn -0.1127 -0.9917 0.0614
vn -0.9739 0.0823 0.2114
vn -0.9742 0.0822 0.2102
vn -0.3640 -0.9098 0.1997
vn -0.9603 0.0817 0.2667
vn -0.9610 0.0814 0.2643
vn -0.5499 -0.7787 0.3021
vn -0.9030 0.1526 0.4017
vn -0.6829 -0.6268 0.3752
vn -0.6832 -0.6270 0.3744
vn -0.9836 -0.0279 0.1781
vn -0.9837 -0.0308 0.1774
vn -0.4107 -0.8999 0.1469
vn -0.9332 -0.1413 0.3304
vn -0.9316 -0.1528 0.3298
vn -0.6388 -0.7345 0.2288
vn -0.9356 0.1155 0.3338
vn -0.7533 -0.6022 0.2644
vn -0.7566 -0.6195 0.2092
vn -0.8807 -0.3578 0.3105
vn -0.8863 -0.3426 0.3117
vn -0.9508 -0.2618 0.1659
vn -0.9535 -0.2593 0.1537
vn -0.9779 0.0085 0.2089
vn -0.9793 0.0118 0.2023
vn -0.9772 0.0365 0.2091
vn -0.9945 0.0394 0.0971
vn -0.1280 -0.9907 0.0454
vn -0.9587 -0.2413 0.1503
vn -0.9564 -0.2399 0.1666
vn -0.9881 -0.0010 0.1541
vn -0.9874 -0.0106 0.1580
vn -0.9817 0.1392 0.1299
vn -0.9795 0.1203 0.1618
vn -0.1381 -0.9900 0.0278
vn -0.9543 -0.1284 0.2699
vn -0.9467 -0.1382 0.2908
vn -0.4420 -0.8925 0.0898
vn -0.9712 -0.1149 0.2090
vn -0.9736 -0.0904 0.2097
vn -0.7400 -0.6555 0.1508
vn -0.9553 0.2107 0.2072
vn 0.6678 0.3070 -0.6780
vn -0.9311 -0.3270 0.1615
vn -0.9227 -0.3536 0.1539
vn -0.9963 0.0443 0.0734
vn -0.9625 -0.1030 0.2512
vn -0.7836 -0.6190 0.0525
vn -0.9752 0.2050 0.0841
vn -0.9755 0.2080 0.0721
vn 0.1551 -0.6762 0.7202
vn -0.8687 -0.4016 0.2899
vn -0.9344 -0.3464 0.0828
vn -0.9602 -0.2414 0.1405
vn -0.9625 -0.2408 0.1254
vn -0.9650 -0.0707 0.2525
vn -0.9845 -0.0003 0.1752
vn -0.9424 0.0703 0.3270
vn -0.9663 0.1454 0.2123
vn -0.1429 -0.9897 0.0092
vn -0.9688 -0.0727 0.2370
vn -0.9598 -0.1277 0.2499
vn -0.4575 -0.8887 0.0304
vn -0.9876 -0.1013 0.1198
vn -0.9911 0.0579 0.1195
vn -0.1423 -0.9898 -0.0095
vn -0.9694 -0.0731 0.2342
vn -0.4575 -0.8887 -0.0297
vn -0.9906 0.0367 0.1319
vn -0.7883 -0.6150 -0.0208
vn -0.9729 0.2297 -0.0283
vn -0.8292 -0.5589 0.0075
vn -0.9064 -0.4218 0.0247
vn -0.9611 -0.2748 0.0285
vn -0.6520 -0.7467 -0.1315
vn -0.1363 -0.9903 -0.0277
vn -0.4418 -0.8927 -0.0891
vn -0.1462 -0.9879 -0.0523
vn -0.4104 -0.9001 -0.1464
vn -0.1286 -0.9912 -0.0307
vn -0.1057 -0.9934 -0.0454
vn -0.0788 -0.9953 -0.0570
vn -0.0496 -0.9967 -0.0647
vn -0.1316 -0.1818 0.9745
vn 0.0215 -0.9974 -0.0683
vn 0.0470 -0.9968 -0.0650
vn 0.0780 -0.9953 -0.0568
vn 0.1136 -0.9927 -0.0412
vn 0.1956 -0.9806 0.0145
vn 0.3151 -0.9368 0.1521
vn 0.4049 -0.8941 0.1915
vn 0.6411 -0.7648 0.0638
vn 0.3473 -0.9045 0.2475
vn 0.4182 -0.8709 0.2582
vn 0.9831 -0.1806 -0.0298
vn 0.9996 0.0025 -0.0275
vn 0.3277 -0.9398 0.0971
vn 0.9991 0.0194 0.0375
vn 0.4222 -0.9057 0.0372
vn 0.9927 0.0966 -0.0728
vn 0.6671 -0.7449 0.0089
vn 0.9465 0.3151 -0.0695
vn 0.7902 -0.6102 -0.0578
vn 0.8745 -0.4848 -0.0168
vn 0.9725 -0.2303 -0.0337
vn 0.9926 0.0655 0.1023
vn 0.9832 -0.1186 0.1390
vn 0.9893 0.1100 -0.0953
vn 0.7803 -0.6252 0.0171
vn 0.9502 -0.2772 -0.1426
vn 0.9213 -0.3351 0.1973
vn 0.9623 -0.2519 0.1026
vn 0.9612 -0.2632 0.0824
vn 0.9797 -0.1915 0.0591
vn 0.9692 -0.2331 0.0794
vn 0.9992 0.0189 0.0365
vn 0.9929 0.0367 0.1135
vn 0.3305 -0.9397 -0.0879
vn 0.9803 0.0472 0.1920
vn 0.9780 0.1051 0.1802
vn 0.4660 -0.8748 -0.1325
vn 0.9884 0.1011 0.1134
vn 0.9872 0.0435 0.1535
vn 0.6655 -0.7313 -0.1493
vn 0.9913 0.0381 0.1261
vn 0.9915 0.0496 0.1200
vn 0.3350 -0.9360 -0.1083
vn 0.9799 0.1224 0.1578
vn 0.9717 0.0983 0.2147
vn 0.4552 -0.8828 -0.1161
vn 0.9684 0.0605 0.2418
vn 0.9726 0.0441 0.2284
vn 0.7254 -0.6882 -0.0065
vn 0.9602 0.1303 0.2469
vn 0.9650 0.1089 0.2386
vn 0.7874 -0.4642 0.4057
vn 0.8825 -0.4646 -0.0730
vn -0.2086 -0.2551 0.9442
vn 0.8990 -0.4181 0.1307
vn 0.9416 -0.3028 0.1471
vn 0.9491 -0.3008 0.0935
vn 0.9527 -0.2786 0.1214
vn 0.9657 -0.2361 0.1084
vn 0.9696 -0.2095 0.1266
vn 0.8639 -0.4609 0.2029
vn 0.8825 -0.4160 0.2195
vn 0.9174 -0.3282 0.2250
vn 0.9397 -0.3019 0.1608
vn 0.9615 -0.2269 0.1550
vn 0.9646 -0.2205 0.1445
vn 0.9843 0.0520 0.1685
vn 0.9862 0.0554 0.1560
vn 0.3161 -0.9461 -0.0711
vn 0.9348 0.1546 0.3197
vn 0.9433 0.1601 0.2907
vn 0.3828 -0.9191 0.0931
vn 0.9422 0.0740 0.3268
vn 0.9543 0.0628 0.2922
vn 0.6510 -0.7350 0.1897
vn 0.9436 0.1320 0.3037
vn 0.9528 0.1112 0.2827
vn 0.8459 -0.4497 0.2865
vn 0.7568 -0.6091 0.2371
vn 0.2615 -0.9652 -0.0087
vn 0.8804 0.1475 0.4506
vn 0.8851 0.1487 0.4409
vn 0.3367 -0.9235 0.1841
vn 0.8705 0.0744 0.4864
vn 0.8756 0.0652 0.4785
vn 0.5474 -0.7817 0.2987
vn 0.8660 0.1260 0.4840
vn 0.8706 0.1247 0.4759
vn 0.6758 -0.6374 0.3701
vn 0.6761 -0.6376 0.3692
vn 0.7590 -0.5002 0.4168
vn 0.8057 -0.3887 0.4470
vn 0.8370 -0.2489 0.4873
vn 0.8374 -0.2472 0.4875
vn 0.8482 0.1405 0.5107
vn 0.8477 0.1532 0.5079
vn 0.6605 -0.5220 0.5396
vn 0.7110 -0.3902 0.5850
vn 0.7437 -0.2451 0.6220
vn 0.7625 0.0826 0.6417
vn 0.7622 0.0879 0.6414
vn 0.2134 -0.9766 0.0268
vn 0.8016 0.1599 0.5760
vn 0.8043 0.1604 0.5722
vn 0.2949 -0.9250 0.2397
vn 0.7995 0.0966 0.5928
vn 0.8028 0.0903 0.5894
vn 0.4618 -0.8035 0.3757
vn 0.7751 -0.0595 0.6291
vn 0.7750 -0.0608 0.6290
vn 0.5781 -0.6627 0.4761
vn 0.7108 0.1700 0.6825
vn 0.7124 0.1707 0.6807
vn 0.2267 -0.9319 0.2830
vn 0.6219 0.0934 0.7775
vn 0.6220 0.0910 0.7777
vn 0.3528 -0.8250 0.4415
vn 0.5741 0.3935 0.7181
vn 0.4490 -0.6906 0.5669
vn 0.5216 -0.5475 0.6544
vn 0.5683 -0.4050 0.7162
vn 0.5979 -0.2546 0.7601
vn 0.6155 0.0223 0.7878
vn 0.6155 0.0238 0.7878
vn 0.1233 -0.9899 0.0702
vn 0.3723 -0.4213 0.8270
vn 0.3903 -0.2632 0.8822
vn 0.3946 -0.0767 0.9157
vn 0.0438 -0.9947 0.0934
vn 0.3943 0.1712 0.9029
vn 0.3942 0.1717 0.9028
vn 0.1410 -0.9401 0.3103
vn 0.4059 0.1874 0.8945
vn 0.4059 0.1869 0.8946
vn 0.2223 -0.8428 0.4902
vn 0.3768 0.4143 0.8285
vn 0.2886 -0.7152 0.6365
vn 0.2887 -0.7152 0.6365
vn 0.3385 -0.5710 0.7479
vn 0.0479 -0.9447 0.3245
vn 0.1409 0.2612 0.9550
vn 0.0762 -0.8528 0.5167
vn 0.0999 -0.7291 0.6771
vn 0.1182 -0.5846 0.8027
vn 0.1305 -0.4286 0.8940
vn 0.1357 -0.2630 0.9552
vn 0.1357 -0.0842 0.9872
vn 0.0145 -0.9951 0.0976
vn 0.1384 0.0930 0.9860
vn 0.0279 0.9665 -0.2551
vn 0.1028 -0.3274 -0.9393
vn 0.0461 0.9057 -0.4213
vn 0.0929 -0.5211 -0.8484
vn 0.0635 0.8121 -0.5800
vn 0.0794 -0.6839 -0.7252
vn 0.0794 0.6839 -0.7252
vn 0.0635 -0.8121 -0.5800
vn 0.0929 0.5211 -0.8484
vn 0.0461 -0.9057 -0.4213
vn 0.1028 0.3274 -0.9393
vn 0.0279 -0.9665 -0.2551
vn 0.1081 0.1118 -0.9878
vn 0.0094 0.9963 -0.0854
vn 0.0094 -0.9963 -0.0854
vn 0.1081 -0.1118 -0.9878
vn 0.3175 0.1108 -0.9418
vn 0.0277 0.9962 -0.0821
vn 0.0277 -0.9962 -0.0821
vn 0.3175 -0.1108 -0.9418
vn 0.0827 0.9659 -0.2452
vn 0.3021 -0.3249 -0.8962
vn 0.1364 0.9043 -0.4045
vn 0.2733 -0.5178 -0.8107
vn 0.1875 0.8097 -0.5561
vn 0.2340 -0.6808 -0.6941
vn 0.2340 0.6807 -0.6941
vn 0.1875 -0.8097 -0.5561
vn 0.2733 0.5178 -0.8107
vn 0.1364 -0.9043 -0.4045
vn 0.3021 0.3249 -0.8962
vn 0.0827 -0.9659 -0.2452
vn 0.3768 -0.6750 -0.6343
vn 0.3768 0.6750 -0.6343
vn 0.3028 -0.8053 -0.5097
vn 0.4387 0.5119 -0.7386
vn 0.2208 -0.9017 -0.3717
vn 0.4838 0.3204 -0.8144
vn 0.1341 -0.9649 -0.2257
vn 0.5077 0.1091 -0.8546
vn 0.0450 0.9961 -0.0757
vn 0.0449 -0.9961 -0.0757
vn 0.5077 -0.1091 -0.8546
vn 0.1341 0.9649 -0.2257
vn 0.4838 -0.3203 -0.8144
vn 0.2208 0.9017 -0.3717
vn 0.4387 -0.5119 -0.7386
vn 0.3028 0.8053 -0.5097
vn 0.0605 -0.9960 -0.0663
vn 0.6700 -0.1070 -0.7346
vn 0.1802 0.9636 -0.1976
vn 0.6396 -0.3147 -0.7013
vn 0.2960 0.8983 -0.3246
vn 0.5819 -0.5045 -0.6379
vn 0.4046 0.7997 -0.4436
vn 0.5016 -0.6677 -0.5500
vn 0.5016 0.6677 -0.5500
vn 0.4046 -0.7997 -0.4436
vn 0.5819 0.5044 -0.6380
vn 0.2960 -0.8983 -0.3246
vn 0.6396 0.3147 -0.7013
vn 0.1802 -0.9636 -0.1976
vn 0.6700 0.1070 -0.7346
vn 0.0605 0.9960 -0.0663
vn 0.4893 -0.7937 -0.3614
vn 0.6982 0.4967 -0.5156
vn 0.3593 -0.8947 -0.2653
vn 0.7651 0.3089 -0.5650
vn 0.2193 -0.9621 -0.1619
vn 0.8000 0.1049 -0.5908
vn 0.0737 0.9958 -0.0544
vn 0.0737 -0.9958 -0.0544
vn 0.8000 -0.1049 -0.5908
vn 0.2193 0.9621 -0.1619
vn 0.7651 -0.3089 -0.5650
vn 0.3593 0.8947 -0.2653
vn 0.6982 -0.4967 -0.5156
vn 0.4893 0.7937 -0.3614
vn 0.6043 -0.6601 -0.4462
vn 0.6043 0.6601 -0.4462
vn 0.2498 0.9608 -0.1201
vn 0.8586 -0.3039 -0.4129
vn 0.4084 0.8914 -0.1964
vn 0.7856 -0.4899 -0.3778
vn 0.5545 0.7883 -0.2667
vn 0.6823 -0.6533 -0.3281
vn 0.6823 0.6533 -0.3281
vn 0.5545 -0.7883 -0.2667
vn 0.7856 0.4899 -0.3778
vn 0.4084 -0.8914 -0.1964
vn 0.8586 0.3039 -0.4129
vn 0.2498 -0.9608 -0.1201
vn 0.8963 0.1030 -0.4313
vn 0.0841 0.9956 -0.0404
vn 0.0841 -0.9956 -0.0404
vn 0.8963 -0.1035 -0.4311
vn 0.8437 0.4849 -0.2303
vn 0.4419 -0.8889 -0.1206
vn 0.9202 0.3002 -0.2512
vn 0.2708 -0.9598 -0.0739
vn 0.9597 0.1016 -0.2620
vn 0.0912 0.9955 -0.0249
vn 0.0912 -0.9955 -0.0249
vn 0.9597 -0.1016 -0.2620
vn 0.2708 0.9598 -0.0739
vn 0.9202 -0.3002 -0.2512
vn 0.4419 0.8889 -0.1206
vn 0.8437 -0.4849 -0.2303
vn 0.5986 0.7842 -0.1634
vn 0.7346 -0.6482 -0.2005
vn 0.7346 0.6482 -0.2005
vn 0.5986 -0.7842 -0.1634
vn 0.9508 -0.2982 -0.0843
vn 0.4589 0.8876 -0.0407
vn 0.8726 -0.4823 -0.0773
vn 0.6208 0.7821 -0.0550
vn 0.7607 -0.6455 -0.0674
vn 0.7608 0.6455 -0.0674
vn 0.6208 -0.7821 -0.0550
vn 0.8726 0.4823 -0.0773
vn 0.4588 -0.8876 -0.0407
vn 0.9508 0.2982 -0.0843
vn 0.2814 -0.9593 -0.0249
vn 0.9910 0.1009 -0.0878
vn 0.0948 0.9955 -0.0084
vn 0.0948 -0.9955 -0.0084
vn 0.9910 -0.1009 -0.0878
vn 0.2814 0.9593 -0.0249
vn 0.4588 -0.8876 0.0407
vn 0.9508 0.2982 0.0843
vn 0.2814 -0.9593 0.0249
vn 0.9910 0.1009 0.0878
vn 0.0948 0.9955 0.0084
vn 0.0948 -0.9955 0.0084
vn 0.9910 -0.1009 0.0878
vn 0.2814 0.9593 0.0249
vn 0.9508 -0.2982 0.0843
vn 0.4589 0.8876 0.0407
vn 0.8726 -0.4823 0.0773
vn 0.6208 0.7821 0.0550
vn 0.7608 -0.6455 0.0674
vn 0.7608 0.6455 0.0674
vn 0.6208 -0.7821 0.0550
vn 0.8726 0.4823 0.0773
vn 0.4419 0.8889 0.1206
vn 0.8437 -0.4849 0.2303
vn 0.5986 0.7842 0.1634
vn 0.7346 -0.6482 0.2005
vn 0.7346 0.6482 0.2005
vn 0.5986 -0.7842 0.1634
vn 0.8437 0.4849 0.2303
vn 0.4419 -0.8889 0.1206
vn 0.9202 0.3002 0.2512
vn 0.2708 -0.9598 0.0739
vn 0.9597 0.1016 0.2620
vn 0.0912 0.9955 0.0249
vn 0.0912 -0.9955 0.0249
vn 0.9800 -0.0251 0.1976
vn 0.2708 0.9598 0.0739
vn 0.9202 -0.3002 0.2512
vn 0.8586 0.3039 0.4129
vn 0.2498 -0.9608 0.1201
vn 0.9011 0.1192 0.4169
vn 0.0841 0.9956 0.0404
vn 0.0841 -0.9956 0.0404
vn 0.8691 -0.0274 0.4938
vn 0.2498 0.9608 0.1201
vn 0.8354 -0.3751 0.4018
vn 0.4084 0.8914 0.1964
vn 0.7856 -0.4899 0.3778
vn 0.5545 0.7883 0.2667
vn 0.6823 -0.6533 0.3281
vn 0.6823 0.6533 0.3281
vn 0.5545 -0.7883 0.2667
vn 0.7856 0.4899 0.3778
vn 0.4084 -0.8914 0.1964
vn 0.6982 -0.4967 0.5156
vn 0.4893 0.7937 0.3614
vn 0.6043 -0.6601 0.4462
vn 0.6043 0.6601 0.4462
vn 0.4893 -0.7937 0.3614
vn 0.6982 0.4967 0.5156
vn 0.3593 -0.8947 0.2653
vn 0.7651 0.3089 0.5650
vn 0.2193 -0.9621 0.1619
vn 0.7908 0.1052 0.6030
vn 0.0737 0.9958 0.0544
vn 0.0737 -0.9958 0.0544
vn 0.8017 -0.1219 0.5851
vn 0.2193 0.9621 0.1619
vn 0.7651 -0.3089 0.5650
vn 0.3593 0.8947 0.2653
vn 0.1802 -0.9636 0.1976
vn 0.6700 0.1070 0.7346
vn 0.0605 0.9960 0.0663
vn 0.0605 -0.9960 0.0663
vn 0.6662 -0.1010 0.7389
vn 0.1802 0.9636 0.1976
vn 0.6382 -0.3209 0.6998
vn 0.2960 0.8983 0.3246
vn 0.5819 -0.5044 0.6379
vn 0.4046 0.7997 0.4436
vn 0.5016 -0.6677 0.5500
vn 0.5016 0.6677 0.5500
vn 0.4046 -0.7997 0.4436
vn 0.5819 0.5044 0.6379
vn 0.2960 -0.8983 0.3246
vn 0.6396 0.3147 0.7013
vn 0.3768 -0.6750 0.6343
vn 0.3768 0.6750 0.6343
vn 0.3028 -0.8053 0.5097
vn 0.4387 0.5119 0.7386
vn 0.2208 -0.9017 0.3717
vn 0.4838 0.3204 0.8144
vn 0.1341 -0.9649 0.2257
vn 0.5077 0.1091 0.8546
vn 0.0450 0.9961 0.0757
vn 0.0449 -0.9961 0.0757
vn 0.5077 -0.1091 0.8546
vn 0.1341 0.9649 0.2257
vn 0.4838 -0.3204 0.8144
vn 0.2208 0.9017 0.3717
vn 0.4387 -0.5119 0.7386
vn 0.3028 0.8053 0.5097
vn 0.0277 0.9962 0.0821
vn 0.0277 -0.9962 0.0821
vn 0.3175 -0.1108 0.9418
vn 0.0827 0.9659 0.2452
vn 0.3021 -0.3249 0.8962
vn 0.1364 0.9043 0.4045
vn 0.2733 -0.5178 0.8107
vn 0.1875 0.8097 0.5561
vn 0.2340 -0.6808 0.6941
vn 0.2340 0.6807 0.6941
vn 0.1875 -0.8097 0.5561
vn 0.2733 0.5178 0.8107
vn 0.1364 -0.9043 0.4045
vn 0.3021 0.3249 0.8962
vn 0.0826 -0.9659 0.2452
vn 0.3175 0.1108 0.9418
vn 0.0794 0.6839 0.7252
vn 0.0635 -0.8121 0.5800
vn 0.0929 0.5211 0.8484
vn 0.0461 -0.9057 0.4213
vn 0.1028 0.3274 0.9393
vn 0.0279 -0.9665 0.2551
vn 0.1081 0.1118 0.9878
vn 0.0094 0.9963 0.0854
vn 0.0094 -0.9963 0.0854
vn 0.1081 -0.1118 0.9878
vn 0.0279 0.9665 0.2551
vn 0.1028 -0.3274 0.9393
vn 0.0461 0.9057 0.4213
vn 0.0929 -0.5211 0.8484
vn 0.0635 0.8121 0.5800
vn 0.0794 -0.6839 0.7252
vn -0.1081 -0.1118 0.9878
vn -0.0279 0.9665 0.2551
vn -0.1028 -0.3274 0.9393
vn -0.0461 0.9057 0.4213
vn -0.0929 -0.5211 0.8484
vn -0.0635 0.8121 0.5800
vn -0.0794 -0.6839 0.7252
vn -0.0794 0.6839 0.7252
vn -0.0635 -0.8121 0.5800
vn -0.0929 0.5211 0.8484
vn -0.0461 -0.9057 0.4213
vn -0.1028 0.3274 0.9393
vn -0.0279 -0.9665 0.2551
vn -0.1081 0.1118 0.9878
vn -0.0094 0.9963 0.0854
vn -0.0094 -0.9963 0.0854
vn -0.1875 -0.8097 0.5561
vn -0.2733 0.5178 0.8107
vn -0.1364 -0.9043 0.4045
vn -0.3021 0.3249 0.8962
vn -0.0827 -0.9659 0.2452
vn -0.3175 0.1108 0.9418
vn -0.0277 0.9962 0.0821
vn -0.0277 -0.9962 0.0821
vn -0.3175 -0.1108 0.9418
vn -0.0827 0.9659 0.2452
vn -0.3021 -0.3249 0.8962
vn -0.1364 0.9043 0.4045
vn -0.2733 -0.5178 0.8107
vn -0.1875 0.8097 0.5561
vn -0.2340 -0.6808 0.6941
vn -0.2340 0.6807 0.6941
vn -0.1341 0.9649 0.2257
vn -0.4838 -0.3203 0.8144
vn -0.2208 0.9017 0.3717
vn -0.4387 -0.5119 0.7386
vn -0.3028 0.8053 0.5097
vn -0.3768 -0.6750 0.6343
vn -0.3768 0.6750 0.6343
vn -0.3028 -0.8053 0.5097
vn -0.4387 0.5119 0.7386
vn -0.2208 -0.9017 0.3717
vn -0.4838 0.3204 0.8144
vn -0.1341 -0.9649 0.2257
vn -0.5077 0.1091 0.8546
vn -0.0450 0.9961 0.0757
vn -0.0450 -0.9961 0.0757
vn -0.5077 -0.1091 0.8546
vn -0.5819 0.5044 0.6380
vn -0.2960 -0.8983 0.3246
vn -0.6396 0.3147 0.7013
vn -0.1802 -0.9636 0.1976
vn -0.6700 0.1070 0.7346
vn -0.0605 0.9960 0.0663
vn -0.0605 -0.9960 0.0663
vn -0.6700 -0.1070 0.7346
vn -0.1802 0.9636 0.1976
vn -0.6396 -0.3147 0.7013
vn -0.2960 0.8983 0.3246
vn -0.5819 -0.5044 0.6379
vn -0.4046 0.7997 0.4436
vn -0.5016 -0.6677 0.5500
vn -0.5016 0.6677 0.5500
vn -0.4046 -0.7997 0.4436
vn -0.7651 -0.3089 0.5650
vn -0.3593 0.8947 0.2653
vn -0.6982 -0.4967 0.5156
vn -0.4893 0.7937 0.3614
vn -0.6043 -0.6601 0.4462
vn -0.6043 0.6601 0.4462
vn -0.4893 -0.7937 0.3614
vn -0.6982 0.4967 0.5156
vn -0.3593 -0.8947 0.2653
vn -0.7651 0.3089 0.5650
vn -0.2193 -0.9621 0.1619
vn -0.8000 0.1049 0.5908
vn -0.0737 0.9958 0.0544
vn -0.0737 -0.9958 0.0544
vn -0.8000 -0.1049 0.5908
vn -0.2193 0.9621 0.1619
vn -0.4084 -0.8914 0.1964
vn -0.8586 0.3039 0.4129
vn -0.2498 -0.9608 0.1201
vn -0.8964 0.1030 0.4311
vn -0.0841 0.9956 0.0404
vn -0.0841 -0.9956 0.0404
vn -0.8964 -0.1030 0.4311
vn -0.2498 0.9608 0.1201
vn -0.8586 -0.3039 0.4129
vn -0.4084 0.8914 0.1964
vn -0.7856 -0.4899 0.3778
vn -0.5545 0.7883 0.2667
vn -0.6823 -0.6533 0.3281
vn -0.6823 0.6533 0.3281
vn -0.5545 -0.7883 0.2667
vn -0.7856 0.4899 0.3778
vn -0.5986 0.7842 0.1634
vn -0.7346 -0.6482 0.2005
vn -0.5986 -0.7842 0.1634
vn -0.7346 0.6482 0.2005
vn -0.4419 -0.8889 0.1206
vn -0.8437 0.4849 0.2303
vn -0.2708 -0.9598 0.0739
vn -0.9202 0.3002 0.2512
vn -0.0912 -0.9955 0.0249
vn -0.9597 0.1016 0.2620
vn -0.0912 0.9955 0.0249
vn -0.9597 -0.1016 0.2620
vn -0.9202 -0.3002 0.2512
vn -0.2708 0.9598 0.0739
vn -0.4419 0.8889 0.1206
vn -0.8437 -0.4849 0.2303
vn -0.9910 0.1009 0.0878
vn -0.0948 0.9955 0.0084
vn -0.0948 -0.9955 0.0084
vn -0.9910 -0.1009 0.0878
vn -0.2814 0.9593 0.0249
vn -0.9508 -0.2982 0.0843
vn -0.4589 0.8876 0.0407
vn -0.8726 -0.4823 0.0773
vn -0.6208 0.7821 0.0550
vn -0.7608 -0.6455 0.0674
vn -0.7608 0.6455 0.0674
vn -0.6208 -0.7821 0.0550
vn -0.8726 0.4823 0.0773
vn -0.4588 -0.8876 0.0407
vn -0.9508 0.2982 0.0843
vn -0.2814 -0.9593 0.0249
vn -0.7608 -0.6455 -0.0674
vn -0.7608 0.6455 -0.0674
vn -0.6208 -0.7821 -0.0550
vn -0.8726 0.4823 -0.0773
vn -0.4588 -0.8876 -0.0407
vn -0.9508 0.2982 -0.0843
vn -0.2814 -0.9593 -0.0249
vn -0.9910 0.1009 -0.0878
vn -0.0948 0.9955 -0.0084
vn -0.0948 -0.9955 -0.0084
vn -0.9910 -0.1009 -0.0878
vn -0.2814 0.9593 -0.0249
vn -0.9508 -0.2982 -0.0843
vn -0.4589 0.8876 -0.0407
vn -0.8726 -0.4823 -0.0773
vn -0.6208 0.7821 -0.0550
vn -0.0912 0.9955 -0.0249
vn -0.0912 -0.9955 -0.0249
vn -0.9597 -0.1016 -0.2620
vn -0.2708 0.9598 -0.0739
vn -0.9202 -0.3002 -0.2512
vn -0.4419 0.8889 -0.1206
vn -0.8437 -0.4849 -0.2303
vn -0.5986 0.7842 -0.1634
vn -0.7346 -0.6482 -0.2005
vn -0.7346 0.6482 -0.2005
vn -0.5986 -0.7842 -0.1634
vn -0.8437 0.4849 -0.2303
vn -0.4419 -0.8889 -0.1206
vn -0.9202 0.3002 -0.2512
vn -0.2708 -0.9598 -0.0739
vn -0.9597 0.1016 -0.2620
vn -0.6823 0.6533 -0.3281
vn -0.5545 -0.7883 -0.2667
vn -0.7856 0.4899 -0.3778
vn -0.4084 -0.8914 -0.1964
vn -0.8586 0.3039 -0.4129
vn -0.2498 -0.9608 -0.1201
vn -0.8964 0.1030 -0.4311
vn -0.0841 0.9956 -0.0404
vn -0.0841 -0.9956 -0.0404
vn -0.8964 -0.1030 -0.4311
vn -0.2498 0.9608 -0.1201
vn -0.8586 -0.3039 -0.4129
vn -0.4084 0.8914 -0.1964
vn -0.7856 -0.4899 -0.3778
vn -0.5545 0.7883 -0.2667
vn -0.6823 -0.6533 -0.3281
vn -0.8000 -0.1049 -0.5908
vn -0.2192 0.9621 -0.1619
vn -0.7651 -0.3089 -0.5650
vn -0.3593 0.8947 -0.2653
vn -0.6982 -0.4967 -0.5156
vn -0.4893 0.7937 -0.3614
vn -0.6043 -0.6601 -0.4462
vn -0.6043 0.6601 -0.4462
vn -0.4893 -0.7937 -0.3614
vn -0.6982 0.4968 -0.5156
vn -0.3593 -0.8947 -0.2653
vn -0.7651 0.3089 -0.5650
vn -0.2193 -0.9621 -0.1619
vn -0.8000 0.1049 -0.5908
vn -0.0737 0.9958 -0.0544
vn -0.0737 -0.9958 -0.0544
vn -0.4046 -0.7997 -0.4436
vn -0.5819 0.5044 -0.6379
vn -0.2960 -0.8983 -0.3246
vn -0.6396 0.3147 -0.7013
vn -0.1802 -0.9636 -0.1976
vn -0.6700 0.1070 -0.7346
vn -0.0605 0.9960 -0.0663
vn -0.0605 -0.9960 -0.0663
vn -0.6700 -0.1070 -0.7346
vn -0.1802 0.9636 -0.1976
vn -0.6396 -0.3147 -0.7013
vn -0.2960 0.8983 -0.3246
vn -0.5819 -0.5044 -0.6379
vn -0.4046 0.7997 -0.4436
vn -0.5016 -0.6677 -0.5500
vn -0.5016 0.6677 -0.5500
vn -0.4838 -0.3203 -0.8144
vn -0.2208 0.9017 -0.3717
vn -0.4387 -0.5119 -0.7386
vn -0.3028 0.8053 -0.5097
vn -0.3768 -0.6750 -0.6343
vn -0.3768 0.6750 -0.6343
vn -0.3028 -0.8053 -0.5097
vn -0.4387 0.5119 -0.7386
vn -0.2208 -0.9017 -0.3717
vn -0.4838 0.3204 -0.8144
vn -0.1341 -0.9649 -0.2257
vn -0.5077 0.1091 -0.8546
vn -0.0450 0.9961 -0.0757
vn -0.0450 -0.9961 -0.0757
vn -0.5077 -0.1091 -0.8546
vn -0.1341 0.9649 -0.2257
vn -0.1364 -0.9043 -0.4045
vn -0.3021 0.3249 -0.8962
vn -0.0826 -0.9659 -0.2452
vn -0.3175 0.1108 -0.9418
vn -0.0277 0.9962 -0.0821
vn -0.0277 -0.9962 -0.0821
vn -0.3175 -0.1108 -0.9418
vn -0.0827 0.9659 -0.2452
vn -0.3021 -0.3249 -0.8962
vn -0.1364 0.9043 -0.4045
vn -0.2733 -0.5178 -0.8107
vn -0.1875 0.8097 -0.5561
vn -0.2340 -0.6807 -0.6941
vn -0.2340 0.6807 -0.6941
vn -0.1875 -0.8097 -0.5561
vn -0.2733 0.5178 -0.8107
vn -0.0461 0.9057 -0.4213
vn -0.0929 -0.5211 -0.8484
vn -0.0635 0.8121 -0.5800
vn -0.0794 -0.6839 -0.7252
vn -0.0794 0.6839 -0.7252
vn -0.0635 -0.8121 -0.5800
vn -0.0929 0.5211 -0.8484
vn -0.0461 -0.9057 -0.4213
vn -0.1028 0.3274 -0.9393
vn -0.0279 -0.9665 -0.2551
vn -0.1081 0.1118 -0.9878
vn -0.0094 0.9963 -0.0854
vn -0.0094 -0.9963 -0.0854
vn -0.1081 -0.1118 -0.9878
vn -0.0279 0.9665 -0.2551
vn -0.1028 -0.3274 -0.9393
vn 0.0667 0.5090 -0.8582
vn 0.0583 -0.6598 -0.7492
vn 0.0723 0.3594 -0.9304
vn 0.0462 -0.8031 -0.5940
vn 0.0757 0.2135 -0.9740
vn 0.0301 -0.9216 -0.3869
vn 0.0773 0.0708 -0.9945
vn 0.0105 0.9908 -0.1350
vn 0.0105 -0.9908 -0.1350
vn 0.0773 -0.0708 -0.9945
vn 0.0301 0.9216 -0.3869
vn 0.0757 -0.2135 -0.9740
vn 0.0462 0.8031 -0.5940
vn 0.0723 -0.3594 -0.9304
vn 0.0583 0.6598 -0.7492
vn 0.0667 -0.5090 -0.8582
vn 0.2169 -0.3639 -0.9058
vn 0.1739 0.6651 -0.7262
vn 0.1997 -0.5144 -0.8340
vn 0.1997 0.5144 -0.8340
vn 0.1739 -0.6651 -0.7262
vn 0.2169 0.3639 -0.9058
vn 0.1375 -0.8072 -0.5741
vn 0.2274 0.2165 -0.9494
vn 0.0893 -0.9236 -0.3728
vn 0.2323 0.0718 -0.9700
vn 0.0311 0.9910 -0.1299
vn 0.0311 -0.9910 -0.1299
vn 0.2323 -0.0718 -0.9700
vn 0.0893 0.9236 -0.3728
vn 0.2274 -0.2165 -0.9494
vn 0.1375 0.8072 -0.5741
vn 0.1455 -0.9273 -0.3449
vn 0.3877 0.0738 -0.9188
vn 0.0505 0.9915 -0.1197
vn 0.0505 -0.9915 -0.1197
vn 0.3877 -0.0738 -0.9188
vn 0.1456 0.9273 -0.3449
vn 0.3791 -0.2222 -0.8983
vn 0.2254 0.8148 -0.5341
vn 0.3608 -0.3727 -0.8550
vn 0.2868 0.6753 -0.6796
vn 0.3309 -0.5248 -0.7842
vn 0.3309 0.5248 -0.7842
vn 0.2868 -0.6753 -0.6796
vn 0.3608 0.3727 -0.8550
vn 0.2254 -0.8148 -0.5341
vn 0.3791 0.2222 -0.8983
vn 0.4578 -0.5395 -0.7066
vn 0.4578 0.5395 -0.7066
vn 0.3939 -0.6893 -0.6080
vn 0.5018 0.3852 -0.7745
vn 0.3072 -0.8252 -0.4741
vn 0.5291 0.2305 -0.8166
vn 0.1969 -0.9321 -0.3039
vn 0.5422 0.0767 -0.8368
vn 0.0681 0.9921 -0.1050
vn 0.0680 -0.9921 -0.1050
vn 0.5422 -0.0767 -0.8368
vn 0.1969 0.9321 -0.3039
vn 0.5291 -0.2305 -0.8166
vn 0.3071 0.8252 -0.4741
vn 0.5018 -0.3852 -0.7745
vn 0.3939 0.6893 -0.6080
vn 0.0830 0.9928 -0.0863
vn 0.0830 -0.9928 -0.0863
vn 0.6910 -0.0802 -0.7183
vn 0.2413 0.9375 -0.2508
vn 0.6729 -0.2406 -0.6995
vn 0.3796 0.8368 -0.3945
vn 0.6353 -0.4002 -0.6604
vn 0.4913 0.7055 -0.5107
vn 0.5758 -0.5569 -0.5986
vn 0.5758 0.5569 -0.5986
vn 0.4913 -0.7055 -0.5107
vn 0.6353 0.4002 -0.6604
vn 0.3796 -0.8368 -0.3945
vn 0.6729 0.2406 -0.6995
vn 0.2413 -0.9375 -0.2508
vn 0.6910 0.0802 -0.7183
vn 0.6778 0.5745 -0.4589
vn 0.5733 -0.7216 -0.3881
vn 0.7531 0.4158 -0.5099
vn 0.4388 -0.8480 -0.2971
vn 0.8015 0.2511 -0.5427
vn 0.2768 -0.9425 -0.1874
vn 0.8251 0.0839 -0.5587
vn 0.0947 0.9934 -0.0641
vn 0.0947 -0.9934 -0.0641
vn 0.8251 -0.0839 -0.5587
vn 0.2768 0.9425 -0.1874
vn 0.8015 -0.2511 -0.5427
vn 0.4388 0.8480 -0.2971
vn 0.7531 -0.4158 -0.5099
vn 0.5733 0.7216 -0.3881
vn 0.6778 -0.5745 -0.4589
vn 0.9299 -0.0872 -0.3573
vn 0.3016 0.9464 -0.1159
vn 0.9013 -0.2603 -0.3463
vn 0.4812 0.8569 -0.1849
vn 0.8432 -0.4290 -0.3240
vn 0.6333 0.7346 -0.2433
vn 0.7542 -0.5892 -0.2898
vn 0.7542 0.5892 -0.2898
vn 0.6333 -0.7346 -0.2433
vn 0.8432 0.4290 -0.3240
vn 0.4812 -0.8569 -0.1849
vn 0.9013 0.2603 -0.3463
vn 0.3016 -0.9464 -0.1159
vn 0.9299 0.0872 -0.3573
vn 0.1028 0.9939 -0.0395
vn 0.1028 -0.9939 -0.0395
vn 0.6652 -0.7420 -0.0830
vn 0.8927 0.4368 -0.1114
vn 0.5033 -0.8619 -0.0628
vn 0.9567 0.2656 -0.1193
vn 0.3143 -0.9485 -0.0392
vn 0.9884 0.0891 -0.1233
vn 0.1070 0.9942 -0.0133
vn 0.1070 -0.9942 -0.0133
vn 0.9884 -0.0891 -0.1233
vn 0.3143 0.9485 -0.0392
vn 0.9567 -0.2656 -0.1193
vn 0.5033 0.8619 -0.0628
vn 0.8927 -0.4368 -0.1114
vn 0.6652 0.7420 -0.0830
vn 0.7956 -0.5977 -0.0993
vn 0.7956 0.5977 -0.0993
vn 0.3143 0.9485 0.0392
vn 0.9567 -0.2656 0.1193
vn 0.5033 0.8618 0.0628
vn 0.8927 -0.4368 0.1114
vn 0.6652 0.7420 0.0830
vn 0.7956 -0.5977 0.0993
vn 0.7956 0.5977 0.0993
vn 0.6652 -0.7420 0.0830
vn 0.8927 0.4368 0.1114
vn 0.5033 -0.8618 0.0628
vn 0.9567 0.2656 0.1193
vn 0.3143 -0.9485 0.0392
vn 0.9884 0.0891 0.1233
vn 0.1070 0.9942 0.0133
vn 0.1070 -0.9942 0.0133
vn 0.9884 -0.0891 0.1233
vn 0.8432 0.4290 0.3240
vn 0.4812 -0.8569 0.1849
vn 0.9013 0.2603 0.3463
vn 0.3016 -0.9464 0.1159
vn 0.9299 0.0872 0.3573
vn 0.1028 0.9939 0.0395
vn 0.1028 -0.9939 0.0395
vn 0.9299 -0.0872 0.3573
vn 0.3016 0.9464 0.1159
vn 0.9013 -0.2603 0.3463
vn 0.4812 0.8569 0.1849
vn 0.8432 -0.4290 0.3240
vn 0.6333 0.7346 0.2433
vn 0.7542 -0.5892 0.2898
vn 0.7542 0.5892 0.2898
vn 0.6333 -0.7346 0.2433
vn 0.8015 -0.2511 0.5427
vn 0.4388 0.8480 0.2971
vn 0.7531 -0.4158 0.5099
vn 0.5733 0.7216 0.3881
vn 0.6778 -0.5745 0.4589
vn 0.6778 0.5745 0.4589
vn 0.5733 -0.7216 0.3881
vn 0.7531 0.4158 0.5099
vn 0.4388 -0.8480 0.2971
vn 0.8015 0.2511 0.5427
vn 0.2768 -0.9425 0.1874
vn 0.8251 0.0839 0.5587
vn 0.0947 0.9934 0.0641
vn 0.0947 -0.9934 0.0641
vn 0.8251 -0.0839 0.5587
vn 0.2768 0.9425 0.1874
vn 0.3796 -0.8368 0.3946
vn 0.6729 0.2406 0.6995
vn 0.2413 -0.9375 0.2508
vn 0.6910 0.0802 0.7183
vn 0.0830 0.9928 0.0863
vn 0.0830 -0.9928 0.0863
vn 0.6910 -0.0802 0.7183
vn 0.2413 0.9375 0.2508
vn 0.6729 -0.2406 0.6995
vn 0.3796 0.8368 0.3946
vn 0.6353 -0.4002 0.6604
vn 0.4913 0.7055 0.5107
vn 0.5758 -0.5569 0.5986
vn 0.5758 0.5569 0.5986
vn 0.4913 -0.7055 0.5107
vn 0.6353 0.4002 0.6604
vn 0.5018 -0.3852 0.7745
vn 0.3940 0.6893 0.6080
vn 0.4578 -0.5395 0.7066
vn 0.4578 0.5395 0.7066
vn 0.3939 -0.6893 0.6080
vn 0.5018 0.3852 0.7745
vn 0.3072 -0.8252 0.4741
vn 0.5291 0.2305 0.8166
vn 0.1969 -0.9321 0.3039
vn 0.5422 0.0767 0.8368
vn 0.0681 0.9921 0.1050
vn 0.0680 -0.9921 0.1050
vn 0.5422 -0.0767 0.8368
vn 0.1969 0.9321 0.3039
vn 0.5291 -0.2305 0.8166
vn 0.3071 0.8252 0.4741
vn 0.1456 -0.9273 0.3449
vn 0.3877 0.0738 0.9188
vn 0.0505 0.9915 0.1197
vn 0.0505 -0.9915 0.1197
vn 0.3877 -0.0738 0.9188
vn 0.1456 0.9273 0.3449
vn 0.3791 -0.2222 0.8983
vn 0.2254 0.8148 0.5341
vn 0.3608 -0.3727 0.8550
vn 0.2868 0.6753 0.6796
vn 0.3309 -0.5248 0.7842
vn 0.3309 0.5248 0.7842
vn 0.2868 -0.6753 0.6796
vn 0.3608 0.3727 0.8550
vn 0.2254 -0.8148 0.5341
vn 0.3791 0.2222 0.8983
vn 0.1739 0.6651 0.7262
vn 0.1997 -0.5144 0.8340
vn 0.1997 0.5144 0.8340
vn 0.1739 -0.6651 0.7262
vn 0.2169 0.3639 0.9058
vn 0.1375 -0.8072 0.5741
vn 0.2274 0.2165 0.9494
vn 0.0893 -0.9236 0.3728
vn 0.2323 0.0718 0.9700
vn 0.0311 0.9910 0.1299
vn 0.0311 -0.9910 0.1299
vn 0.2323 -0.0718 0.9700
vn 0.0893 0.9236 0.3728
vn 0.2274 -0.2165 0.9494
vn 0.1375 0.8072 0.5741
vn 0.2169 -0.3639 0.9058
vn 0.0773 0.0708 0.9945
vn 0.0105 0.9908 0.1350
vn 0.0105 -0.9908 0.1350
vn 0.0773 -0.0708 0.9945
vn 0.0301 0.9216 0.3869
vn 0.0757 -0.2135 0.9740
vn 0.0462 0.8031 0.5940
vn 0.0723 -0.3594 0.9304
vn 0.0583 0.6598 0.7492
vn 0.0667 -0.5090 0.8582
vn 0.0667 0.5090 0.8582
vn 0.0583 -0.6598 0.7492
vn 0.0723 0.3594 0.9304
vn 0.0462 -0.8031 0.5940
vn 0.0757 0.2135 0.9740
vn 0.0301 -0.9216 0.3869
vn -0.0667 -0.5090 0.8582
vn -0.0667 0.5090 0.8582
vn -0.0583 -0.6598 0.7492
vn -0.0723 0.3594 0.9304
vn -0.0462 -0.8031 0.5940
vn -0.0757 0.2135 0.9740
vn -0.0301 -0.9216 0.3869
vn -0.0773 0.0708 0.9945
vn -0.0105 0.9908 0.1350
vn -0.0105 -0.9908 0.1350
vn -0.0773 -0.0708 0.9945
vn -0.0301 0.9216 0.3869
vn -0.0757 -0.2135 0.9740
vn -0.0462 0.8031 0.5940
vn -0.0723 -0.3594 0.9304
vn -0.0583 0.6598 0.7492
vn -0.0311 0.9910 0.1299
vn -0.0311 -0.9910 0.1299
vn -0.2323 -0.0718 0.9700
vn -0.0893 0.9236 0.3728
vn -0.2274 -0.2165 0.9494
vn -0.1375 0.8072 0.5741
vn -0.2169 -0.3639 0.9058
vn -0.1739 0.6651 0.7262
vn -0.1997 -0.5144 0.8340
vn -0.1997 0.5144 0.8340
vn -0.1739 -0.6651 0.7262
vn -0.2169 0.3639 0.9058
vn -0.1375 -0.8072 0.5741
vn -0.2274 0.2165 0.9494
vn -0.0893 -0.9236 0.3728
vn -0.2323 0.0718 0.9700
vn -0.3309 0.5248 0.7842
vn -0.2868 -0.6753 0.6796
vn -0.3608 0.3727 0.8550
vn -0.2254 -0.8148 0.5341
vn -0.3791 0.2222 0.8983
vn -0.1456 -0.9273 0.3449
vn -0.3877 0.0738 0.9188
vn -0.0505 0.9915 0.1197
vn -0.0505 -0.9915 0.1197
vn -0.3877 -0.0738 0.9188
vn -0.1456 0.9273 0.3449
vn -0.3791 -0.2222 0.8983
vn -0.2254 0.8148 0.5341
vn -0.3608 -0.3727 0.8550
vn -0.2868 0.6753 0.6796
vn -0.3309 -0.5248 0.7842
vn -0.5422 -0.0767 0.8368
vn -0.1969 0.9321 0.3039
vn -0.5291 -0.2305 0.8166
vn -0.3072 0.8252 0.4741
vn -0.5018 -0.3852 0.7745
vn -0.3939 0.6893 0.6080
vn -0.4578 -0.5395 0.7066
vn -0.4578 0.5395 0.7066
vn -0.3939 -0.6893 0.6080
vn -0.5018 0.3852 0.7745
vn -0.3072 -0.8252 0.4741
vn -0.5291 0.2305 0.8166
vn -0.1969 -0.9321 0.3039
vn -0.5422 0.0767 0.8368
vn -0.0681 0.9921 0.1050
vn -0.0680 -0.9921 0.1050
vn -0.4913 -0.7055 0.5107
vn -0.6353 0.4002 0.6604
vn -0.3795 -0.8368 0.3946
vn -0.6729 0.2406 0.6995
vn -0.2413 -0.9375 0.2508
vn -0.6910 0.0802 0.7183
vn -0.0830 0.9928 0.0863
vn -0.0830 -0.9928 0.0863
vn -0.6910 -0.0802 0.7183
vn -0.2413 0.9375 0.2508
vn -0.6729 -0.2406 0.6995
vn -0.3796 0.8368 0.3946
vn -0.6353 -0.4002 0.6604
vn -0.4913 0.7055 0.5107
vn -0.5758 -0.5569 0.5986
vn -0.5758 0.5569 0.5986
vn -0.8015 -0.2511 0.5427
vn -0.4388 0.8480 0.2971
vn -0.7531 -0.4158 0.5099
vn -0.5733 0.7216 0.3881
vn -0.6778 -0.5745 0.4589
vn -0.6778 0.5745 0.4589
vn -0.5733 -0.7216 0.3881
vn -0.7531 0.4158 0.5099
vn -0.4388 -0.8480 0.2971
vn -0.8015 0.2511 0.5427
vn -0.2768 -0.9425 0.1874
vn -0.8251 0.0839 0.5586
vn -0.0947 0.9934 0.0641
vn -0.0947 -0.9934 0.0641
vn -0.8251 -0.0839 0.5587
vn -0.2768 0.9425 0.1874
vn -0.4812 -0.8569 0.1849
vn -0.9013 0.2603 0.3463
vn -0.3016 -0.9464 0.1159
vn -0.9299 0.0872 0.3573
vn -0.1028 0.9939 0.0395
vn -0.1028 -0.9939 0.0395
vn -0.9299 -0.0872 0.3573
vn -0.3016 0.9464 0.1159
vn -0.9013 -0.2603 0.3463
vn -0.4812 0.8569 0.1849
vn -0.8432 -0.4290 0.3240
vn -0.6333 0.7346 0.2433
vn -0.7542 -0.5892 0.2898
vn -0.7542 0.5892 0.2898
vn -0.6333 -0.7346 0.2433
vn -0.8432 0.4290 0.3240
vn -0.5033 0.8619 0.0628
vn -0.8927 -0.4368 0.1114
vn -0.6653 0.7420 0.0830
vn -0.7956 -0.5977 0.0993
vn -0.7956 0.5977 0.0993
vn -0.6652 -0.7420 0.0830
vn -0.8927 0.4368 0.1114
vn -0.5033 -0.8618 0.0628
vn -0.9567 0.2656 0.1193
vn -0.3143 -0.9485 0.0392
vn -0.9884 0.0891 0.1233
vn -0.1070 0.9942 0.0133
vn -0.1070 -0.9942 0.0133
vn -0.9884 -0.0891 0.1233
vn -0.3143 0.9485 0.0392
vn -0.9567 -0.2656 0.1193
vn -0.9567 0.2656 -0.1193
vn -0.3143 -0.9485 -0.0392
vn -0.9884 0.0891 -0.1233
vn -0.1070 0.9942 -0.0133
vn -0.1070 -0.9942 -0.0133
vn -0.9884 -0.0891 -0.1233
vn -0.3143 0.9485 -0.0392
vn -0.9567 -0.2656 -0.1193
vn -0.5033 0.8619 -0.0628
vn -0.8927 -0.4368 -0.1114
vn -0.6652 0.7420 -0.0830
vn -0.7956 -0.5977 -0.0993
vn -0.7956 0.5977 -0.0993
vn -0.6652 -0.7420 -0.0830
vn -0.8927 0.4368 -0.1114
vn -0.5033 -0.8619 -0.0628
vn -0.8432 -0.4290 -0.3240
vn -0.6333 0.7346 -0.2433
vn -0.7542 -0.5892 -0.2898
vn -0.7542 0.5892 -0.2898
vn -0.6333 -0.7346 -0.2433
vn -0.8432 0.4290 -0.3240
vn -0.4812 -0.8569 -0.1849
vn -0.9013 0.2603 -0.3463
vn -0.3016 -0.9464 -0.1159
vn -0.9299 0.0872 -0.3573
vn -0.1028 0.9939 -0.0395
vn -0.1028 -0.9939 -0.0395
vn -0.9299 -0.0872 -0.3573
vn -0.3016 0.9464 -0.1159
vn -0.9013 -0.2603 -0.3463
vn -0.4812 0.8569 -0.1849
vn -0.2768 -0.9425 -0.1874
vn -0.8251 0.0839 -0.5587
vn -0.0947 0.9934 -0.0641
vn -0.0947 -0.9934 -0.0641
vn -0.8251 -0.0839 -0.5587
vn -0.2768 0.9425 -0.1874
vn -0.8015 -0.2511 -0.5427
vn -0.4388 0.8480 -0.2971
vn -0.7531 -0.4158 -0.5099
vn -0.5733 0.7216 -0.3881
vn -0.6778 -0.5745 -0.4589
vn -0.6778 0.5745 -0.4589
vn -0.5733 -0.7216 -0.3881
vn -0.7531 0.4158 -0.5099
vn -0.4388 -0.8480 -0.2971
vn -0.8015 0.2511 -0.5427
vn -0.4913 0.7055 -0.5107
vn -0.5758 -0.5569 -0.5986
vn -0.5758 0.5569 -0.5986
vn -0.4913 -0.7055 -0.5107
vn -0.6353 0.4002 -0.6604
vn -0.3795 -0.8368 -0.3946
vn -0.6729 0.2406 -0.6995
vn -0.2413 -0.9375 -0.2508
vn -0.6910 0.0802 -0.7183
vn -0.0830 0.9928 -0.0863
vn -0.0830 -0.9928 -0.0863
vn -0.6910 -0.0802 -0.7183
vn -0.2413 0.9375 -0.2508
vn -0.6729 -0.2406 -0.6995
vn -0.3796 0.8368 -0.3946
vn -0.6353 -0.4002 -0.6604
vn -0.5422 0.0767 -0.8368
vn -0.0681 0.9921 -0.1050
vn -0.0681 -0.9921 -0.1050
vn -0.5422 -0.0767 -0.8368
vn -0.1969 0.9321 -0.3039
vn -0.5291 -0.2305 -0.8166
vn -0.3072 0.8252 -0.4741
vn -0.5018 -0.3852 -0.7745
vn -0.3939 0.6893 -0.6080
vn -0.4578 -0.5395 -0.7066
vn -0.4578 0.5395 -0.7066
vn -0.3939 -0.6893 -0.6080
vn -0.5018 0.3852 -0.7745
vn -0.3072 -0.8252 -0.4741
vn -0.5291 0.2305 -0.8166
vn -0.1969 -0.9321 -0.3039
vn -0.3309 -0.5248 -0.7842
vn -0.3309 0.5248 -0.7842
vn -0.2868 -0.6753 -0.6796
vn -0.3608 0.3727 -0.8550
vn -0.2254 -0.8148 -0.5341
vn -0.3791 0.2222 -0.8983
vn -0.1456 -0.9273 -0.3449
vn -0.3877 0.0738 -0.9188
vn -0.0505 0.9915 -0.1198
vn -0.0505 -0.9915 -0.1198
vn -0.3877 -0.0738 -0.9188
vn -0.1456 0.9273 -0.3449
vn -0.3791 -0.2222 -0.8983
vn -0.2254 0.8148 -0.5341
vn -0.3608 -0.3727 -0.8550
vn -0.2868 0.6753 -0.6796
vn -0.0311 -0.9910 -0.1299
vn -0.2323 -0.0718 -0.9700
vn -0.0893 0.9236 -0.3728
vn -0.2274 -0.2165 -0.9494
vn -0.1375 0.8072 -0.5741
vn -0.2169 -0.3639 -0.9058
vn -0.1739 0.6651 -0.7262
vn -0.1997 -0.5144 -0.8340
vn -0.1997 0.5144 -0.8340
vn -0.1739 -0.6651 -0.7262
vn -0.2169 0.3639 -0.9058
vn -0.1375 -0.8072 -0.5741
vn -0.2274 0.2165 -0.9494
vn -0.0893 -0.9236 -0.3728
vn -0.2323 0.0718 -0.9700
vn -0.0311 0.9910 -0.1299
vn -0.0583 -0.6598 -0.7492
vn -0.0723 0.3594 -0.9304
vn -0.0462 -0.8031 -0.5940
vn -0.0757 0.2135 -0.9740
vn -0.0301 -0.9216 -0.3869
vn -0.0773 0.0708 -0.9945
vn -0.0105 0.9908 -0.1350
vn -0.0105 -0.9908 -0.1350
vn -0.0773 -0.0708 -0.9945
vn -0.0301 0.9216 -0.3869
vn -0.0757 -0.2135 -0.9740
vn -0.0462 0.8031 -0.5940
vn -0.0724 -0.3594 -0.9304
vn -0.0583 0.6598 -0.7492
vn -0.0667 -0.5090 -0.8582
vn -0.0667 0.5090 -0.8582
vn 0.0624 0.7715 -0.6332
vn 0.0759 -0.6326 -0.7708
vn 0.0759 0.6326 -0.7708
vn 0.0624 -0.7715 -0.6332
vn 0.0865 0.4696 -0.8786
vn 0.0464 -0.8810 -0.4709
vn 0.0938 0.2890 -0.9527
vn 0.0286 -0.9565 -0.2902
vn 0.0976 0.0975 -0.9904
vn 0.0097 0.9951 -0.0980
vn 0.0097 -0.9951 -0.0980
vn 0.0975 -0.0976 -0.9904
vn 0.0286 0.9565 -0.2902
vn 0.0938 -0.2890 -0.9527
vn 0.0464 0.8810 -0.4709
vn 0.0865 -0.4696 -0.8786
vn 0.2779 -0.2890 -0.9161
vn 0.1374 0.8810 -0.4528
vn 0.2563 -0.4696 -0.8449
vn 0.1847 0.7715 -0.6088
vn 0.2248 -0.6326 -0.7412
vn 0.2248 0.6326 -0.7412
vn 0.1847 -0.7715 -0.6088
vn 0.2563 0.4696 -0.8448
vn 0.1374 -0.8810 -0.4528
vn 0.2779 0.2890 -0.9161
vn 0.0847 -0.9565 -0.2790
vn 0.2889 0.0975 -0.9524
vn 0.0286 0.9951 -0.0942
vn 0.0286 -0.9951 -0.0942
vn 0.2889 -0.0975 -0.9524
vn 0.0846 0.9566 -0.2790
vn 0.2230 -0.8810 -0.4173
vn 0.4513 0.2890 -0.8443
vn 0.1374 -0.9565 -0.2571
vn 0.4692 0.0976 -0.8777
vn 0.0463 0.9951 -0.0869
vn 0.0464 -0.9951 -0.0869
vn 0.4691 -0.0976 -0.8777
vn 0.1375 0.9565 -0.2571
vn 0.4513 -0.2890 -0.8443
vn 0.2230 0.8810 -0.4173
vn 0.4162 -0.4696 -0.7786
vn 0.2999 0.7715 -0.5611
vn 0.3651 -0.6326 -0.6831
vn 0.3651 0.6326 -0.6830
vn 0.2999 -0.7715 -0.5611
vn 0.4162 0.4696 -0.7786
vn 0.5601 -0.4696 -0.6825
vn 0.4036 0.7715 -0.4918
vn 0.4913 -0.6326 -0.5987
vn 0.4913 0.6326 -0.5987
vn 0.4036 -0.7715 -0.4918
vn 0.5601 0.4696 -0.6825
vn 0.3002 -0.8810 -0.3658
vn 0.6073 0.2890 -0.7400
vn 0.1849 -0.9566 -0.2254
vn 0.6314 0.0975 -0.7693
vn 0.0625 0.9951 -0.0761
vn 0.0625 -0.9951 -0.0761
vn 0.6314 -0.0975 -0.7693
vn 0.1849 0.9566 -0.2254
vn 0.6073 -0.2890 -0.7400
vn 0.3002 0.8810 -0.3658
vn 0.2254 -0.9565 -0.1850
vn 0.7693 0.0975 -0.6314
vn 0.0762 0.9951 -0.0625
vn 0.0761 -0.9951 -0.0625
vn 0.7693 -0.0975 -0.6314
vn 0.2254 0.9566 -0.1850
vn 0.7400 -0.2890 -0.6073
vn 0.3658 0.8810 -0.3002
vn 0.6825 -0.4696 -0.5601
vn 0.4918 0.7715 -0.4036
vn 0.5987 -0.6326 -0.4913
vn 0.5987 0.6326 -0.4913
vn 0.4918 -0.7715 -0.4036
vn 0.6825 0.4696 -0.5601
vn 0.3658 -0.8810 -0.3002
vn 0.7400 0.2890 -0.6073
vn 0.5611 0.7715 -0.2999
vn 0.6830 -0.6326 -0.3651
vn 0.6830 0.6326 -0.3651
vn 0.5611 -0.7715 -0.2999
vn 0.7786 0.4696 -0.4162
vn 0.4173 -0.8810 -0.2230
vn 0.8443 0.2890 -0.4513
vn 0.2571 -0.9566 -0.1374
vn 0.8777 0.0976 -0.4691
vn 0.0868 0.9951 -0.0464
vn 0.0868 -0.9951 -0.0464
vn 0.8777 -0.0976 -0.4691
vn 0.2571 0.9566 -0.1374
vn 0.8443 -0.2890 -0.4513
vn 0.4173 0.8810 -0.2230
vn 0.7786 -0.4696 -0.4162
vn 0.9524 0.0975 -0.2889
vn 0.0942 0.9951 -0.0286
vn 0.0942 -0.9951 -0.0286
vn 0.9524 -0.0976 -0.2889
vn 0.2790 0.9565 -0.0846
vn 0.9161 -0.2890 -0.2779
vn 0.4528 0.8810 -0.1374
vn 0.8448 -0.4696 -0.2563
vn 0.6088 0.7715 -0.1847
vn 0.7412 -0.6326 -0.2248
vn 0.7412 0.6326 -0.2248
vn 0.6088 -0.7715 -0.1847
vn 0.8448 0.4696 -0.2563
vn 0.4528 -0.8810 -0.1374
vn 0.9161 0.2890 -0.2779
vn 0.2790 -0.9566 -0.0846
vn 0.7708 -0.6326 -0.0759
vn 0.7708 0.6326 -0.0759
vn 0.6332 -0.7715 -0.0624
vn 0.8786 0.4696 -0.0865
vn 0.4709 -0.8810 -0.0464
vn 0.9527 0.2890 -0.0938
vn 0.2902 -0.9565 -0.0286
vn 0.9904 0.0975 -0.0975
vn 0.0980 0.9951 -0.0097
vn 0.0980 -0.9951 -0.0097
vn 0.9904 -0.0976 -0.0976
vn 0.2901 0.9566 -0.0286
vn 0.9527 -0.2890 -0.0938
vn 0.4709 0.8810 -0.0464
vn 0.8786 -0.4696 -0.0865
vn 0.6332 0.7715 -0.0624
vn 0.0980 0.9951 0.0097
vn 0.0980 -0.9951 0.0097
vn 0.9904 -0.0976 0.0976
vn 0.2902 0.9565 0.0286
vn 0.9527 -0.2890 0.0938
vn 0.4709 0.8810 0.0464
vn 0.8786 -0.4696 0.0865
vn 0.6332 0.7715 0.0624
vn 0.7708 -0.6326 0.0759
vn 0.7708 0.6326 0.0759
vn 0.6332 -0.7715 0.0624
vn 0.8786 0.4696 0.0865
vn 0.4709 -0.8810 0.0464
vn 0.9527 0.2890 0.0938
vn 0.2902 -0.9566 0.0286
vn 0.9904 0.0975 0.0975
vn 0.7412 0.6326 0.2248
vn 0.6088 -0.7715 0.1847
vn 0.8448 0.4696 0.2563
vn 0.4528 -0.8810 0.1374
vn 0.9161 0.2890 0.2779
vn 0.2790 -0.9565 0.0846
vn 0.9524 0.0975 0.2889
vn 0.0943 0.9951 0.0286
vn 0.0942 -0.9951 0.0286
vn 0.9524 -0.0976 0.2889
vn 0.2790 0.9565 0.0846
vn 0.9161 -0.2890 0.2779
vn 0.4528 0.8810 0.1374
vn 0.8448 -0.4696 0.2563
vn 0.6088 0.7715 0.1847
vn 0.7411 -0.6326 0.2248
vn 0.8777 -0.0975 0.4691
vn 0.2571 0.9566 0.1374
vn 0.8443 -0.2890 0.4513
vn 0.4173 0.8810 0.2230
vn 0.7786 -0.4696 0.4162
vn 0.5611 0.7715 0.2999
vn 0.6830 -0.6326 0.3651
vn 0.6831 0.6326 0.3651
vn 0.5611 -0.7715 0.2999
vn 0.7786 0.4696 0.4162
vn 0.4173 -0.8810 0.2231
vn 0.8443 0.2890 0.4513
vn 0.2571 -0.9565 0.1374
vn 0.8777 0.0975 0.4691
vn 0.0869 0.9951 0.0464
vn 0.0869 -0.9951 0.0464
vn 0.4918 -0.7715 0.4036
vn 0.6825 0.4696 0.5601
vn 0.3658 -0.8810 0.3002
vn 0.7400 0.2890 0.6073
vn 0.2254 -0.9566 0.1850
vn 0.7693 0.0975 0.6314
vn 0.0761 0.9951 0.0625
vn 0.0761 -0.9951 0.0625
vn 0.7693 -0.0975 0.6314
vn 0.2254 0.9565 0.1850
vn 0.7400 -0.2890 0.6073
vn 0.3658 0.8810 0.3002
vn 0.6825 -0.4696 0.5601
vn 0.4918 0.7715 0.4036
vn 0.5987 -0.6326 0.4913
vn 0.5987 0.6326 0.4913
vn 0.4913 0.6326 0.5987
vn 0.4036 -0.7715 0.4918
vn 0.5601 0.4696 0.6825
vn 0.3002 -0.8810 0.3658
vn 0.6073 0.2890 0.7400
vn 0.1849 -0.9566 0.2254
vn 0.6314 0.0975 0.7693
vn 0.0625 0.9951 0.0761
vn 0.0625 -0.9951 0.0761
vn 0.6314 -0.0975 0.7693
vn 0.1849 0.9566 0.2254
vn 0.6073 -0.2890 0.7400
vn 0.3002 0.8810 0.3658
vn 0.5601 -0.4696 0.6825
vn 0.4036 0.7715 0.4918
vn 0.4913 -0.6326 0.5987
vn 0.4691 -0.0975 0.8777
vn 0.1375 0.9565 0.2571
vn 0.4513 -0.2890 0.8443
vn 0.2231 0.8810 0.4173
vn 0.4162 -0.4696 0.7786
vn 0.2999 0.7715 0.5611
vn 0.3651 -0.6326 0.6830
vn 0.3651 0.6326 0.6831
vn 0.2999 -0.7715 0.5611
vn 0.4162 0.4696 0.7786
vn 0.2231 -0.8810 0.4173
vn 0.4513 0.2890 0.8443
vn 0.1375 -0.9565 0.2571
vn 0.4692 0.0975 0.8777
vn 0.0464 0.9951 0.0869
vn 0.0464 -0.9951 0.0869
vn 0.1847 -0.7715 0.6088
vn 0.2563 0.4696 0.8449
vn 0.1374 -0.8810 0.4528
vn 0.2779 0.2890 0.9161
vn 0.0846 -0.9566 0.2790
vn 0.2889 0.0975 0.9524
vn 0.0286 0.9951 0.0943
vn 0.0287 -0.9951 0.0943
vn 0.2889 -0.0976 0.9524
vn 0.0847 0.9565 0.2790
vn 0.2779 -0.2890 0.9161
vn 0.1374 0.8810 0.4528
vn 0.2563 -0.4696 0.8448
vn 0.1847 0.7715 0.6088
vn 0.2248 -0.6326 0.7412
vn 0.2248 0.6326 0.7412
vn 0.0286 0.9565 0.2902
vn 0.0938 -0.2890 0.9527
vn 0.0463 0.8810 0.4709
vn 0.0865 -0.4696 0.8786
vn 0.0623 0.7715 0.6332
vn 0.0759 -0.6326 0.7708
vn 0.0759 0.6326 0.7708
vn 0.0624 -0.7715 0.6332
vn 0.0865 0.4696 0.8786
vn 0.0464 -0.8810 0.4709
vn 0.0938 0.2890 0.9527
vn 0.0286 -0.9565 0.2902
vn 0.0975 0.0976 0.9904
vn 0.0097 0.9951 0.0980
vn 0.0096 -0.9951 0.0980
vn 0.0975 -0.0975 0.9904
vn -0.0865 0.4696 0.8786
vn -0.0464 -0.8810 0.4709
vn -0.0938 0.2890 0.9527
vn -0.0286 -0.9565 0.2902
vn -0.0976 0.0975 0.9904
vn -0.0097 0.9951 0.0980
vn -0.0096 -0.9951 0.0980
vn -0.0975 -0.0975 0.9904
vn -0.0286 0.9565 0.2902
vn -0.0938 -0.2890 0.9527
vn -0.0463 0.8810 0.4709
vn -0.0865 -0.4696 0.8786
vn -0.0623 0.7715 0.6332
vn -0.0759 -0.6326 0.7708
vn -0.0759 0.6326 0.7708
vn -0.0624 -0.7715 0.6332
vn -0.2779 -0.2890 0.9161
vn -0.1374 0.8810 0.4528
vn -0.2563 -0.4696 0.8448
vn -0.1847 0.7715 0.6088
vn -0.2248 -0.6326 0.7412
vn -0.2248 0.6326 0.7412
vn -0.1847 -0.7715 0.6088
vn -0.2563 0.4696 0.8449
vn -0.1374 -0.8810 0.4528
vn -0.2779 0.2890 0.9161
vn -0.0846 -0.9566 0.2790
vn -0.2889 0.0976 0.9524
vn -0.0286 0.9951 0.0943
vn -0.0287 -0.9951 0.0943
vn -0.2889 -0.0975 0.9524
vn -0.0846 0.9565 0.2790
vn -0.2230 -0.8810 0.4173
vn -0.4513 0.2890 0.8443
vn -0.1375 -0.9565 0.2571
vn -0.4692 0.0976 0.8777
vn -0.0464 0.9951 0.0869
vn -0.0464 -0.9951 0.0869
vn -0.4691 -0.0975 0.8777
vn -0.1375 0.9565 0.2571
vn -0.4513 -0.2890 0.8443
vn -0.2230 0.8810 0.4173
vn -0.4162 -0.4696 0.7786
vn -0.2999 0.7715 0.5611
vn -0.3651 -0.6326 0.6830
vn -0.3651 0.6326 0.6831
vn -0.2999 -0.7715 0.5611
vn -0.4162 0.4696 0.7786
vn -0.5601 -0.4696 0.6825
vn -0.4036 0.7715 0.4918
vn -0.4913 -0.6326 0.5987
vn -0.4913 0.6326 0.5987
vn -0.4036 -0.7715 0.4918
vn -0.5601 0.4696 0.6825
vn -0.3002 -0.8810 0.3658
vn -0.6073 0.2890 0.7400
vn -0.1849 -0.9566 0.2254
vn -0.6314 0.0975 0.7693
vn -0.0625 0.9951 0.0761
vn -0.0625 -0.9951 0.0761
vn -0.6314 -0.0975 0.7693
vn -0.1850 0.9566 0.2254
vn -0.6073 -0.2890 0.7400
vn -0.3002 0.8810 0.3658
vn -0.2254 -0.9565 0.1850
vn -0.7693 0.0975 0.6314
vn -0.0761 0.9951 0.0625
vn -0.0761 -0.9951 0.0625
vn -0.7693 -0.0975 0.6314
vn -0.2254 0.9565 0.1850
vn -0.7400 -0.2890 0.6073
vn -0.3658 0.8810 0.3002
vn -0.6825 -0.4696 0.5601
vn -0.4918 0.7715 0.4036
vn -0.5987 -0.6326 0.4913
vn -0.5987 0.6326 0.4914
vn -0.4918 -0.7715 0.4036
vn -0.6825 0.4696 0.5601
vn -0.3658 -0.8810 0.3002
vn -0.7400 0.2890 0.6073
vn -0.5611 0.7715 0.2999
vn -0.6830 -0.6326 0.3651
vn -0.6831 0.6326 0.3651
vn -0.5611 -0.7715 0.2999
vn -0.7786 0.4696 0.4162
vn -0.4173 -0.8810 0.2230
vn -0.8443 0.2890 0.4513
vn -0.2571 -0.9565 0.1374
vn -0.8777 0.0975 0.4691
vn -0.0869 0.9951 0.0464
vn -0.0869 -0.9951 0.0464
vn -0.8777 -0.0975 0.4692
vn -0.2571 0.9566 0.1374
vn -0.8443 -0.2890 0.4513
vn -0.4173 0.8810 0.2231
vn -0.7786 -0.4696 0.4162
vn -0.9524 0.0975 0.2889
vn -0.0943 0.9951 0.0286
vn -0.0942 -0.9951 0.0286
vn -0.9524 -0.0975 0.2889
vn -0.2790 0.9565 0.0846
vn -0.9161 -0.2890 0.2779
vn -0.4528 0.8810 0.1374
vn -0.8448 -0.4696 0.2563
vn -0.6088 0.7715 0.1847
vn -0.7412 -0.6326 0.2248
vn -0.7412 0.6326 0.2248
vn -0.6088 -0.7715 0.1847
vn -0.8448 0.4696 0.2563
vn -0.4528 -0.8810 0.1374
vn -0.9161 0.2890 0.2779
vn -0.2790 -0.9565 0.0846
vn -0.7708 -0.6326 0.0759
vn -0.7708 0.6326 0.0759
vn -0.6332 -0.7715 0.0624
vn -0.8786 0.4696 0.0865
vn -0.4709 -0.8810 0.0464
vn -0.9527 0.2890 0.0938
vn -0.2902 -0.9565 0.0286
vn -0.9904 0.0975 0.0975
vn -0.0980 0.9951 0.0097
vn -0.0980 -0.9951 0.0097
vn -0.9904 -0.0975 0.0975
vn -0.2902 0.9565 0.0286
vn -0.9527 -0.2890 0.0938
vn -0.4709 0.8810 0.0464
vn -0.8786 -0.4696 0.0865
vn -0.6332 0.7715 0.0624
vn -0.0980 0.9951 -0.0097
vn -0.0980 -0.9951 -0.0097
vn -0.9904 -0.0975 -0.0976
vn -0.2902 0.9565 -0.0286
vn -0.9527 -0.2890 -0.0938
vn -0.4709 0.8810 -0.0464
vn -0.8786 -0.4696 -0.0865
vn -0.6332 0.7715 -0.0624
vn -0.7708 -0.6326 -0.0759
vn -0.7708 0.6326 -0.0759
vn -0.6332 -0.7715 -0.0624
vn -0.8786 0.4696 -0.0865
vn -0.4709 -0.8810 -0.0464
vn -0.9527 0.2890 -0.0938
vn -0.2902 -0.9565 -0.0286
vn -0.9904 0.0975 -0.0975
vn -0.7412 0.6326 -0.2248
vn -0.6088 -0.7715 -0.1847
vn -0.8448 0.4696 -0.2563
vn -0.4528 -0.8810 -0.1374
vn -0.9161 0.2890 -0.2779
vn -0.2790 -0.9566 -0.0846
vn -0.9524 0.0975 -0.2889
vn -0.0942 0.9951 -0.0286
vn -0.0942 -0.9951 -0.0286
vn -0.9524 -0.0975 -0.2889
vn -0.2790 0.9565 -0.0846
vn -0.9161 -0.2890 -0.2779
vn -0.4528 0.8810 -0.1374
vn -0.8448 -0.4696 -0.2563
vn -0.6088 0.7715 -0.1847
vn -0.7412 -0.6326 -0.2248
vn -0.8777 -0.0975 -0.4692
vn -0.2572 0.9565 -0.1374
vn -0.8443 -0.2890 -0.4513
vn -0.4173 0.8810 -0.2230
vn -0.7786 -0.4696 -0.4162
vn -0.5611 0.7715 -0.2999
vn -0.6831 -0.6326 -0.3651
vn -0.6830 0.6326 -0.3651
vn -0.5611 -0.7715 -0.2999
vn -0.7786 0.4696 -0.4162
vn -0.4173 -0.8810 -0.2230
vn -0.8443 0.2890 -0.4513
vn -0.2571 -0.9566 -0.1374
vn -0.8777 0.0975 -0.4691
vn -0.0868 0.9951 -0.0464
vn -0.0868 -0.9951 -0.0464
vn -0.4918 -0.7715 -0.4036
vn -0.6825 0.4696 -0.5601
vn -0.3658 -0.8810 -0.3002
vn -0.7400 0.2890 -0.6073
vn -0.2254 -0.9565 -0.1850
vn -0.7693 0.0975 -0.6314
vn -0.0762 0.9951 -0.0625
vn -0.0761 -0.9951 -0.0625
vn -0.7693 -0.0975 -0.6314
vn -0.2254 0.9565 -0.1850
vn -0.7400 -0.2890 -0.6073
vn -0.3658 0.8810 -0.3002
vn -0.6825 -0.4696 -0.5601
vn -0.4918 0.7715 -0.4036
vn -0.5987 -0.6326 -0.4913
vn -0.5987 0.6326 -0.4913
vn -0.6073 -0.2890 -0.7400
vn -0.3002 0.8810 -0.3658
vn -0.5601 -0.4696 -0.6825
vn -0.4036 0.7715 -0.4918
vn -0.4913 -0.6326 -0.5987
vn -0.4913 0.6326 -0.5987
vn -0.4036 -0.7715 -0.4918
vn -0.5601 0.4696 -0.6825
vn -0.3001 -0.8810 -0.3658
vn -0.6073 0.2890 -0.7400
vn -0.1849 -0.9566 -0.2254
vn -0.6314 0.0975 -0.7693
vn -0.0625 0.9951 -0.0761
vn -0.0625 -0.9951 -0.0761
vn -0.6314 -0.0975 -0.7693
vn -0.1850 0.9565 -0.2254
vn -0.2230 -0.8810 -0.4173
vn -0.4513 0.2890 -0.8443
vn -0.1375 -0.9565 -0.2571
vn -0.4692 0.0975 -0.8777
vn -0.0464 0.9951 -0.0869
vn -0.0464 -0.9951 -0.0869
vn -0.4691 -0.0976 -0.8777
vn -0.1375 0.9565 -0.2571
vn -0.4513 -0.2890 -0.8443
vn -0.2231 0.8810 -0.4173
vn -0.4162 -0.4696 -0.7786
vn -0.2999 0.7715 -0.5611
vn -0.3651 -0.6326 -0.6831
vn -0.3651 0.6326 -0.6831
vn -0.2999 -0.7715 -0.5611
vn -0.4162 0.4696 -0.7786
vn -0.1373 0.8810 -0.4528
vn -0.2563 -0.4696 -0.8449
vn -0.1847 0.7715 -0.6088
vn -0.2248 -0.6326 -0.7412
vn -0.2248 0.6326 -0.7412
vn -0.1847 -0.7715 -0.6088
vn -0.2563 0.4696 -0.8449
vn -0.1374 -0.8810 -0.4528
vn -0.2779 0.2890 -0.9161
vn -0.0846 -0.9566 -0.2790
vn -0.2889 0.0975 -0.9524
vn -0.0286 0.9951 -0.0943
vn -0.0287 -0.9951 -0.0943
vn -0.2889 -0.0976 -0.9524
vn -0.0846 0.9566 -0.2790
vn -0.2779 -0.2890 -0.9161
vn -0.0938 0.2890 -0.9527
vn -0.0287 -0.9565 -0.2902
vn -0.0976 0.0975 -0.9904
vn -0.0097 0.9951 -0.0980
vn -0.0097 -0.9951 -0.0980
vn -0.0976 -0.0975 -0.9904
vn -0.0286 0.9565 -0.2902
vn -0.0938 -0.2890 -0.9527
vn -0.0464 0.8810 -0.4709
vn -0.0865 -0.4696 -0.8786
vn -0.0624 0.7715 -0.6332
vn -0.0759 -0.6326 -0.7708
vn -0.0759 0.6326 -0.7708
vn -0.0624 -0.7715 -0.6332
vn -0.0865 0.4696 -0.8786
vn -0.0464 -0.8810 -0.4709
vn 0.0602 -0.2072 -0.9764
vn 0.4940 0.2520 -0.8322
vn 0.0050 -0.2579 -0.9661
vn 0.3945 0.1348 -0.9090
vn -0.0614 -0.3169 -0.9465
vn 0.3187 0.0511 -0.9465
vn -0.1474 -0.3899 -0.9090
vn 0.2576 -0.0133 -0.9661
vn -0.2678 -0.4856 -0.8322
vn 0.2052 -0.0669 -0.9764
vn -0.4424 -0.6076 -0.6596
vn 0.1570 -0.1148 -0.9809
vn 0.7268 0.6283 -0.2774
vn -0.6514 -0.7062 -0.2774
vn 0.1097 -0.1606 -0.9809
vn 0.6216 0.4225 -0.6596
vn 0.3370 -0.3911 -0.8564
vn 0.7617 0.2300 -0.6058
vn 0.2913 -0.4326 -0.8532
vn 0.6666 0.0213 -0.7451
vn 0.2390 -0.4770 -0.8458
vn 0.5856 -0.1062 -0.8036
vn 0.1744 -0.5275 -0.8314
vn 0.5216 -0.1914 -0.8314
vn 0.0873 -0.5887 -0.8036
vn 0.4691 -0.2543 -0.8458
vn -0.0428 -0.6656 -0.7451
vn 0.4230 -0.3051 -0.8532
vn -0.2545 -0.7538 -0.6058
vn 0.3800 -0.3495 -0.8564
vn 0.7941 0.5473 -0.2645
vn -0.5726 -0.7760 -0.2645
vn 0.2621 -0.7104 -0.6532
vn 0.6014 -0.4205 -0.6794
vn 0.1360 -0.7765 -0.6153
vn 0.5617 -0.4656 -0.6839
vn -0.0893 -0.8508 -0.5178
vn 0.5245 -0.5044 -0.6859
vn 0.8501 0.4687 -0.2401
vn -0.4959 -0.8345 -0.2401
vn 0.4872 -0.5406 -0.6859
vn 0.8533 0.0618 -0.5178
vn 0.4472 -0.5765 -0.6839
vn 0.7717 -0.1610 -0.6153
vn 0.4009 -0.6146 -0.6794
vn 0.7015 -0.2849 -0.6532
vn 0.3427 -0.6579 -0.6706
vn 0.6465 -0.3638 -0.6706
vn 0.9061 -0.0686 -0.4174
vn 0.5414 -0.6590 -0.5221
vn 0.8281 -0.2881 -0.4809
vn 0.5009 -0.6923 -0.5195
vn 0.7643 -0.4023 -0.5040
vn 0.4495 -0.7303 -0.5143
vn 0.7154 -0.4729 -0.5143
vn 0.3774 -0.7769 -0.5040
vn 0.6758 -0.5229 -0.5195
vn 0.2613 -0.8369 -0.4809
vn 0.6412 -0.5624 -0.5221
vn 0.0393 -0.9079 -0.4174
vn 0.6088 -0.5963 -0.5232
vn 0.8939 0.3978 -0.2065
vn -0.4264 -0.8807 -0.2064
vn 0.5763 -0.6277 -0.5232
vn 0.7169 -0.5845 -0.3800
vn 0.3440 -0.8684 -0.3571
vn 0.6860 -0.6196 -0.3815
vn 0.1320 -0.9392 -0.3171
vn 0.6571 -0.6497 -0.3822
vn 0.9263 0.3381 -0.1660
vn -0.3679 -0.9149 -0.1661
vn 0.6282 -0.6777 -0.3822
vn 0.9344 -0.1623 -0.3171
vn 0.5971 -0.7056 -0.3815
vn 0.8568 -0.3719 -0.3571
vn 0.5610 -0.7354 -0.3800
vn 0.7972 -0.4763 -0.3710
vn 0.5152 -0.7697 -0.3770
vn 0.7527 -0.5398 -0.3770
vn 0.4503 -0.8122 -0.3710
vn 0.6299 -0.7320 -0.2597
vn 0.8712 -0.4250 -0.2456
vn 0.5969 -0.7594 -0.2589
vn 0.8145 -0.5218 -0.2537
vn 0.5549 -0.7912 -0.2571
vn 0.7729 -0.5801 -0.2571
vn 0.4952 -0.8309 -0.2537
vn 0.7398 -0.6211 -0.2589
vn 0.3967 -0.8845 -0.2456
vn 0.7113 -0.6532 -0.2597
vn 0.1947 -0.9555 -0.2215
vn 0.6848 -0.6808 -0.2601
vn 0.9486 0.2923 -0.1212
vn -0.3227 -0.9387 -0.1212
vn 0.6583 -0.7064 -0.2601
vn 0.9488 -0.2254 -0.2214
vn 0.4277 -0.8924 -0.1435
vn 0.7250 -0.6720 -0.1509
vn 0.2331 -0.9636 -0.1306
vn 0.7000 -0.6980 -0.1511
vn 0.9624 0.2613 -0.0737
vn -0.2922 -0.9535 -0.0736
vn 0.6750 -0.7222 -0.1511
vn 0.9556 -0.2641 -0.1307
vn 0.6482 -0.7463 -0.1509
vn 0.8782 -0.4563 -0.1435
vn 0.6171 -0.7724 -0.1505
vn 0.8233 -0.5481 -0.1478
vn 0.5775 -0.8025 -0.1496
vn 0.7835 -0.6031 -0.1496
vn 0.5212 -0.8405 -0.1478
vn 0.7520 -0.6417 -0.1505
vn 0.6263 -0.7780 -0.0494
vn 0.8270 -0.5601 -0.0485
vn 0.5879 -0.8075 -0.0491
vn 0.7881 -0.6136 -0.0491
vn 0.5331 -0.8446 -0.0485
vn 0.7574 -0.6511 -0.0494
vn 0.4421 -0.8957 -0.0472
vn 0.7311 -0.6805 -0.0495
vn 0.2513 -0.9669 -0.0432
vn 0.7068 -0.7057 -0.0496
vn 0.9690 0.2457 -0.0247
vn -0.2769 -0.9606 -0.0247
vn 0.6825 -0.7292 -0.0496
vn 0.9583 -0.2824 -0.0432
vn 0.6565 -0.7527 -0.0495
vn 0.8810 -0.4708 -0.0472
vn 0.2513 -0.9669 0.0432
vn 0.7068 -0.7057 0.0496
vn 0.9690 0.2457 0.0247
vn -0.2769 -0.9606 0.0247
vn 0.6825 -0.7292 0.0496
vn 0.9583 -0.2824 0.0432
vn 0.6565 -0.7527 0.0495
vn 0.8810 -0.4708 0.0472
vn 0.6263 -0.7780 0.0494
vn 0.8270 -0.5601 0.0485
vn 0.5879 -0.8075 0.0491
vn 0.7881 -0.6136 0.0491
vn 0.5332 -0.8446 0.0485
vn 0.7574 -0.6511 0.0494
vn 0.4421 -0.8957 0.0472
vn 0.7311 -0.6805 0.0495
vn 0.8233 -0.5481 0.1478
vn 0.5775 -0.8025 0.1496
vn 0.7835 -0.6031 0.1496
vn 0.5212 -0.8405 0.1478
vn 0.7520 -0.6417 0.1505
vn 0.4277 -0.8924 0.1435
vn 0.7250 -0.6720 0.1509
vn 0.2331 -0.9636 0.1306
vn 0.7000 -0.6980 0.1511
vn 0.9624 0.2613 0.0737
vn -0.2922 -0.9535 0.0736
vn 0.6750 -0.7222 0.1511
vn 0.9556 -0.2641 0.1307
vn 0.6482 -0.7463 0.1509
vn 0.8782 -0.4563 0.1435
vn 0.6171 -0.7724 0.1505
vn 0.6848 -0.6808 0.2601
vn 0.9486 0.2923 0.1212
vn -0.3227 -0.9387 0.1212
vn 0.6583 -0.7064 0.2601
vn 0.9488 -0.2254 0.2214
vn 0.6299 -0.7320 0.2597
vn 0.8712 -0.4250 0.2456
vn 0.5969 -0.7594 0.2589
vn 0.8145 -0.5218 0.2537
vn 0.5549 -0.7912 0.2571
vn 0.7729 -0.5801 0.2571
vn 0.4952 -0.8309 0.2537
vn 0.7398 -0.6211 0.2589
vn 0.3967 -0.8845 0.2456
vn 0.7113 -0.6532 0.2597
vn 0.1947 -0.9555 0.2215
vn 0.5152 -0.7697 0.3770
vn 0.7527 -0.5398 0.3770
vn 0.4503 -0.8122 0.3710
vn 0.7169 -0.5845 0.3800
vn 0.3440 -0.8684 0.3571
vn 0.6860 -0.6196 0.3815
vn 0.1320 -0.9392 0.3171
vn 0.6571 -0.6497 0.3822
vn 0.9263 0.3381 0.1660
vn -0.3678 -0.9149 0.1661
vn 0.6282 -0.6777 0.3822
vn 0.9344 -0.1623 0.3171
vn 0.5971 -0.7056 0.3815
vn 0.8568 -0.3719 0.3571
vn 0.5610 -0.7354 0.3800
vn 0.7972 -0.4763 0.3710
vn 0.8939 0.3978 0.2065
vn -0.4264 -0.8807 0.2064
vn 0.5763 -0.6277 0.5232
vn 0.9061 -0.0686 0.4174
vn 0.5414 -0.6590 0.5221
vn 0.8281 -0.2881 0.4809
vn 0.5009 -0.6923 0.5195
vn 0.7643 -0.4023 0.5040
vn 0.4495 -0.7303 0.5143
vn 0.7154 -0.4729 0.5143
vn 0.3774 -0.7769 0.5040
vn 0.6758 -0.5229 0.5195
vn 0.2613 -0.8369 0.4809
vn 0.6412 -0.5624 0.5221
vn 0.0393 -0.9079 0.4174
vn 0.6088 -0.5963 0.5232
vn 0.6465 -0.3638 0.6706
vn 0.2621 -0.7104 0.6532
vn 0.6014 -0.4205 0.6794
vn 0.1360 -0.7765 0.6153
vn 0.5617 -0.4656 0.6839
vn -0.0893 -0.8508 0.5178
vn 0.5245 -0.5044 0.6859
vn 0.8501 0.4686 0.2401
vn -0.4959 -0.8345 0.2401
vn 0.4872 -0.5405 0.6859
vn 0.8533 0.0618 0.5178
vn 0.4472 -0.5765 0.6839
vn 0.7717 -0.1610 0.6153
vn 0.4009 -0.6146 0.6794
vn 0.7015 -0.2849 0.6532
vn 0.3427 -0.6579 0.6706
vn 0.3370 -0.3911 0.8564
vn 0.7617 0.2300 0.6058
vn 0.2913 -0.4326 0.8532
vn 0.6666 0.0213 0.7451
vn 0.2390 -0.4770 0.8458
vn 0.5856 -0.1062 0.8036
vn 0.1744 -0.5275 0.8314
vn 0.5216 -0.1914 0.8314
vn 0.0873 -0.5887 0.8036
vn 0.4691 -0.2543 0.8458
vn -0.0428 -0.6656 0.7451
vn 0.4230 -0.3051 0.8532
vn -0.2545 -0.7538 0.6058
vn 0.3800 -0.3495 0.8564
vn 0.7940 0.5473 0.2645
vn -0.5726 -0.7760 0.2645
vn -0.1474 -0.3899 0.9090
vn 0.2576 -0.0133 0.9661
vn -0.2678 -0.4856 0.8322
vn 0.2052 -0.0669 0.9764
vn -0.4424 -0.6076 0.6596
vn 0.1570 -0.1148 0.9809
vn 0.7268 0.6283 0.2774
vn -0.6514 -0.7062 0.2774
vn 0.1097 -0.1606 0.9809
vn 0.6216 0.4225 0.6596
vn 0.0602 -0.2072 0.9764
vn 0.4940 0.2520 0.8322
vn 0.0050 -0.2579 0.9661
vn 0.3945 0.1348 0.9090
vn -0.0614 -0.3169 0.9465
vn 0.3187 0.0511 0.9465
vn -0.2052 0.0669 0.9764
vn 0.2678 0.4856 0.8322
vn -0.2577 0.0133 0.9661
vn 0.1474 0.3900 0.9090
vn -0.3187 -0.0511 0.9465
vn 0.0614 0.3169 0.9465
vn -0.3945 -0.1348 0.9090
vn -0.0050 0.2579 0.9661
vn -0.4940 -0.2520 0.8322
vn -0.0602 0.2072 0.9764
vn -0.6217 -0.4225 0.6596
vn -0.1097 0.1606 0.9809
vn 0.6514 0.7062 0.2774
vn -0.7268 -0.6283 0.2774
vn -0.1570 0.1148 0.9809
vn 0.4423 0.6077 0.6596
vn -0.6666 -0.0212 0.7451
vn -0.2913 0.4326 0.8532
vn -0.7616 -0.2300 0.6058
vn -0.3370 0.3911 0.8564
vn 0.5727 0.7759 0.2645
vn -0.7941 -0.5472 0.2645
vn -0.3800 0.3495 0.8564
vn 0.2545 0.7539 0.6058
vn -0.4230 0.3051 0.8532
vn 0.0428 0.6656 0.7451
vn -0.4691 0.2543 0.8458
vn -0.0873 0.5887 0.8036
vn -0.5216 0.1914 0.8314
vn -0.1744 0.5275 0.8314
vn -0.5856 0.1062 0.8036
vn -0.2390 0.4770 0.8458
vn -0.1360 0.7765 0.6153
vn -0.6014 0.4205 0.6794
vn -0.2621 0.7104 0.6532
vn -0.6465 0.3638 0.6706
vn -0.3427 0.6579 0.6706
vn -0.7015 0.2849 0.6532
vn -0.4009 0.6146 0.6794
vn -0.7717 0.1611 0.6153
vn -0.4472 0.5765 0.6839
vn -0.8533 -0.0618 0.5178
vn -0.4872 0.5405 0.6859
vn 0.4960 0.8345 0.2401
vn -0.8501 -0.4687 0.2401
vn -0.5245 0.5044 0.6859
vn 0.0894 0.8508 0.5179
vn -0.5617 0.4656 0.6839
vn -0.5414 0.6590 0.5221
vn -0.9061 0.0686 0.4174
vn -0.5763 0.6277 0.5232
vn 0.4263 0.8807 0.2064
vn -0.8940 -0.3977 0.2065
vn -0.6088 0.5963 0.5232
vn -0.0393 0.9079 0.4174
vn -0.6412 0.5624 0.5221
vn -0.2613 0.8369 0.4809
vn -0.6758 0.5229 0.5195
vn -0.3774 0.7769 0.5040
vn -0.7154 0.4729 0.5143
vn -0.4495 0.7303 0.5143
vn -0.7643 0.4023 0.5040
vn -0.5009 0.6923 0.5195
vn -0.8281 0.2882 0.4809
vn -0.7169 0.5845 0.3800
vn -0.4503 0.8122 0.3709
vn -0.7527 0.5398 0.3770
vn -0.5152 0.7697 0.3770
vn -0.7972 0.4763 0.3709
vn -0.5610 0.7354 0.3800
vn -0.8568 0.3719 0.3571
vn -0.5971 0.7056 0.3815
vn -0.9344 0.1623 0.3171
vn -0.6282 0.6777 0.3822
vn 0.3679 0.9149 0.1660
vn -0.9263 -0.3381 0.1661
vn -0.6571 0.6497 0.3822
vn -0.1320 0.9392 0.3171
vn -0.6860 0.6196 0.3815
vn -0.3441 0.8684 0.3571
vn -0.9488 0.2254 0.2214
vn -0.6583 0.7064 0.2601
vn 0.3228 0.9387 0.1212
vn -0.9486 -0.2922 0.1212
vn -0.6848 0.6808 0.2601
vn -0.1947 0.9555 0.2214
vn -0.7113 0.6532 0.2597
vn -0.3967 0.8845 0.2455
vn -0.7398 0.6211 0.2589
vn -0.4952 0.8309 0.2537
vn -0.7729 0.5801 0.2571
vn -0.5549 0.7912 0.2571
vn -0.8145 0.5218 0.2536
vn -0.5968 0.7594 0.2589
vn -0.8712 0.4250 0.2456
vn -0.6299 0.7320 0.2597
vn -0.5212 0.8405 0.1478
vn -0.7835 0.6032 0.1496
vn -0.5775 0.8025 0.1496
vn -0.8233 0.5481 0.1478
vn -0.6171 0.7724 0.1505
vn -0.8782 0.4563 0.1435
vn -0.6482 0.7463 0.1509
vn -0.9556 0.2641 0.1307
vn -0.6750 0.7222 0.1511
vn 0.2922 0.9535 0.0737
vn -0.9624 -0.2613 0.0737
vn -0.7000 0.6980 0.1511
vn -0.2331 0.9636 0.1307
vn -0.7250 0.6720 0.1509
vn -0.4277 0.8924 0.1435
vn -0.7520 0.6417 0.1505
vn -0.6825 0.7292 0.0496
vn 0.2769 0.9606 0.0247
vn -0.9690 -0.2457 0.0247
vn -0.7068 0.7057 0.0496
vn -0.2513 0.9669 0.0432
vn -0.7311 0.6805 0.0495
vn -0.4421 0.8957 0.0472
vn -0.7574 0.6511 0.0494
vn -0.5332 0.8446 0.0485
vn -0.7881 0.6136 0.0491
vn -0.5879 0.8075 0.0491
vn -0.8270 0.5601 0.0485
vn -0.6263 0.7780 0.0494
vn -0.8810 0.4708 0.0472
vn -0.6565 0.7527 0.0495
vn -0.9583 0.2824 0.0432
vn -0.7881 0.6136 -0.0491
vn -0.5879 0.8075 -0.0491
vn -0.8270 0.5601 -0.0485
vn -0.6263 0.7780 -0.0494
vn -0.8810 0.4708 -0.0472
vn -0.6565 0.7527 -0.0495
vn -0.9583 0.2824 -0.0432
vn -0.6825 0.7292 -0.0496
vn 0.2769 0.9606 -0.0247
vn -0.9690 -0.2457 -0.0247
vn -0.7068 0.7057 -0.0496
vn -0.2513 0.9669 -0.0432
vn -0.7311 0.6805 -0.0495
vn -0.4421 0.8957 -0.0472
vn -0.7574 0.6511 -0.0494
vn -0.5332 0.8446 -0.0486
vn -0.9624 -0.2613 -0.0737
vn -0.7000 0.6980 -0.1511
vn -0.2331 0.9636 -0.1307
vn -0.7250 0.6720 -0.1509
vn -0.4277 0.8924 -0.1435
vn -0.7520 0.6417 -0.1505
vn -0.5212 0.8405 -0.1478
vn -0.7835 0.6032 -0.1496
vn -0.5775 0.8025 -0.1496
vn -0.8233 0.5481 -0.1478
vn -0.6171 0.7724 -0.1505
vn -0.8782 0.4563 -0.1435
vn -0.6482 0.7463 -0.1509
vn -0.9556 0.2641 -0.1307
vn -0.6750 0.7222 -0.1511
vn 0.2922 0.9535 -0.0737
vn -0.8145 0.5218 -0.2536
vn -0.5969 0.7594 -0.2589
vn -0.8712 0.4250 -0.2456
vn -0.6299 0.7320 -0.2597
vn -0.9488 0.2254 -0.2214
vn -0.6583 0.7064 -0.2601
vn 0.3228 0.9387 -0.1212
vn -0.9486 -0.2923 -0.1212
vn -0.6848 0.6808 -0.2601
vn -0.1947 0.9555 -0.2214
vn -0.7113 0.6532 -0.2597
vn -0.3967 0.8845 -0.2455
vn -0.7398 0.6211 -0.2589
vn -0.4952 0.8309 -0.2537
vn -0.7729 0.5801 -0.2571
vn -0.5549 0.7912 -0.2571
vn -0.1320 0.9392 -0.3171
vn -0.6860 0.6196 -0.3815
vn -0.3440 0.8684 -0.3571
vn -0.7169 0.5845 -0.3800
vn -0.4503 0.8122 -0.3709
vn -0.7527 0.5398 -0.3770
vn -0.5152 0.7697 -0.3770
vn -0.7972 0.4763 -0.3709
vn -0.5610 0.7354 -0.3800
vn -0.8568 0.3719 -0.3571
vn -0.5971 0.7056 -0.3815
vn -0.9344 0.1623 -0.3171
vn -0.6282 0.6777 -0.3822
vn 0.3679 0.9149 -0.1660
vn -0.9263 -0.3381 -0.1661
vn -0.6571 0.6497 -0.3822
vn -0.5009 0.6923 -0.5195
vn -0.8281 0.2881 -0.4809
vn -0.5414 0.6590 -0.5221
vn -0.9061 0.0686 -0.4174
vn -0.5763 0.6277 -0.5232
vn 0.4263 0.8807 -0.2064
vn -0.8940 -0.3977 -0.2065
vn -0.6088 0.5963 -0.5232
vn -0.0393 0.9079 -0.4174
vn -0.6412 0.5624 -0.5221
vn -0.2613 0.8369 -0.4809
vn -0.6758 0.5229 -0.5195
vn -0.3774 0.7769 -0.5040
vn -0.7154 0.4729 -0.5143
vn -0.4495 0.7303 -0.5143
vn -0.7643 0.4023 -0.5040
vn -0.5617 0.4656 -0.6839
vn -0.1360 0.7765 -0.6153
vn -0.6014 0.4205 -0.6794
vn -0.2621 0.7104 -0.6532
vn -0.6465 0.3637 -0.6706
vn -0.3427 0.6580 -0.6706
vn -0.7015 0.2849 -0.6532
vn -0.4009 0.6146 -0.6794
vn -0.7717 0.1610 -0.6153
vn -0.4472 0.5765 -0.6839
vn -0.8533 -0.0618 -0.5178
vn -0.4872 0.5406 -0.6859
vn 0.4959 0.8345 -0.2401
vn -0.8501 -0.4687 -0.2401
vn -0.5245 0.5044 -0.6859
vn 0.0894 0.8508 -0.5179
vn -0.6666 -0.0213 -0.7451
vn -0.2913 0.4326 -0.8532
vn -0.7617 -0.2300 -0.6058
vn -0.3370 0.3911 -0.8564
vn 0.5727 0.7759 -0.2645
vn -0.7941 -0.5472 -0.2645
vn -0.3800 0.3495 -0.8564
vn 0.2545 0.7539 -0.6058
vn -0.4230 0.3051 -0.8532
vn 0.0428 0.6656 -0.7451
vn -0.4691 0.2543 -0.8458
vn -0.0873 0.5887 -0.8036
vn -0.5216 0.1914 -0.8314
vn -0.1744 0.5275 -0.8314
vn -0.5856 0.1062 -0.8036
vn -0.2390 0.4770 -0.8458
vn 0.2678 0.4856 -0.8322
vn -0.2577 0.0133 -0.9661
vn 0.1474 0.3899 -0.9090
vn -0.3187 -0.0511 -0.9465
vn 0.0614 0.3169 -0.9465
vn -0.3945 -0.1348 -0.9090
vn -0.0050 0.2579 -0.9661
vn -0.4940 -0.2520 -0.8322
vn -0.0603 0.2072 -0.9764
vn -0.6216 -0.4225 -0.6596
vn -0.1097 0.1606 -0.9809
vn 0.6514 0.7062 -0.2774
vn -0.7268 -0.6283 -0.2774
vn -0.1570 0.1148 -0.9809
vn 0.4423 0.6077 -0.6596
vn -0.2052 0.0669 -0.9764
vn 0.0098 -0.3803 -0.9248
vn -0.2957 0.2789 -0.9137
vn -0.0346 -0.2965 -0.9544
vn -0.3550 0.4406 -0.8245
vn -0.0721 -0.2230 -0.9721
vn -0.4189 0.6531 -0.6308
vn -0.1058 -0.1547 -0.9823
vn 0.3737 -0.8953 -0.2426
vn -0.4461 0.8595 -0.2495
vn -0.1381 -0.0871 -0.9866
vn 0.2482 -0.7636 -0.5961
vn -0.1710 -0.0160 -0.9851
vn 0.1426 -0.6088 -0.7804
vn -0.2065 0.0634 -0.9764
vn 0.0663 -0.4815 -0.8739
vn -0.2470 0.1582 -0.9560
vn -0.1330 -0.6301 -0.7651
vn -0.4216 -0.1633 -0.8920
vn -0.1961 -0.5504 -0.8115
vn -0.4612 -0.0695 -0.8845
vn -0.2443 -0.4825 -0.8411
vn -0.5068 0.0575 -0.8601
vn -0.2841 -0.4213 -0.8613
vn -0.5566 0.2425 -0.7946
vn -0.3193 -0.3628 -0.8755
vn -0.5883 0.5150 -0.6235
vn 0.3052 -0.9250 -0.2263
vn -0.3527 -0.3031 -0.8853
vn -0.5190 0.8187 -0.2458
vn 0.0959 -0.8415 -0.5316
vn -0.0429 -0.7273 -0.6849
vn -0.3861 -0.2384 -0.8911
vn -0.4358 -0.5566 -0.7073
vn -0.7337 0.3663 -0.5723
vn -0.4713 -0.5086 -0.7206
vn 0.2437 -0.9485 -0.2022
vn -0.5885 0.7749 -0.2307
vn -0.5049 -0.4589 -0.7311
vn -0.0283 -0.8917 -0.4518
vn -0.5386 -0.4040 -0.7394
vn -0.1856 -0.8012 -0.5689
vn -0.5746 -0.3389 -0.7450
vn -0.2815 -0.7240 -0.6297
vn -0.6150 -0.2548 -0.7462
vn -0.3466 -0.6606 -0.6659
vn -0.6619 -0.1354 -0.7373
vn -0.3957 -0.6062 -0.6899
vn -0.7125 0.0524 -0.6997
vn -0.6698 -0.4574 -0.5849
vn -0.3837 -0.7796 -0.4950
vn -0.7105 -0.3846 -0.5894
vn -0.4476 -0.7268 -0.5210
vn -0.7590 -0.2782 -0.5887
vn -0.4953 -0.6816 -0.5386
vn -0.8147 -0.1013 -0.5709
vn -0.5342 -0.6405 -0.5517
vn -0.8428 0.2279 -0.4877
vn -0.5686 -0.6005 -0.5622
vn 0.1910 -0.9664 -0.1721
vn -0.6506 0.7313 -0.2049
vn -0.6012 -0.5590 -0.5709
vn -0.1235 -0.9221 -0.3667
vn -0.6342 -0.5129 -0.5785
vn -0.2879 -0.8445 -0.4516
vn -0.9159 0.1143 -0.3848
vn -0.6286 -0.6565 -0.4170
vn 0.1483 -0.9793 -0.1376
vn -0.7026 0.6911 -0.1696
vn -0.6598 -0.6207 -0.4235
vn -0.1930 -0.9399 -0.2817
vn -0.6916 -0.5808 -0.4294
vn -0.3583 -0.8692 -0.3407
vn -0.7261 -0.5327 -0.4348
vn -0.4516 -0.8117 -0.3704
vn -0.7661 -0.4691 -0.4394
vn -0.5130 -0.7656 -0.3882
vn -0.8152 -0.3747 -0.4416
vn -0.5586 -0.7264 -0.4003
vn -0.8752 -0.2125 -0.4346
vn -0.5957 -0.6909 -0.4095
vn -0.7977 -0.5217 -0.3025
vn -0.5542 -0.7881 -0.2678
vn -0.8465 -0.4362 -0.3051
vn -0.5978 -0.7527 -0.2757
vn -0.9089 -0.2866 -0.3029
vn -0.6333 -0.7208 -0.2817
vn -0.9610 0.0306 -0.2750
vn -0.6648 -0.6899 -0.2866
vn 0.1162 -0.9882 -0.1002
vn -0.7425 0.6578 -0.1266
vn -0.6947 -0.6578 -0.2910
vn -0.2410 -0.9499 -0.1988
vn -0.7252 -0.6221 -0.2950
vn -0.4048 -0.8831 -0.2373
vn -0.7586 -0.5790 -0.2989
vn -0.4953 -0.8301 -0.2564
vn 0.0947 -0.9936 -0.0608
vn -0.7694 0.6339 -0.0781
vn -0.7143 -0.6789 -0.1700
vn -0.2711 -0.9553 -0.1182
vn -0.7439 -0.6456 -0.1723
vn -0.4330 -0.8905 -0.1399
vn -0.7764 -0.6055 -0.1746
vn -0.5212 -0.8400 -0.1506
vn -0.8147 -0.5523 -0.1768
vn -0.5784 -0.8005 -0.1569
vn -0.8631 -0.4724 -0.1787
vn -0.6206 -0.7674 -0.1614
vn -0.9265 -0.3313 -0.1782
vn -0.6549 -0.7375 -0.1647
vn -0.9861 -0.0233 -0.1644
vn -0.6853 -0.7087 -0.1675
vn -0.5896 -0.8060 -0.0517
vn -0.8702 -0.4891 -0.0588
vn -0.6311 -0.7739 -0.0531
vn -0.9340 -0.3523 -0.0588
vn -0.6648 -0.7450 -0.0542
vn -0.9973 -0.0495 -0.0546
vn -0.6947 -0.7172 -0.0551
vn 0.0841 -0.9963 -0.0204
vn -0.7829 0.6215 -0.0264
vn -0.7232 -0.6884 -0.0559
vn -0.2856 -0.9575 -0.0392
vn -0.7523 -0.6564 -0.0567
vn -0.4463 -0.8937 -0.0462
vn -0.7843 -0.6177 -0.0574
vn -0.5333 -0.8445 -0.0496
vn -0.8221 -0.5663 -0.0582
vn -0.7232 -0.6884 0.0559
vn -0.2856 -0.9575 0.0392
vn -0.7523 -0.6564 0.0567
vn -0.4463 -0.8937 0.0462
vn -0.7843 -0.6177 0.0574
vn -0.5333 -0.8445 0.0496
vn -0.8222 -0.5663 0.0582
vn -0.5896 -0.8060 0.0517
vn -0.8702 -0.4891 0.0588
vn -0.6311 -0.7739 0.0531
vn -0.9340 -0.3523 0.0588
vn -0.6648 -0.7450 0.0542
vn -0.9973 -0.0495 0.0546
vn -0.6947 -0.7172 0.0551
vn 0.0841 -0.9963 0.0204
vn -0.7829 0.6215 0.0264
vn -0.8631 -0.4724 0.1787
vn -0.6206 -0.7674 0.1614
vn -0.9265 -0.3313 0.1782
vn -0.6549 -0.7375 0.1647
vn -0.9861 -0.0233 0.1644
vn -0.6853 -0.7087 0.1675
vn 0.0948 -0.9936 0.0608
vn -0.7694 0.6339 0.0781
vn -0.7143 -0.6789 0.1700
vn -0.2711 -0.9553 0.1182
vn -0.7439 -0.6456 0.1723
vn -0.4330 -0.8905 0.1399
vn -0.7764 -0.6055 0.1746
vn -0.5212 -0.8400 0.1506
vn -0.8147 -0.5523 0.1768
vn -0.5784 -0.8005 0.1569
vn -0.2411 -0.9499 0.1988
vn -0.7252 -0.6221 0.2950
vn -0.4048 -0.8831 0.2373
vn -0.7586 -0.5790 0.2989
vn -0.4953 -0.8301 0.2564
vn -0.7977 -0.5217 0.3025
vn -0.5542 -0.7881 0.2678
vn -0.8465 -0.4362 0.3051
vn -0.5978 -0.7527 0.2757
vn -0.9089 -0.2866 0.3029
vn -0.6333 -0.7208 0.2817
vn -0.9610 0.0306 0.2750
vn -0.6648 -0.6899 0.2866
vn 0.1162 -0.9882 0.1002
vn -0.7425 0.6577 0.1266
vn -0.6947 -0.6578 0.2910
vn -0.5586 -0.7264 0.4003
vn -0.8752 -0.2125 0.4346
vn -0.5957 -0.6909 0.4095
vn -0.9159 0.1142 0.3848
vn -0.6286 -0.6565 0.4170
vn 0.1483 -0.9793 0.1376
vn -0.7026 0.6911 0.1696
vn -0.6598 -0.6207 0.4235
vn -0.1930 -0.9399 0.2817
vn -0.6916 -0.5808 0.4294
vn -0.3583 -0.8692 0.3407
vn -0.7261 -0.5327 0.4348
vn -0.4516 -0.8117 0.3704
vn -0.7661 -0.4691 0.4394
vn -0.5130 -0.7656 0.3882
vn -0.8152 -0.3747 0.4416
vn -0.6342 -0.5129 0.5785
vn -0.2879 -0.8445 0.4516
vn -0.6698 -0.4574 0.5849
vn -0.3837 -0.7796 0.4950
vn -0.7105 -0.3846 0.5894
vn -0.4476 -0.7268 0.5210
vn -0.7590 -0.2782 0.5887
vn -0.4953 -0.6816 0.5386
vn -0.8147 -0.1013 0.5709
vn -0.5342 -0.6405 0.5517
vn -0.8427 0.2279 0.4877
vn -0.5686 -0.6005 0.5622
vn 0.1910 -0.9664 0.1721
vn -0.6506 0.7313 0.2049
vn -0.6012 -0.5590 0.5709
vn -0.1235 -0.9221 0.3667
vn -0.7125 0.0525 0.6997
vn -0.4358 -0.5566 0.7073
vn -0.7337 0.3663 0.5723
vn -0.4713 -0.5086 0.7206
vn 0.2437 -0.9485 0.2022
vn -0.5885 0.7749 0.2307
vn -0.5049 -0.4589 0.7311
vn -0.0283 -0.8917 0.4518
vn -0.5386 -0.4040 0.7394
vn -0.1856 -0.8012 0.5689
vn -0.5746 -0.3389 0.7450
vn -0.2815 -0.7240 0.6297
vn -0.6150 -0.2548 0.7462
vn -0.3466 -0.6606 0.6659
vn -0.6619 -0.1354 0.7373
vn -0.3957 -0.6062 0.6899
vn -0.4216 -0.1633 0.8920
vn -0.1330 -0.6301 0.7650
vn -0.4612 -0.0695 0.8845
vn -0.1961 -0.5504 0.8115
vn -0.5068 0.0575 0.8601
vn -0.2443 -0.4825 0.8411
vn -0.5566 0.2425 0.7946
vn -0.2841 -0.4213 0.8613
vn -0.5883 0.5150 0.6235
vn -0.3193 -0.3628 0.8755
vn 0.3052 -0.9250 0.2263
vn -0.5190 0.8187 0.2458
vn -0.3527 -0.3031 0.8853
vn 0.0959 -0.8415 0.5316
vn -0.3861 -0.2384 0.8911
vn -0.0429 -0.7273 0.6849
vn -0.4189 0.6531 0.6308
vn -0.1058 -0.1547 0.9823
vn 0.3737 -0.8953 0.2426
vn -0.4461 0.8595 0.2495
vn -0.1382 -0.0871 0.9866
vn 0.2482 -0.7636 0.5961
vn -0.1710 -0.0160 0.9851
vn 0.1426 -0.6088 0.7804
vn -0.2065 0.0634 0.9764
vn 0.0663 -0.4815 0.8739
vn -0.2470 0.1582 0.9560
vn 0.0098 -0.3803 0.9248
vn -0.2957 0.2789 0.9137
vn -0.0346 -0.2965 0.9544
vn -0.3550 0.4406 0.8245
vn -0.0721 -0.2230 0.9721
vn 0.2957 -0.2789 0.9137
vn -0.0098 0.3803 0.9248
vn 0.2470 -0.1582 0.9560
vn -0.0663 0.4815 0.8739
vn 0.2065 -0.0634 0.9764
vn -0.1426 0.6088 0.7804
vn 0.1710 0.0160 0.9851
vn -0.2482 0.7636 0.5961
vn 0.1382 0.0871 0.9866
vn 0.4462 -0.8594 0.2495
vn -0.3737 0.8953 0.2426
vn 0.1058 0.1547 0.9823
vn 0.4190 -0.6531 0.6308
vn 0.0721 0.2230 0.9721
vn 0.3550 -0.4406 0.8245
vn 0.0346 0.2965 0.9544
vn 0.3527 0.3031 0.8853
vn 0.5190 -0.8187 0.2458
vn -0.3053 0.9250 0.2263
vn 0.3193 0.3628 0.8755
vn 0.5882 -0.5150 0.6235
vn 0.2841 0.4213 0.8613
vn 0.5566 -0.2425 0.7946
vn 0.2443 0.4825 0.8411
vn 0.5068 -0.0575 0.8601
vn 0.1961 0.5504 0.8115
vn 0.4613 0.0695 0.8845
vn 0.1330 0.6301 0.7650
vn 0.4216 0.1633 0.8920
vn 0.0429 0.7273 0.6849
vn 0.3861 0.2384 0.8911
vn -0.0959 0.8415 0.5317
vn 0.3466 0.6606 0.6659
vn 0.6150 0.2548 0.7462
vn 0.2815 0.7240 0.6297
vn 0.5746 0.3389 0.7450
vn 0.1857 0.8012 0.5689
vn 0.5386 0.4040 0.7394
vn 0.0283 0.8917 0.4518
vn 0.5049 0.4589 0.7311
vn 0.5884 -0.7749 0.2307
vn -0.2437 0.9485 0.2022
vn 0.4713 0.5086 0.7206
vn 0.7337 -0.3664 0.5723
vn 0.4358 0.5566 0.7073
vn 0.7125 -0.0524 0.6997
vn 0.3956 0.6062 0.6899
vn 0.6619 0.1354 0.7373
vn 0.6506 -0.7313 0.2049
vn -0.1911 0.9664 0.1721
vn 0.5686 0.6005 0.5622
vn 0.8427 -0.2279 0.4877
vn 0.5342 0.6405 0.5517
vn 0.8147 0.1014 0.5709
vn 0.4953 0.6816 0.5386
vn 0.7590 0.2782 0.5887
vn 0.4476 0.7268 0.5210
vn 0.7105 0.3846 0.5894
vn 0.3837 0.7796 0.4950
vn 0.6698 0.4574 0.5850
vn 0.2879 0.8445 0.4516
vn 0.6342 0.5129 0.5785
vn 0.1235 0.9221 0.3667
vn 0.6013 0.5590 0.5709
vn 0.7661 0.4691 0.4394
vn 0.4517 0.8117 0.3704
vn 0.7261 0.5327 0.4348
vn 0.3583 0.8692 0.3407
vn 0.6916 0.5808 0.4294
vn 0.1930 0.9399 0.2817
vn 0.6598 0.6207 0.4235
vn 0.7026 -0.6911 0.1696
vn -0.1483 0.9793 0.1376
vn 0.6286 0.6565 0.4170
vn 0.9159 -0.1142 0.3848
vn 0.5957 0.6909 0.4095
vn 0.8752 0.2125 0.4346
vn 0.5586 0.7264 0.4004
vn 0.8152 0.3747 0.4416
vn 0.5130 0.7656 0.3882
vn 0.6648 0.6899 0.2866
vn 0.9610 -0.0306 0.2750
vn 0.6333 0.7208 0.2817
vn 0.9089 0.2866 0.3029
vn 0.5978 0.7527 0.2757
vn 0.8465 0.4362 0.3051
vn 0.5542 0.7881 0.2678
vn 0.7977 0.5217 0.3025
vn 0.4953 0.8301 0.2564
vn 0.7586 0.5790 0.2989
vn 0.4048 0.8831 0.2373
vn 0.7252 0.6221 0.2950
vn 0.2410 0.9499 0.1988
vn 0.6947 0.6578 0.2910
vn 0.7425 -0.6578 0.1266
vn -0.1162 0.9882 0.1002
vn 0.5212 0.8400 0.1506
vn 0.7764 0.6055 0.1746
vn 0.4330 0.8905 0.1399
vn 0.7439 0.6456 0.1723
vn 0.2711 0.9553 0.1182
vn 0.7143 0.6789 0.1700
vn 0.7694 -0.6339 0.0781
vn -0.0947 0.9936 0.0608
vn 0.6853 0.7087 0.1675
vn 0.9861 0.0233 0.1644
vn 0.6549 0.7375 0.1647
vn 0.9265 0.3313 0.1782
vn 0.6206 0.7674 0.1614
vn 0.8631 0.4724 0.1786
vn 0.5784 0.8005 0.1569
vn 0.8147 0.5523 0.1768
vn 0.6648 0.7450 0.0542
vn 0.9340 0.3523 0.0588
vn 0.6311 0.7739 0.0531
vn 0.8702 0.4891 0.0588
vn 0.5896 0.8060 0.0517
vn 0.8222 0.5663 0.0582
vn 0.5333 0.8445 0.0496
vn 0.7843 0.6177 0.0574
vn 0.4463 0.8937 0.0462
vn 0.7523 0.6564 0.0567
vn 0.2856 0.9575 0.0393
vn 0.7232 0.6884 0.0559
vn 0.7829 -0.6215 0.0264
vn -0.0841 0.9962 0.0204
vn 0.6947 0.7172 0.0551
vn 0.9973 0.0495 0.0546
vn 0.4463 0.8937 -0.0462
vn 0.7523 0.6564 -0.0567
vn 0.2856 0.9575 -0.0393
vn 0.7232 0.6884 -0.0559
vn 0.7829 -0.6215 -0.0264
vn -0.0841 0.9962 -0.0204
vn 0.6947 0.7172 -0.0551
vn 0.9973 0.0495 -0.0546
vn 0.6648 0.7450 -0.0542
vn 0.9340 0.3523 -0.0588
vn 0.6311 0.7739 -0.0531
vn 0.8702 0.4891 -0.0588
vn 0.5896 0.8060 -0.0517
vn 0.8222 0.5663 -0.0582
vn 0.5333 0.8445 -0.0496
vn 0.7843 0.6177 -0.0574
vn 0.9265 0.3313 -0.1782
vn 0.6206 0.7674 -0.1614
vn 0.8631 0.4724 -0.1786
vn 0.5784 0.8005 -0.1569
vn 0.8147 0.5523 -0.1768
vn 0.5212 0.8400 -0.1506
vn 0.7764 0.6055 -0.1746
vn 0.4330 0.8905 -0.1399
vn 0.7439 0.6457 -0.1723
vn 0.2711 0.9553 -0.1182
vn 0.7143 0.6789 -0.1700
vn 0.7694 -0.6339 -0.0781
vn -0.0947 0.9936 -0.0608
vn 0.6853 0.7087 -0.1675
vn 0.9861 0.0233 -0.1644
vn 0.6549 0.7375 -0.1647
vn 0.7252 0.6221 -0.2950
vn 0.2410 0.9499 -0.1988
vn 0.6947 0.6578 -0.2910
vn 0.7425 -0.6578 -0.1266
vn -0.1162 0.9882 -0.1002
vn 0.6648 0.6899 -0.2866
vn 0.9610 -0.0306 -0.2750
vn 0.6333 0.7208 -0.2817
vn 0.9089 0.2866 -0.3029
vn 0.5978 0.7527 -0.2757
vn 0.8465 0.4362 -0.3051
vn 0.5542 0.7881 -0.2678
vn 0.7977 0.5217 -0.3025
vn 0.4953 0.8301 -0.2564
vn 0.7586 0.5790 -0.2989
vn 0.4048 0.8831 -0.2373
vn 0.5586 0.7264 -0.4003
vn 0.8152 0.3747 -0.4416
vn 0.5130 0.7656 -0.3882
vn 0.7661 0.4691 -0.4394
vn 0.4516 0.8117 -0.3704
vn 0.7261 0.5327 -0.4348
vn 0.3583 0.8692 -0.3407
vn 0.6916 0.5808 -0.4294
vn 0.1930 0.9399 -0.2817
vn 0.6598 0.6207 -0.4235
vn 0.7026 -0.6911 -0.1696
vn -0.1483 0.9793 -0.1376
vn 0.6286 0.6565 -0.4170
vn 0.9159 -0.1143 -0.3848
vn 0.5957 0.6909 -0.4095
vn 0.8752 0.2125 -0.4346
vn 0.1235 0.9221 -0.3667
vn 0.6012 0.5590 -0.5709
vn 0.6506 -0.7313 -0.2049
vn -0.1911 0.9664 -0.1721
vn 0.5686 0.6005 -0.5622
vn 0.8427 -0.2279 -0.4877
vn 0.5342 0.6405 -0.5517
vn 0.8147 0.1013 -0.5709
vn 0.4953 0.6816 -0.5386
vn 0.7590 0.2782 -0.5887
vn 0.4476 0.7268 -0.5210
vn 0.7105 0.3846 -0.5894
vn 0.3837 0.7796 -0.4950
vn 0.6698 0.4574 -0.5849
vn 0.2879 0.8445 -0.4516
vn 0.6342 0.5129 -0.5785
vn 0.6619 0.1354 -0.7373
vn 0.3466 0.6606 -0.6659
vn 0.6150 0.2548 -0.7462
vn 0.2815 0.7240 -0.6297
vn 0.5746 0.3389 -0.7450
vn 0.1856 0.8012 -0.5689
vn 0.5386 0.4041 -0.7394
vn 0.0283 0.8917 -0.4518
vn 0.5049 0.4589 -0.7311
vn 0.5884 -0.7749 -0.2307
vn -0.2437 0.9485 -0.2022
vn 0.4713 0.5086 -0.7206
vn 0.7337 -0.3664 -0.5723
vn 0.4358 0.5566 -0.7073
vn 0.7125 -0.0525 -0.6997
vn 0.3956 0.6062 -0.6899
vn 0.3527 0.3031 -0.8853
vn 0.5190 -0.8187 -0.2458
vn -0.3053 0.9250 -0.2263
vn 0.3193 0.3628 -0.8755
vn 0.5882 -0.5150 -0.6235
vn 0.2841 0.4213 -0.8613
vn 0.5566 -0.2425 -0.7946
vn 0.2443 0.4825 -0.8411
vn 0.5068 -0.0575 -0.8601
vn 0.1961 0.5504 -0.8115
vn 0.4612 0.0695 -0.8845
vn 0.1330 0.6301 -0.7650
vn 0.4216 0.1633 -0.8920
vn 0.0429 0.7273 -0.6849
vn 0.3861 0.2384 -0.8911
vn -0.0958 0.8415 -0.5317
vn -0.0098 0.3803 -0.9248
vn 0.2470 -0.1582 -0.9560
vn -0.0663 0.4815 -0.8739
vn 0.2065 -0.0634 -0.9764
vn -0.1426 0.6088 -0.7804
vn 0.1710 0.0160 -0.9851
vn -0.2482 0.7636 -0.5961
vn 0.1382 0.0871 -0.9866
vn 0.4462 -0.8594 -0.2495
vn -0.3737 0.8953 -0.2426
vn 0.1058 0.1547 -0.9823
vn 0.4190 -0.6531 -0.6308
vn 0.0721 0.2230 -0.9721
vn 0.3550 -0.4406 -0.8245
vn 0.0346 0.2965 -0.9544
vn 0.2957 -0.2789 -0.9137
vn 0.1288 -0.0991 -0.9867
vn 0.0372 0.9578 -0.2850
vn 0.1238 -0.2932 -0.9480
vn 0.0605 0.8840 -0.4635
vn 0.1139 -0.4753 -0.8724
vn 0.0816 0.7763 -0.6250
vn 0.0997 -0.6385 -0.7632
vn 0.0997 0.6385 -0.7632
vn 0.0816 -0.7763 -0.6250
vn 0.1139 0.4753 -0.8724
vn 0.0605 -0.8840 -0.4635
vn 0.1238 0.2932 -0.9480
vn 0.0372 -0.9578 -0.2850
vn 0.1288 0.0991 -0.9867
vn 0.0125 0.9953 -0.0962
vn -0.0056 -0.9991 0.0426
vn 0.1100 -0.9556 -0.2734
vn 0.3714 0.0964 -0.9235
vn 0.0372 0.9950 -0.0924
vn -0.0165 -0.9990 0.0410
vn 0.3714 -0.0964 -0.9235
vn 0.1100 0.9556 -0.2734
vn 0.3576 -0.2859 -0.8890
vn 0.1782 0.8786 -0.4430
vn 0.3303 -0.4653 -0.8212
vn 0.2391 0.7678 -0.5944
vn 0.2904 -0.6281 -0.7219
vn 0.2904 0.6281 -0.7219
vn 0.2391 -0.7678 -0.5944
vn 0.3303 0.4653 -0.8212
vn 0.1782 -0.8786 -0.4430
vn 0.3576 0.2859 -0.8890
vn 0.4581 -0.6102 -0.6464
vn 0.4581 0.6102 -0.6464
vn 0.3806 -0.7528 -0.5371
vn 0.5168 0.4484 -0.7293
vn 0.2861 -0.8690 -0.4038
vn 0.5554 0.2739 -0.7852
vn 0.1778 -0.9515 -0.2509
vn 0.5757 0.0920 -0.8124
vn 0.0604 0.9945 -0.0852
vn -0.0268 -0.9989 0.0378
vn 0.5757 -0.0920 -0.8124
vn 0.1778 0.9515 -0.2509
vn 0.5561 -0.2738 -0.7847
vn 0.2861 0.8690 -0.4038
vn 0.5168 -0.4484 -0.7293
vn 0.3806 0.7528 -0.5371
vn 0.0812 0.9939 -0.0746
vn -0.0360 -0.9988 0.0331
vn 0.7335 -0.0871 -0.6741
vn 0.2380 0.9463 -0.2187
vn 0.7109 -0.2601 -0.6534
vn 0.3801 0.8567 -0.3487
vn 0.6651 -0.4288 -0.6113
vn 0.4997 0.7344 -0.4593
vn 0.5950 -0.5890 -0.5469
vn 0.5950 0.5890 -0.5469
vn 0.4997 -0.7344 -0.4593
vn 0.6651 0.4288 -0.6113
vn 0.3797 -0.8568 -0.3490
vn 0.7112 0.2605 -0.6529
vn 0.2380 -0.9463 -0.2187
vn 0.7335 0.0871 -0.6741
vn 0.6996 0.5683 -0.4331
vn 0.6228 -0.7341 -0.2707
vn 0.7754 0.4103 -0.4800
vn 0.5724 -0.8178 -0.0603
vn 0.8239 0.2474 -0.5100
vn 0.5863 -0.7560 0.2911
vn 0.8474 0.0826 -0.5245
vn 0.0988 0.9932 -0.0612
vn 0.4639 -0.7916 0.3977
vn 0.8474 -0.0826 -0.5245
vn 0.2883 0.9408 -0.1785
vn 0.8117 -0.2213 -0.5405
vn 0.4544 0.8435 -0.2863
vn 0.7466 -0.4429 -0.4964
vn 0.5949 0.7145 -0.3682
vn 0.6865 -0.6012 -0.4090
vn 0.9246 -0.0790 -0.3727
vn 0.3272 0.9357 -0.1319
vn 0.9066 -0.2110 -0.3655
vn 0.5132 0.8330 -0.2069
vn 0.8394 -0.4253 -0.3384
vn 0.6622 0.7001 -0.2670
vn 0.7521 -0.5851 -0.3032
vn 0.7739 0.5511 -0.3120
vn 0.6329 -0.7310 -0.2552
vn 0.8520 0.3951 -0.3435
vn 0.4818 -0.8545 -0.1943
vn 0.9010 0.2371 -0.3632
vn 0.3025 -0.9453 -0.1220
vn 0.9246 0.0790 -0.3727
vn 0.1127 0.9926 -0.0454
vn 0.1033 -0.9938 -0.0416
vn 0.6841 -0.6876 -0.2434
vn 0.8998 0.3846 -0.2059
vn 0.4808 -0.8064 -0.3442
vn 0.9487 0.2301 -0.2170
vn 0.2011 -0.9785 -0.0460
vn 0.9720 0.0765 -0.2224
vn 0.1222 0.9921 -0.0280
vn 0.1120 -0.9934 -0.0256
vn 0.9720 -0.0765 -0.2224
vn 0.3536 0.9319 -0.0809
vn 0.9542 -0.2046 -0.2183
vn 0.5513 0.8247 -0.1261
vn 0.8872 -0.4143 -0.2030
vn 0.7068 0.6887 -0.1617
vn 0.8016 -0.5650 -0.1955
vn 0.8212 0.5389 -0.1879
vn 0.3669 0.9299 -0.0273
vn 0.9768 -0.2014 -0.0726
vn 0.5703 0.8203 -0.0424
vn 0.9102 -0.4087 -0.0676
vn 0.7287 0.6827 -0.0541
vn 0.8272 -0.5586 -0.0614
vn 0.8440 0.5326 -0.0627
vn 0.7287 -0.6827 -0.0541
vn 0.9228 0.3792 -0.0685
vn 0.5703 -0.8203 -0.0424
vn 0.9713 0.2265 -0.0722
vn 0.2090 -0.9778 -0.0155
vn 0.9944 0.0753 -0.0739
vn 0.1271 0.9918 -0.0094
vn 0.1164 -0.9932 -0.0087
vn 0.9944 -0.0753 -0.0739
vn 0.9228 0.3792 0.0685
vn 0.5703 -0.8203 0.0424
vn 0.9713 0.2265 0.0722
vn 0.2090 -0.9778 0.0155
vn 0.9944 0.0753 0.0739
vn 0.1271 0.9918 0.0094
vn 0.1165 -0.9932 0.0087
vn 0.9944 -0.0753 0.0739
vn 0.3669 0.9299 0.0273
vn 0.9768 -0.2014 0.0726
vn 0.5703 0.8203 0.0424
vn 0.9102 -0.4087 0.0676
vn 0.7287 0.6827 0.0541
vn 0.8272 -0.5586 0.0614
vn 0.8440 0.5326 0.0627
vn 0.7287 -0.6827 0.0541
vn 0.9542 -0.2046 0.2183
vn 0.5513 0.8247 0.1261
vn 0.8872 -0.4143 0.2030
vn 0.7068 0.6887 0.1617
vn 0.8044 -0.5649 0.1840
vn 0.8212 0.5389 0.1879
vn 0.7068 -0.6887 0.1617
vn 0.8998 0.3846 0.2059
vn 0.5513 -0.8247 0.1261
vn 0.9487 0.2301 0.2170
vn 0.2011 -0.9785 0.0460
vn 0.9720 0.0765 0.2224
vn 0.1222 0.9921 0.0280
vn 0.1120 -0.9934 0.0256
vn 0.9720 -0.0765 0.2224
vn 0.3535 0.9319 0.0809
vn 0.5132 -0.8330 0.2069
vn 0.9010 0.2371 0.3632
vn 0.1856 -0.9798 0.0748
vn 0.9246 0.0790 0.3727
vn 0.1127 0.9926 0.0454
vn 0.1033 -0.9938 0.0416
vn 0.9246 -0.0790 0.3727
vn 0.3272 0.9357 0.1319
vn 0.9066 -0.2110 0.3655
vn 0.5132 0.8330 0.2069
vn 0.8394 -0.4253 0.3384
vn 0.6622 0.7001 0.2670
vn 0.7574 -0.5771 0.3054
vn 0.7739 0.5511 0.3120
vn 0.6622 -0.7001 0.2670
vn 0.8520 0.3951 0.3435
vn 0.7466 -0.4429 0.4964
vn 0.5936 0.7160 0.3674
vn 0.6838 -0.5944 0.4232
vn 0.6996 0.5683 0.4331
vn 0.5936 -0.7160 0.3674
vn 0.7754 0.4103 0.4800
vn 0.4558 -0.8442 0.2822
vn 0.8239 0.2474 0.5100
vn 0.1630 -0.9815 0.1009
vn 0.8474 0.0826 0.5245
vn 0.0988 0.9932 0.0612
vn 0.0906 -0.9943 0.0561
vn 0.8474 -0.0826 0.5245
vn 0.2883 0.9408 0.1785
vn 0.8117 -0.2213 0.5405
vn 0.4558 0.8442 0.2822
vn 0.1340 -0.9833 0.1232
vn 0.7335 0.0871 0.6741
vn 0.0812 0.9939 0.0746
vn 0.0744 -0.9949 0.0683
vn 0.7335 -0.0871 0.6741
vn 0.2380 0.9463 0.2187
vn 0.7109 -0.2601 0.6534
vn 0.3797 0.8568 0.3490
vn 0.6651 -0.4288 0.6113
vn 0.4997 0.7344 0.4593
vn 0.5950 -0.5890 0.5469
vn 0.5950 0.5890 0.5469
vn 0.4997 -0.7344 0.4593
vn 0.6651 0.4288 0.6113
vn 0.3797 -0.8568 0.3490
vn 0.7109 0.2601 0.6534
vn 0.3806 0.7528 0.5371
vn 0.4581 -0.6102 0.6464
vn 0.4581 0.6102 0.6464
vn 0.3806 -0.7528 0.5371
vn 0.5168 0.4484 0.7293
vn 0.2861 -0.8690 0.4038
vn 0.5561 0.2738 0.7847
vn 0.0997 -0.9850 0.1407
vn 0.5757 0.0920 0.8124
vn 0.0604 0.9945 0.0852
vn 0.0553 -0.9954 0.0780
vn 0.5757 -0.0920 0.8124
vn 0.1778 0.9515 0.2509
vn 0.5561 -0.2738 0.7847
vn 0.2862 0.8690 0.4038
vn 0.5168 -0.4484 0.7293
vn 0.3714 0.0964 0.9235
vn 0.0372 0.9950 0.0924
vn 0.0341 -0.9958 0.0847
vn 0.3714 -0.0964 0.9235
vn 0.1100 0.9556 0.2734
vn 0.3576 -0.2859 0.8890
vn 0.1782 0.8786 0.4430
vn 0.3303 -0.4653 0.8212
vn 0.2391 0.7678 0.5944
vn 0.2904 -0.6281 0.7219
vn 0.2904 0.6281 0.7219
vn 0.2391 -0.7678 0.5944
vn 0.3303 0.4653 0.8212
vn 0.1782 -0.8786 0.4430
vn 0.3576 0.2859 0.8890
vn 0.0615 -0.9863 0.1529
vn 0.0997 -0.6385 0.7632
vn 0.0997 0.6385 0.7632
vn 0.0816 -0.7763 0.6250
vn 0.1139 0.4753 0.8724
vn 0.0605 -0.8840 0.4635
vn 0.1238 0.2932 0.9480
vn 0.0208 -0.9870 0.1591
vn 0.1288 0.0991 0.9867
vn 0.0126 0.9953 0.0962
vn 0.0115 -0.9960 0.0881
vn 0.1288 -0.0991 0.9867
vn 0.0372 0.9578 0.2850
vn 0.1238 -0.2932 0.9480
vn 0.0605 0.8840 0.4635
vn 0.1139 -0.4753 0.8724
vn 0.0816 0.7763 0.6250
vn -0.0126 0.9953 0.0962
vn -0.0115 -0.9960 0.0881
vn -0.1288 -0.0991 0.9867
vn -0.0372 0.9578 0.2850
vn -0.1238 -0.2932 0.9480
vn -0.0605 0.8840 0.4635
vn -0.1139 -0.4753 0.8724
vn -0.0816 0.7763 0.6250
vn -0.0997 -0.6385 0.7632
vn -0.0997 0.6385 0.7632
vn -0.0816 -0.7763 0.6250
vn -0.1139 0.4753 0.8724
vn -0.0605 -0.8840 0.4635
vn -0.1238 0.2932 0.9480
vn -0.0208 -0.9870 0.1591
vn -0.1288 0.0991 0.9867
vn -0.2904 0.6281 0.7219
vn -0.2391 -0.7678 0.5944
vn -0.3303 0.4653 0.8212
vn -0.1782 -0.8786 0.4430
vn -0.3576 0.2859 0.8890
vn -0.0615 -0.9863 0.1529
vn -0.3714 0.0964 0.9235
vn -0.0372 0.9950 0.0924
vn -0.0341 -0.9958 0.0847
vn -0.3714 -0.0964 0.9235
vn -0.1100 0.9556 0.2734
vn -0.3576 -0.2859 0.8890
vn -0.1782 0.8786 0.4430
vn -0.3303 -0.4653 0.8212
vn -0.2391 0.7678 0.5944
vn -0.2904 -0.6281 0.7219
vn -0.5757 -0.0920 0.8124
vn -0.1778 0.9515 0.2509
vn -0.5274 -0.2453 0.8134
vn -0.2861 0.8690 0.4038
vn -0.4771 -0.4826 0.7345
vn -0.3806 0.7528 0.5371
vn -0.4462 -0.6360 0.6296
vn -0.4581 0.6102 0.6464
vn -0.3806 -0.7528 0.5371
vn -0.5168 0.4484 0.7293
vn -0.2861 -0.8690 0.4038
vn -0.5561 0.2738 0.7847
vn -0.0997 -0.9850 0.1407
vn -0.5757 0.0920 0.8124
vn -0.0604 0.9945 0.0852
vn -0.0553 -0.9954 0.0780
vn -0.5523 -0.7497 0.3647
vn -0.6651 0.4288 0.6113
vn -0.5493 -0.8230 0.1443
vn -0.7109 0.2601 0.6534
vn -0.2197 -0.9544 0.2019
vn -0.7335 0.0871 0.6741
vn -0.0812 0.9939 0.0746
vn -0.0744 -0.9949 0.0683
vn -0.7335 -0.0871 0.6741
vn -0.2380 0.9463 0.2187
vn -0.7162 -0.2317 0.6583
vn -0.3797 0.8568 0.3490
vn -0.6536 -0.4604 0.6007
vn -0.4997 0.7344 0.4593
vn -0.5867 -0.6215 0.5191
vn -0.5950 0.5890 0.5469
vn -0.8294 -0.2202 0.5134
vn -0.4558 0.8442 0.2822
vn -0.7631 -0.4411 0.4724
vn -0.5936 0.7160 0.3674
vn -0.6787 -0.6024 0.4201
vn -0.6996 0.5683 0.4331
vn -0.5662 -0.7461 0.3505
vn -0.7754 0.4103 0.4800
vn -0.4273 -0.8645 0.2645
vn -0.8239 0.2474 0.5100
vn -0.2664 -0.9497 0.1649
vn -0.8474 0.0826 0.5245
vn -0.0988 0.9932 0.0612
vn -0.0906 -0.9943 0.0561
vn -0.8474 -0.0826 0.5245
vn -0.2883 0.9408 0.1785
vn -0.6213 -0.7026 0.3468
vn -0.8520 0.3951 0.3435
vn -0.3897 -0.8216 0.4160
vn -0.9010 0.2371 0.3632
vn -0.0069 -0.7955 0.6060
vn -0.9246 0.0790 0.3727
vn -0.1127 0.9926 0.0454
vn 0.3179 -0.8128 0.4882
vn -0.9246 -0.0790 0.3727
vn -0.3272 0.9357 0.1319
vn -0.9066 -0.2110 0.3655
vn -0.5132 0.8330 0.2069
vn -0.8394 -0.4253 0.3384
vn -0.6622 0.7001 0.2670
vn -0.7522 -0.5778 0.3167
vn -0.7739 0.5511 0.3120
vn -0.9542 -0.2046 0.2183
vn -0.5513 0.8247 0.1261
vn -0.8872 -0.4143 0.2030
vn -0.7068 0.6887 0.1617
vn -0.8044 -0.5649 0.1840
vn -0.8212 0.5389 0.1879
vn -0.7068 -0.6887 0.1617
vn -0.8998 0.3846 0.2059
vn -0.5513 -0.8247 0.1261
vn -0.9487 0.2301 0.2171
vn -0.3535 -0.9319 0.0809
vn -0.9720 0.0765 0.2224
vn -0.1222 0.9921 0.0280
vn 0.0543 -0.9984 -0.0124
vn -0.9720 -0.0765 0.2224
vn -0.3536 0.9319 0.0809
vn -0.5703 -0.8203 0.0424
vn -0.9713 0.2265 0.0722
vn -0.3669 -0.9299 0.0273
vn -0.9944 0.0753 0.0739
vn -0.1271 0.9918 0.0094
vn 0.0565 -0.9984 -0.0042
vn -0.9944 -0.0753 0.0739
vn -0.3669 0.9299 0.0273
vn -0.9768 -0.2014 0.0726
vn -0.5703 0.8203 0.0424
vn -0.9102 -0.4087 0.0676
vn -0.7287 0.6827 0.0541
vn -0.8272 -0.5586 0.0614
vn -0.8441 0.5326 0.0627
vn -0.7287 -0.6827 0.0541
vn -0.9228 0.3792 0.0685
vn -0.5703 0.8203 -0.0424
vn -0.9102 -0.4087 -0.0676
vn -0.7287 0.6827 -0.0541
vn -0.8272 -0.5586 -0.0614
vn -0.8440 0.5326 -0.0627
vn -0.7287 -0.6827 -0.0541
vn -0.9228 0.3792 -0.0685
vn -0.5703 -0.8203 -0.0424
vn -0.9713 0.2265 -0.0722
vn -0.3669 -0.9299 -0.0273
vn -0.9944 0.0753 -0.0739
vn -0.1271 0.9918 -0.0094
vn 0.0565 -0.9984 0.0042
vn -0.9944 -0.0753 -0.0739
vn -0.3669 0.9299 -0.0273
vn -0.9768 -0.2014 -0.0726
vn -0.9487 0.2301 -0.2170
vn -0.3535 -0.9319 -0.0809
vn -0.9720 0.0765 -0.2224
vn -0.1222 0.9921 -0.0280
vn 0.0543 -0.9984 0.0124
vn -0.9720 -0.0765 -0.2224
vn -0.3536 0.9319 -0.0809
vn -0.9542 -0.2046 -0.2183
vn -0.5513 0.8247 -0.1261
vn -0.8872 -0.4143 -0.2030
vn -0.7068 0.6887 -0.1617
vn -0.8044 -0.5649 -0.1840
vn -0.8212 0.5389 -0.1879
vn -0.7068 -0.6887 -0.1617
vn -0.8998 0.3846 -0.2059
vn -0.5513 -0.8247 -0.1261
vn -0.8394 -0.4253 -0.3384
vn -0.6622 0.7001 -0.2670
vn -0.7574 -0.5771 -0.3054
vn -0.7739 0.5511 -0.3120
vn -0.6622 -0.7001 -0.2670
vn -0.8520 0.3951 -0.3435
vn -0.5132 -0.8330 -0.2069
vn -0.9010 0.2371 -0.3632
vn -0.3272 -0.9357 -0.1319
vn -0.9246 0.0790 -0.3727
vn -0.1127 0.9926 -0.0454
vn 0.0501 -0.9985 0.0202
vn -0.9246 -0.0790 -0.3727
vn -0.3272 0.9357 -0.1319
vn -0.9066 -0.2110 -0.3655
vn -0.5132 0.8330 -0.2069
vn -0.2883 -0.9408 -0.1785
vn -0.8474 0.0826 -0.5245
vn -0.0988 0.9932 -0.0612
vn 0.0439 -0.9987 0.0272
vn -0.8474 -0.0826 -0.5245
vn -0.2883 0.9408 -0.1785
vn -0.8294 -0.2202 -0.5134
vn -0.4558 0.8442 -0.2822
vn -0.7631 -0.4411 -0.4724
vn -0.5936 0.7160 -0.3674
vn -0.6838 -0.5944 -0.4232
vn -0.6996 0.5683 -0.4331
vn -0.5936 -0.7160 -0.3674
vn -0.7754 0.4103 -0.4800
vn -0.4558 -0.8442 -0.2822
vn -0.8239 0.2474 -0.5100
vn -0.4997 0.7344 -0.4593
vn -0.5806 -0.6150 -0.5336
vn -0.5950 0.5890 -0.5469
vn -0.4997 -0.7344 -0.4593
vn -0.6651 0.4288 -0.6113
vn -0.3797 -0.8568 -0.3490
vn -0.7109 0.2601 -0.6534
vn -0.2380 -0.9463 -0.2187
vn -0.7335 0.0871 -0.6741
vn -0.0812 0.9939 -0.0746
vn 0.0360 -0.9988 0.0331
vn -0.7335 -0.0871 -0.6741
vn -0.2380 0.9463 -0.2187
vn -0.7162 -0.2317 -0.6583
vn -0.3797 0.8568 -0.3490
vn -0.6536 -0.4604 -0.6007
vn -0.5757 0.0920 -0.8124
vn -0.0604 0.9945 -0.0852
vn 0.0268 -0.9989 0.0378
vn -0.5757 -0.0920 -0.8124
vn -0.1778 0.9515 -0.2509
vn -0.5274 -0.2453 -0.8134
vn -0.2861 0.8690 -0.4038
vn -0.4771 -0.4826 -0.7345
vn -0.3806 0.7528 -0.5371
vn -0.4462 -0.6360 -0.6296
vn -0.4581 0.6102 -0.6464
vn -0.3806 -0.7528 -0.5371
vn -0.5168 0.4484 -0.7293
vn -0.2861 -0.8690 -0.4038
vn -0.5561 0.2738 -0.7847
vn -0.1778 -0.9515 -0.2509
vn -0.2904 -0.6281 -0.7219
vn -0.2904 0.6281 -0.7219
vn -0.2391 -0.7678 -0.5944
vn -0.3303 0.4653 -0.8212
vn -0.1782 -0.8786 -0.4430
vn -0.3576 0.2859 -0.8890
vn -0.1100 -0.9556 -0.2734
vn -0.3714 0.0964 -0.9235
vn -0.0372 0.9950 -0.0924
vn 0.0165 -0.9990 0.0410
vn -0.3714 -0.0964 -0.9235
vn -0.1100 0.9556 -0.2734
vn -0.3576 -0.2859 -0.8891
vn -0.1782 0.8786 -0.4430
vn -0.3303 -0.4653 -0.8212
vn -0.2391 0.7678 -0.5944
vn 0.0056 -0.9991 0.0426
vn -0.1288 -0.0991 -0.9867
vn -0.0372 0.9578 -0.2850
vn -0.1238 -0.2932 -0.9480
vn -0.0605 0.8840 -0.4635
vn -0.1139 -0.4753 -0.8724
vn -0.0816 0.7763 -0.6250
vn -0.0997 -0.6385 -0.7632
vn -0.0997 0.6385 -0.7632
vn -0.0816 -0.7763 -0.6250
vn -0.1139 0.4753 -0.8724
vn -0.0605 -0.8840 -0.4635
vn -0.1238 0.2932 -0.9480
vn -0.0372 -0.9578 -0.2850
vn -0.1289 0.0991 -0.9867
vn -0.0126 0.9953 -0.0962
vn 0.0807 -0.4528 -0.8879
vn 0.0807 0.4528 -0.8879
vn 0.0722 -0.6021 -0.7952
vn 0.0859 0.3141 -0.9455
vn 0.0591 -0.7568 -0.6510
vn 0.0889 0.1845 -0.9788
vn 0.0398 -0.8979 -0.4383
vn 0.0903 0.0608 -0.9941
vn 0.0143 0.9876 -0.1565
vn 0.0142 -0.9876 -0.1565
vn 0.0903 -0.0608 -0.9941
vn 0.0398 0.8979 -0.4383
vn 0.0889 -0.1845 -0.9788
vn 0.0592 0.7568 -0.6510
vn 0.0859 -0.3141 -0.9455
vn 0.0722 0.6021 -0.7952
vn 0.2557 -0.3156 -0.9138
vn 0.2147 0.6042 -0.7673
vn 0.2400 -0.4549 -0.8576
vn 0.2400 0.4549 -0.8576
vn 0.2147 -0.6042 -0.7673
vn 0.2557 0.3156 -0.9138
vn 0.1756 -0.7586 -0.6274
vn 0.2648 0.1855 -0.9463
vn 0.1181 -0.8989 -0.4219
vn 0.2690 0.0612 -0.9612
vn 0.0421 0.9877 -0.1505
vn 0.0421 -0.9877 -0.1505
vn 0.2690 -0.0612 -0.9612
vn 0.1181 0.8989 -0.4219
vn 0.2648 -0.1855 -0.9463
vn 0.1756 0.7586 -0.6274
vn 0.1921 -0.9007 -0.3896
vn 0.4414 0.0618 -0.8952
vn 0.0684 0.9880 -0.1388
vn 0.0684 -0.9880 -0.1388
vn 0.4414 -0.0618 -0.8952
vn 0.1921 0.9007 -0.3896
vn 0.4344 -0.1874 -0.8810
vn 0.2864 0.7620 -0.5808
vn 0.4192 -0.3187 -0.8502
vn 0.3510 0.6083 -0.7119
vn 0.3930 -0.4587 -0.7970
vn 0.3930 0.4587 -0.7970
vn 0.3510 -0.6083 -0.7119
vn 0.4192 0.3186 -0.8502
vn 0.2864 -0.7620 -0.5808
vn 0.4344 0.1874 -0.8810
vn 0.4766 0.6137 -0.6295
vn 0.5347 -0.4638 -0.7064
vn 0.5347 0.4638 -0.7064
vn 0.4766 -0.6137 -0.6295
vn 0.5713 0.3227 -0.7547
vn 0.3877 -0.7665 -0.5121
vn 0.5926 0.1900 -0.7828
vn 0.2592 -0.9031 -0.3424
vn 0.6024 0.0627 -0.7957
vn 0.0921 0.9883 -0.1217
vn 0.0921 -0.9883 -0.1217
vn 0.6024 -0.0627 -0.7957
vn 0.2592 0.9031 -0.3424
vn 0.5926 -0.1900 -0.7828
vn 0.3877 0.7665 -0.5121
vn 0.5713 -0.3227 -0.7547
vn 0.7456 0.0637 -0.6634
vn 0.1122 0.9886 -0.0999
vn 0.1123 -0.9886 -0.0999
vn 0.7456 -0.0637 -0.6634
vn 0.3168 0.9057 -0.2818
vn 0.7331 -0.1929 -0.6522
vn 0.4754 0.7714 -0.4230
vn 0.7060 -0.3273 -0.6281
vn 0.5864 0.6197 -0.5217
vn 0.6596 -0.4695 -0.5869
vn 0.6596 0.4695 -0.5869
vn 0.5864 -0.6197 -0.5217
vn 0.7060 0.3273 -0.6281
vn 0.4754 -0.7714 -0.4230
vn 0.7331 0.1929 -0.6522
vn 0.3168 -0.9057 -0.2818
vn 0.7614 -0.4750 -0.4412
vn 0.7614 0.4750 -0.4412
vn 0.6751 -0.6254 -0.3912
vn 0.8163 0.3317 -0.4730
vn 0.5457 -0.7761 -0.3162
vn 0.8485 0.1957 -0.4917
vn 0.3624 -0.9081 -0.2100
vn 0.8634 0.0646 -0.5003
vn 0.1281 0.9890 -0.0742
vn 0.1281 -0.9890 -0.0742
vn 0.8634 -0.0646 -0.5003
vn 0.3623 0.9081 -0.2100
vn 0.8485 -0.1957 -0.4917
vn 0.5457 0.7761 -0.3162
vn 0.8163 -0.3317 -0.4730
vn 0.6751 0.6254 -0.3912
vn 0.1391 -0.9892 -0.0457
vn 0.9479 -0.0654 -0.3117
vn 0.3940 0.9099 -0.1296
vn 0.9312 -0.1979 -0.3062
vn 0.5948 0.7797 -0.1956
vn 0.8950 -0.3352 -0.2943
vn 0.7378 0.6299 -0.2426
vn 0.8337 -0.4794 -0.2742
vn 0.8337 0.4794 -0.2742
vn 0.7378 -0.6299 -0.2426
vn 0.8950 0.3352 -0.2943
vn 0.5948 -0.7797 -0.1956
vn 0.9312 0.1979 -0.3062
vn 0.3940 -0.9099 -0.1296
vn 0.9479 0.0654 -0.3117
vn 0.1391 0.9892 -0.0457
vn 0.7703 -0.6323 -0.0823
vn 0.9361 0.3371 -0.1000
vn 0.6202 -0.7817 -0.0662
vn 0.9744 0.1991 -0.1040
vn 0.4102 -0.9110 -0.0438
vn 0.9922 0.0658 -0.1059
vn 0.1446 0.9894 -0.0154
vn 0.1446 -0.9894 -0.0154
vn 0.9922 -0.0658 -0.1059
vn 0.4102 0.9110 -0.0438
vn 0.9744 -0.1991 -0.1040
vn 0.6202 0.7817 -0.0662
vn 0.9361 -0.3371 -0.1000
vn 0.7703 0.6323 -0.0823
vn 0.8714 -0.4818 -0.0930
vn 0.8714 0.4818 -0.0930
vn 0.4102 0.9110 0.0438
vn 0.9744 -0.1991 0.1040
vn 0.6202 0.7817 0.0662
vn 0.9361 -0.3371 0.1000
vn 0.7703 0.6323 0.0823
vn 0.8714 -0.4818 0.0930
vn 0.8714 0.4818 0.0930
vn 0.7703 -0.6323 0.0823
vn 0.9361 0.3371 0.1000
vn 0.6202 -0.7817 0.0662
vn 0.9744 0.1991 0.1040
vn 0.4102 -0.9110 0.0438
vn 0.9922 0.0658 0.1059
vn 0.1446 0.9894 0.0154
vn 0.1446 -0.9894 0.0154
vn 0.9922 -0.0658 0.1059
vn 0.8950 0.3352 0.2943
vn 0.5948 -0.7797 0.1956
vn 0.9312 0.1979 0.3062
vn 0.3940 -0.9099 0.1296
vn 0.9479 0.0654 0.3117
vn 0.1391 0.9892 0.0457
vn 0.1391 -0.9892 0.0457
vn 0.9479 -0.0654 0.3117
vn 0.3940 0.9099 0.1296
vn 0.9312 -0.1979 0.3062
vn 0.5948 0.7797 0.1956
vn 0.8950 -0.3352 0.2943
vn 0.7378 0.6299 0.2426
vn 0.8337 -0.4794 0.2742
vn 0.8337 0.4794 0.2742
vn 0.7378 -0.6299 0.2426
vn 0.8485 -0.1957 0.4917
vn 0.5457 0.7761 0.3162
vn 0.8163 -0.3317 0.4730
vn 0.6751 0.6254 0.3912
vn 0.7614 -0.4750 0.4412
vn 0.7614 0.4750 0.4412
vn 0.6751 -0.6254 0.3912
vn 0.8163 0.3317 0.4730
vn 0.5456 -0.7761 0.3162
vn 0.8485 0.1957 0.4917
vn 0.3624 -0.9081 0.2100
vn 0.8634 0.0646 0.5003
vn 0.1281 0.9890 0.0742
vn 0.1281 -0.9890 0.0742
vn 0.8634 -0.0646 0.5003
vn 0.3623 0.9081 0.2100
vn 0.4754 -0.7714 0.4230
vn 0.7331 0.1929 0.6522
vn 0.3167 -0.9057 0.2818
vn 0.7456 0.0637 0.6634
vn 0.1122 0.9886 0.0999
vn 0.1123 -0.9886 0.0999
vn 0.7456 -0.0637 0.6634
vn 0.3167 0.9057 0.2818
vn 0.7331 -0.1929 0.6522
vn 0.4754 0.7714 0.4230
vn 0.7060 -0.3273 0.6281
vn 0.5864 0.6197 0.5217
vn 0.6596 -0.4695 0.5869
vn 0.6596 0.4695 0.5869
vn 0.5864 -0.6197 0.5217
vn 0.7060 0.3273 0.6281
vn 0.3877 0.7665 0.5121
vn 0.5713 -0.3227 0.7547
vn 0.4766 0.6137 0.6295
vn 0.5347 -0.4638 0.7064
vn 0.5347 0.4638 0.7064
vn 0.4766 -0.6137 0.6295
vn 0.5713 0.3227 0.7547
vn 0.3877 -0.7665 0.5121
vn 0.5926 0.1900 0.7828
vn 0.2592 -0.9031 0.3424
vn 0.6024 0.0627 0.7957
vn 0.0921 0.9883 0.1217
vn 0.0921 -0.9883 0.1217
vn 0.6024 -0.0627 0.7957
vn 0.2592 0.9031 0.3424
vn 0.5926 -0.1900 0.7828
vn 0.4344 0.1874 0.8810
vn 0.1921 -0.9007 0.3896
vn 0.4414 0.0618 0.8952
vn 0.0684 0.9880 0.1388
vn 0.0684 -0.9880 0.1388
vn 0.4414 -0.0618 0.8952
vn 0.1921 0.9007 0.3896
vn 0.4344 -0.1874 0.8810
vn 0.2864 0.7620 0.5808
vn 0.4192 -0.3187 0.8502
vn 0.3510 0.6083 0.7119
vn 0.3930 -0.4587 0.7970
vn 0.3930 0.4587 0.7970
vn 0.3510 -0.6083 0.7119
vn 0.4192 0.3187 0.8502
vn 0.2864 -0.7620 0.5808
vn 0.2557 -0.3156 0.9138
vn 0.2147 0.6042 0.7673
vn 0.2400 -0.4549 0.8576
vn 0.2400 0.4549 0.8576
vn 0.2147 -0.6042 0.7673
vn 0.2557 0.3156 0.9138
vn 0.1756 -0.7586 0.6274
vn 0.2648 0.1855 0.9463
vn 0.1181 -0.8989 0.4219
vn 0.2690 0.0612 0.9612
vn 0.0421 0.9877 0.1505
vn 0.0421 -0.9877 0.1505
vn 0.2690 -0.0612 0.9612
vn 0.1181 0.8989 0.4219
vn 0.2648 -0.1855 0.9463
vn 0.1756 0.7586 0.6274
vn 0.0398 -0.8979 0.4383
vn 0.0903 0.0608 0.9941
vn 0.0143 0.9876 0.1565
vn 0.0142 -0.9876 0.1565
vn 0.0903 -0.0608 0.9941
vn 0.0398 0.8979 0.4383
vn 0.0889 -0.1845 0.9788
vn 0.0591 0.7568 0.6510
vn 0.0859 -0.3141 0.9455
vn 0.0722 0.6021 0.7952
vn 0.0807 -0.4528 0.8879
vn 0.0807 0.4528 0.8879
vn 0.0722 -0.6021 0.7952
vn 0.0859 0.3141 0.9455
vn 0.0591 -0.7568 0.6510
vn 0.0889 0.1845 0.9788
vn -0.0807 -0.4528 0.8879
vn -0.0807 0.4528 0.8879
vn -0.0722 -0.6021 0.7952
vn -0.0859 0.3141 0.9455
vn -0.0591 -0.7568 0.6510
vn -0.0889 0.1845 0.9788
vn -0.0398 -0.8979 0.4383
vn -0.0903 0.0608 0.9941
vn -0.0143 0.9876 0.1565
vn -0.0142 -0.9876 0.1565
vn -0.0903 -0.0608 0.9941
vn -0.0398 0.8979 0.4383
vn -0.0889 -0.1845 0.9788
vn -0.0592 0.7568 0.6510
vn -0.0859 -0.3141 0.9455
vn -0.0722 0.6021 0.7952
vn -0.0421 0.9877 0.1505
vn -0.0421 -0.9877 0.1505
vn -0.2690 -0.0612 0.9612
vn -0.1181 0.8989 0.4219
vn -0.2648 -0.1855 0.9463
vn -0.1756 0.7586 0.6274
vn -0.2557 -0.3156 0.9138
vn -0.2147 0.6042 0.7673
vn -0.2400 -0.4549 0.8576
vn -0.2400 0.4549 0.8576
vn -0.2147 -0.6042 0.7673
vn -0.2557 0.3156 0.9138
vn -0.1756 -0.7586 0.6274
vn -0.2648 0.1855 0.9463
vn -0.1181 -0.8989 0.4219
vn -0.2690 0.0612 0.9612
vn -0.3930 0.4587 0.7970
vn -0.3510 -0.6083 0.7119
vn -0.4192 0.3187 0.8502
vn -0.2864 -0.7620 0.5808
vn -0.4344 0.1874 0.8810
vn -0.1921 -0.9007 0.3896
vn -0.4414 0.0618 0.8952
vn -0.0684 0.9880 0.1388
vn -0.0684 -0.9880 0.1388
vn -0.4414 -0.0618 0.8952
vn -0.1921 0.9007 0.3896
vn -0.4344 -0.1874 0.8810
vn -0.2864 0.7620 0.5808
vn -0.4192 -0.3187 0.8502
vn -0.3510 0.6083 0.7119
vn -0.3930 -0.4587 0.7970
vn -0.6024 -0.0627 0.7957
vn -0.2592 0.9031 0.3424
vn -0.5926 -0.1900 0.7828
vn -0.3877 0.7665 0.5121
vn -0.5713 -0.3227 0.7547
vn -0.4765 0.6137 0.6295
vn -0.5347 -0.4638 0.7064
vn -0.5347 0.4638 0.7064
vn -0.4766 -0.6137 0.6295
vn -0.5713 0.3227 0.7547
vn -0.3877 -0.7665 0.5121
vn -0.5926 0.1900 0.7828
vn -0.2592 -0.9031 0.3424
vn -0.6024 0.0627 0.7957
vn -0.0921 0.9883 0.1217
vn -0.0921 -0.9883 0.1217
vn -0.5864 -0.6197 0.5217
vn -0.7060 0.3273 0.6281
vn -0.4754 -0.7714 0.4230
vn -0.7331 0.1929 0.6522
vn -0.3168 -0.9057 0.2818
vn -0.7456 0.0637 0.6634
vn -0.1122 0.9886 0.0999
vn -0.1123 -0.9886 0.0999
vn -0.7456 -0.0637 0.6634
vn -0.3168 0.9057 0.2818
vn -0.7331 -0.1929 0.6522
vn -0.4754 0.7714 0.4230
vn -0.7060 -0.3273 0.6281
vn -0.5864 0.6197 0.5217
vn -0.6596 -0.4695 0.5869
vn -0.6596 0.4695 0.5869
vn -0.3623 0.9081 0.2100
vn -0.8485 -0.1957 0.4917
vn -0.5457 0.7761 0.3162
vn -0.8163 -0.3317 0.4730
vn -0.6751 0.6254 0.3912
vn -0.7614 -0.4750 0.4412
vn -0.7614 0.4750 0.4412
vn -0.6751 -0.6254 0.3912
vn -0.8162 0.3317 0.4730
vn -0.5457 -0.7761 0.3162
vn -0.8485 0.1957 0.4917
vn -0.3624 -0.9081 0.2100
vn -0.8634 0.0646 0.5003
vn -0.1281 0.9890 0.0742
vn -0.1281 -0.9890 0.0742
vn -0.8634 -0.0646 0.5003
vn -0.8950 0.3352 0.2943
vn -0.5948 -0.7797 0.1956
vn -0.9312 0.1979 0.3062
vn -0.3940 -0.9099 0.1296
vn -0.9479 0.0654 0.3117
vn -0.1391 0.9892 0.0457
vn -0.1391 -0.9892 0.0457
vn -0.9479 -0.0654 0.3117
vn -0.3940 0.9099 0.1296
vn -0.9312 -0.1979 0.3062
vn -0.5948 0.7797 0.1956
vn -0.8950 -0.3352 0.2943
vn -0.7378 0.6299 0.2426
vn -0.8337 -0.4794 0.2742
vn -0.8337 0.4794 0.2742
vn -0.7378 -0.6299 0.2426
vn -0.9744 -0.1991 0.1040
vn -0.6202 0.7817 0.0662
vn -0.9361 -0.3371 0.1000
vn -0.7703 0.6323 0.0823
vn -0.8714 -0.4818 0.0930
vn -0.8714 0.4818 0.0930
vn -0.7703 -0.6323 0.0822
vn -0.9361 0.3371 0.1000
vn -0.6202 -0.7817 0.0662
vn -0.9744 0.1991 0.1040
vn -0.4102 -0.9110 0.0438
vn -0.9922 0.0658 0.1059
vn -0.1446 0.9894 0.0154
vn -0.1446 -0.9894 0.0154
vn -0.9922 -0.0658 0.1059
vn -0.4102 0.9110 0.0438
vn -0.6202 -0.7817 -0.0662
vn -0.9744 0.1991 -0.1040
vn -0.4102 -0.9110 -0.0438
vn -0.9922 0.0658 -0.1059
vn -0.1446 0.9894 -0.0154
vn -0.1446 -0.9894 -0.0154
vn -0.9922 -0.0658 -0.1059
vn -0.4102 0.9110 -0.0438
vn -0.9744 -0.1991 -0.1040
vn -0.6202 0.7817 -0.0662
vn -0.9361 -0.3371 -0.1000
vn -0.7703 0.6323 -0.0823
vn -0.8714 -0.4818 -0.0930
vn -0.8714 0.4818 -0.0930
vn -0.7703 -0.6323 -0.0822
vn -0.9361 0.3371 -0.1000
vn -0.8950 -0.3352 -0.2943
vn -0.7378 0.6299 -0.2426
vn -0.8337 -0.4794 -0.2742
vn -0.8337 0.4794 -0.2742
vn -0.7378 -0.6299 -0.2426
vn -0.8950 0.3352 -0.2943
vn -0.5948 -0.7797 -0.1956
vn -0.9312 0.1979 -0.3062
vn -0.3940 -0.9099 -0.1296
vn -0.9479 0.0654 -0.3117
vn -0.1391 0.9892 -0.0457
vn -0.1391 -0.9892 -0.0457
vn -0.9479 -0.0654 -0.3117
vn -0.3940 0.9099 -0.1296
vn -0.9312 -0.1979 -0.3062
vn -0.5948 0.7797 -0.1956
vn -0.3624 -0.9081 -0.2100
vn -0.8634 0.0646 -0.5003
vn -0.1281 0.9890 -0.0742
vn -0.1281 -0.9890 -0.0742
vn -0.8634 -0.0646 -0.5003
vn -0.3623 0.9081 -0.2100
vn -0.8485 -0.1957 -0.4917
vn -0.5457 0.7761 -0.3162
vn -0.8163 -0.3317 -0.4730
vn -0.6751 0.6254 -0.3912
vn -0.7614 -0.4750 -0.4412
vn -0.7614 0.4750 -0.4412
vn -0.6751 -0.6254 -0.3912
vn -0.8162 0.3317 -0.4730
vn -0.5457 -0.7761 -0.3162
vn -0.8485 0.1957 -0.4917
vn -0.5864 0.6197 -0.5217
vn -0.6596 -0.4695 -0.5869
vn -0.6596 0.4695 -0.5869
vn -0.5864 -0.6197 -0.5217
vn -0.7060 0.3273 -0.6281
vn -0.4754 -0.7714 -0.4230
vn -0.7331 0.1929 -0.6522
vn -0.3167 -0.9057 -0.2818
vn -0.7456 0.0637 -0.6634
vn -0.1122 0.9887 -0.0999
vn -0.1123 -0.9886 -0.0999
vn -0.7456 -0.0637 -0.6634
vn -0.3167 0.9057 -0.2818
vn -0.7331 -0.1929 -0.6522
vn -0.4754 0.7714 -0.4230
vn -0.7060 -0.3273 -0.6281
vn -0.6024 0.0627 -0.7957
vn -0.0921 0.9883 -0.1217
vn -0.0921 -0.9883 -0.1217
vn -0.6024 -0.0627 -0.7957
vn -0.2592 0.9031 -0.3424
vn -0.5926 -0.1900 -0.7828
vn -0.3877 0.7665 -0.5121
vn -0.5713 -0.3227 -0.7547
vn -0.4765 0.6137 -0.6295
vn -0.5347 -0.4638 -0.7064
vn -0.5347 0.4638 -0.7064
vn -0.4766 -0.6137 -0.6295
vn -0.5713 0.3227 -0.7547
vn -0.3877 -0.7665 -0.5121
vn -0.5926 0.1900 -0.7828
vn -0.2592 -0.9031 -0.3424
vn -0.3930 -0.4587 -0.7970
vn -0.3930 0.4587 -0.7970
vn -0.3510 -0.6083 -0.7119
vn -0.4192 0.3187 -0.8502
vn -0.2864 -0.7620 -0.5808
vn -0.4344 0.1874 -0.8810
vn -0.1921 -0.9007 -0.3896
vn -0.4414 0.0618 -0.8952
vn -0.0684 0.9880 -0.1388
vn -0.0684 -0.9880 -0.1388
vn -0.4414 -0.0618 -0.8952
vn -0.1921 0.9007 -0.3896
vn -0.4344 -0.1874 -0.8810
vn -0.2864 0.7620 -0.5808
vn -0.4192 -0.3187 -0.8502
vn -0.3510 0.6083 -0.7119
vn -0.0421 0.9877 -0.1505
vn -0.0421 -0.9877 -0.1505
vn -0.2690 -0.0612 -0.9612
vn -0.1181 0.8989 -0.4219
vn -0.2648 -0.1855 -0.9463
vn -0.1756 0.7586 -0.6274
vn -0.2557 -0.3156 -0.9138
vn -0.2147 0.6042 -0.7673
vn -0.2400 -0.4549 -0.8576
vn -0.2400 0.4549 -0.8576
vn -0.2147 -0.6042 -0.7673
vn -0.2557 0.3156 -0.9138
vn -0.1756 -0.7586 -0.6274
vn -0.2648 0.1855 -0.9463
vn -0.1180 -0.8989 -0.4219
vn -0.2690 0.0612 -0.9612
vn -0.0807 0.4528 -0.8879
vn -0.0722 -0.6021 -0.7952
vn -0.0859 0.3141 -0.9455
vn -0.0591 -0.7568 -0.6510
vn -0.0889 0.1845 -0.9788
vn -0.0398 -0.8979 -0.4383
vn -0.0903 0.0608 -0.9941
vn -0.0143 0.9876 -0.1565
vn -0.0142 -0.9876 -0.1565
vn -0.0903 -0.0608 -0.9941
vn -0.0398 0.8979 -0.4383
vn -0.0889 -0.1845 -0.9788
vn -0.0591 0.7568 -0.6510
vn -0.0859 -0.3141 -0.9455
vn -0.0722 0.6021 -0.7952
vn -0.0807 -0.4528 -0.8879
vn 0.0730 0.6418 -0.7634
vn 0.0830 -0.4910 -0.8672
vn 0.0830 0.4910 -0.8672
vn 0.0730 -0.6418 -0.7634
vn 0.0894 0.3446 -0.9345
vn 0.0585 -0.7892 -0.6114
vn 0.0932 0.2040 -0.9745
vn 0.0385 -0.9148 -0.4022
vn 0.0950 0.0675 -0.9932
vn 0.0135 0.9899 -0.1413
vn 0.0135 -0.9899 -0.1413
vn 0.0950 -0.0675 -0.9932
vn 0.0385 0.9148 -0.4022
vn 0.0932 -0.2040 -0.9745
vn 0.0585 0.7892 -0.6114
vn 0.0894 -0.3446 -0.9345
vn 0.2767 -0.2044 -0.9390
vn 0.1734 0.7898 -0.5883
vn 0.2653 -0.3453 -0.9002
vn 0.2165 0.6426 -0.7350
vn 0.2461 -0.4918 -0.8352
vn 0.2461 0.4918 -0.8352
vn 0.2166 -0.6426 -0.7350
vn 0.2653 0.3453 -0.9002
vn 0.1733 -0.7898 -0.5883
vn 0.2767 0.2044 -0.9390
vn 0.1140 -0.9151 -0.3868
vn 0.2820 0.0676 -0.9570
vn 0.0400 0.9899 -0.1359
vn 0.0400 -0.9899 -0.1359
vn 0.2820 -0.0676 -0.9570
vn 0.1140 0.9151 -0.3868
vn 0.2819 -0.7910 -0.5430
vn 0.4510 0.2052 -0.8686
vn 0.1852 -0.9157 -0.3567
vn 0.4597 0.0679 -0.8855
vn 0.0651 0.9900 -0.1252
vn 0.0650 -0.9900 -0.1252
vn 0.4597 -0.0679 -0.8855
vn 0.1852 0.9157 -0.3567
vn 0.4510 -0.2052 -0.8686
vn 0.2819 0.7910 -0.5430
vn 0.4322 -0.3465 -0.8325
vn 0.3525 0.6441 -0.6789
vn 0.4008 -0.4933 -0.7720
vn 0.4008 0.4933 -0.7720
vn 0.3525 -0.6441 -0.6789
vn 0.4322 0.3465 -0.8325
vn 0.5844 -0.3481 -0.7331
vn 0.4758 0.6460 -0.5969
vn 0.5415 -0.4952 -0.6793
vn 0.5415 0.4952 -0.6793
vn 0.4758 -0.6460 -0.5969
vn 0.5844 0.3481 -0.7331
vn 0.3801 -0.7925 -0.4769
vn 0.6099 0.2062 -0.7651
vn 0.2495 -0.9164 -0.3129
vn 0.6219 0.0683 -0.7801
vn 0.0875 0.9901 -0.1098
vn 0.0875 -0.9901 -0.1098
vn 0.6219 -0.0683 -0.7801
vn 0.2495 0.9164 -0.3130
vn 0.6099 -0.2062 -0.7651
vn 0.3801 0.7925 -0.4769
vn 0.3043 -0.9172 -0.2571
vn 0.7621 0.0686 -0.6439
vn 0.1066 0.9902 -0.0901
vn 0.1067 -0.9902 -0.0901
vn 0.7621 -0.0686 -0.6439
vn 0.3043 0.9172 -0.2571
vn 0.7473 -0.2073 -0.6314
vn 0.4642 0.7942 -0.3922
vn 0.7156 -0.3498 -0.6046
vn 0.5817 0.6482 -0.4915
vn 0.6627 -0.4974 -0.5599
vn 0.6627 0.4974 -0.5599
vn 0.5817 -0.6482 -0.4914
vn 0.7156 0.3498 -0.6046
vn 0.4642 -0.7942 -0.3922
vn 0.7473 0.2073 -0.6314
vn 0.6657 0.6502 -0.3663
vn 0.7591 -0.4993 -0.4177
vn 0.7591 0.4993 -0.4177
vn 0.6657 -0.6502 -0.3663
vn 0.8202 0.3514 -0.4514
vn 0.5306 -0.7957 -0.2920
vn 0.8569 0.2084 -0.4715
vn 0.3474 -0.9180 -0.1912
vn 0.8740 0.0690 -0.4810
vn 0.1217 0.9903 -0.0670
vn 0.1217 -0.9903 -0.0670
vn 0.8740 -0.0690 -0.4810
vn 0.3474 0.9180 -0.1912
vn 0.8569 -0.2084 -0.4715
vn 0.5306 0.7957 -0.2920
vn 0.8202 -0.3514 -0.4514
vn 0.9522 0.0693 -0.2974
vn 0.1320 0.9904 -0.0412
vn 0.1320 -0.9904 -0.0412
vn 0.9522 -0.0693 -0.2974
vn 0.3772 0.9186 -0.1178
vn 0.9334 -0.2092 -0.2915
vn 0.5766 0.7969 -0.1801
vn 0.8932 -0.3527 -0.2789
vn 0.7240 0.6517 -0.2261
vn 0.8262 -0.5009 -0.2580
vn 0.8262 0.5009 -0.2580
vn 0.7240 -0.6517 -0.2261
vn 0.8932 0.3527 -0.2789
vn 0.5766 -0.7969 -0.1801
vn 0.9334 0.2092 -0.2915
vn 0.3772 -0.9186 -0.1178
vn 0.8606 -0.5017 -0.0873
vn 0.8606 0.5017 -0.0873
vn 0.7539 -0.6525 -0.0764
vn 0.9307 0.3534 -0.0944
vn 0.6001 -0.7976 -0.0609
vn 0.9728 0.2096 -0.0986
vn 0.3924 -0.9189 -0.0398
vn 0.9925 0.0694 -0.1006
vn 0.1373 0.9904 -0.0139
vn 0.1373 -0.9904 -0.0139
vn 0.9925 -0.0694 -0.1006
vn 0.3924 0.9189 -0.0398
vn 0.9728 -0.2096 -0.0986
vn 0.6001 0.7976 -0.0609
vn 0.9307 -0.3534 -0.0944
vn 0.7539 0.6525 -0.0764
vn 0.1373 0.9904 0.0139
vn 0.1373 -0.9904 0.0139
vn 0.9925 -0.0694 0.1006
vn 0.3924 0.9189 0.0398
vn 0.9728 -0.2096 0.0986
vn 0.6001 0.7976 0.0609
vn 0.9307 -0.3534 0.0944
vn 0.7539 0.6525 0.0764
vn 0.8606 -0.5017 0.0873
vn 0.8606 0.5017 0.0873
vn 0.7539 -0.6525 0.0764
vn 0.9307 0.3534 0.0944
vn 0.6001 -0.7976 0.0609
vn 0.9728 0.2096 0.0986
vn 0.3924 -0.9189 0.0398
vn 0.9925 0.0694 0.1006
vn 0.8262 0.5009 0.2580
vn 0.7240 -0.6517 0.2261
vn 0.8932 0.3527 0.2789
vn 0.5766 -0.7969 0.1801
vn 0.9334 0.2092 0.2915
vn 0.3772 -0.9186 0.1178
vn 0.9522 0.0693 0.2974
vn 0.1320 0.9904 0.0412
vn 0.1321 -0.9904 0.0412
vn 0.9522 -0.0693 0.2974
vn 0.3772 0.9186 0.1178
vn 0.9334 -0.2092 0.2915
vn 0.5766 0.7969 0.1801
vn 0.8932 -0.3527 0.2789
vn 0.7240 0.6517 0.2261
vn 0.8262 -0.5009 0.2580
vn 0.3474 -0.9180 0.1912
vn 0.8740 -0.0690 0.4810
vn 0.3474 0.9180 0.1912
vn 0.1217 -0.9903 0.0670
vn 0.8569 -0.2084 0.4715
vn 0.5306 0.7957 0.2920
vn 0.8202 -0.3514 0.4514
vn 0.6657 0.6502 0.3663
vn 0.7591 -0.4993 0.4177
vn 0.7591 0.4993 0.4177
vn 0.8202 0.3514 0.4514
vn 0.8569 0.2084 0.4715
vn 0.6657 -0.6502 0.3663
vn 0.5306 -0.7957 0.2920
vn 0.8740 0.0690 0.4810
vn 0.1217 0.9903 0.0670
vn 0.6627 -0.4974 0.5599
vn 0.6627 0.4974 0.5599
vn 0.5817 -0.6482 0.4915
vn 0.7156 0.3498 0.6046
vn 0.4642 -0.7942 0.3922
vn 0.7473 0.2073 0.6314
vn 0.3043 -0.9172 0.2571
vn 0.7621 0.0686 0.6439
vn 0.1066 0.9902 0.0901
vn 0.1066 -0.9902 0.0901
vn 0.7621 -0.0686 0.6439
vn 0.3043 0.9172 0.2571
vn 0.7473 -0.2073 0.6314
vn 0.4642 0.7942 0.3922
vn 0.7156 -0.3498 0.6046
vn 0.5817 0.6482 0.4914
vn 0.0875 0.9901 0.1098
vn 0.0875 -0.9901 0.1098
vn 0.6219 -0.0683 0.7801
vn 0.2495 0.9164 0.3130
vn 0.6099 -0.2062 0.7652
vn 0.3802 0.7925 0.4769
vn 0.5844 -0.3481 0.7331
vn 0.4718 0.6457 0.6004
vn 0.5415 -0.4952 0.6793
vn 0.5415 0.4952 0.6793
vn 0.4758 -0.6460 0.5969
vn 0.5844 0.3481 0.7331
vn 0.3801 -0.7925 0.4769
vn 0.6100 0.2062 0.7651
vn 0.2495 -0.9164 0.3129
vn 0.6219 0.0683 0.7801
vn 0.4005 0.4946 0.7713
vn 0.3525 -0.6441 0.6789
vn 0.4323 0.3465 0.8325
vn 0.2819 -0.7910 0.5430
vn 0.4510 0.2052 0.8686
vn 0.1852 -0.9157 0.3567
vn 0.4597 0.0679 0.8855
vn 0.0650 0.9900 0.1252
vn 0.0650 -0.9900 0.1252
vn 0.4597 -0.0679 0.8855
vn 0.1852 0.9157 0.3567
vn 0.4510 -0.2052 0.8686
vn 0.2819 0.7910 0.5430
vn 0.4322 -0.3465 0.8325
vn 0.3570 0.6423 0.6782
vn 0.4008 -0.4933 0.7720
vn 0.2820 -0.0676 0.9570
vn 0.1140 0.9151 0.3868
vn 0.2767 -0.2044 0.9390
vn 0.1734 0.7898 0.5883
vn 0.2653 -0.3453 0.9002
vn 0.2166 0.6426 0.7350
vn 0.2461 -0.4918 0.8352
vn 0.2461 0.4918 0.8352
vn 0.2166 -0.6426 0.7350
vn 0.2653 0.3453 0.9002
vn 0.1734 -0.7898 0.5883
vn 0.2767 0.2044 0.9390
vn 0.1140 -0.9151 0.3868
vn 0.2820 0.0676 0.9570
vn 0.0401 0.9899 0.1359
vn 0.0400 -0.9899 0.1359
vn 0.0730 -0.6418 0.7634
vn 0.0894 0.3446 0.9345
vn 0.0585 -0.7892 0.6114
vn 0.0932 0.2040 0.9745
vn 0.0385 -0.9148 0.4022
vn 0.0950 0.0675 0.9932
vn 0.0135 0.9899 0.1413
vn 0.0135 -0.9899 0.1413
vn 0.0950 -0.0675 0.9932
vn 0.0385 0.9148 0.4022
vn 0.0932 -0.2040 0.9745
vn 0.0585 0.7892 0.6114
vn 0.0894 -0.3446 0.9345
vn 0.0730 0.6418 0.7634
vn 0.0830 -0.4910 0.8672
vn 0.0830 0.4910 0.8672
vn -0.0385 0.9148 0.4022
vn -0.0932 -0.2040 0.9745
vn -0.0585 0.7892 0.6114
vn -0.0894 -0.3446 0.9345
vn -0.0730 0.6418 0.7634
vn -0.0830 -0.4910 0.8672
vn -0.0830 0.4910 0.8672
vn -0.0730 -0.6418 0.7634
vn -0.0894 0.3446 0.9345
vn -0.0585 -0.7892 0.6114
vn -0.0932 0.2040 0.9745
vn -0.0385 -0.9148 0.4022
vn -0.0950 0.0675 0.9932
vn -0.0135 0.9899 0.1413
vn -0.0135 -0.9899 0.1413
vn -0.0950 -0.0675 0.9932
vn -0.2653 0.3453 0.9002
vn -0.1733 -0.7898 0.5883
vn -0.2767 0.2044 0.9390
vn -0.1140 -0.9151 0.3868
vn -0.2820 0.0676 0.9570
vn -0.0401 0.9899 0.1359
vn -0.0400 -0.9899 0.1359
vn -0.2820 -0.0676 0.9570
vn -0.1140 0.9151 0.3868
vn -0.2767 -0.2044 0.9390
vn -0.1734 0.7898 0.5883
vn -0.2653 -0.3453 0.9002
vn -0.2166 0.6426 0.7350
vn -0.2461 -0.4918 0.8352
vn -0.2461 0.4918 0.8352
vn -0.2166 -0.6426 0.7350
vn -0.4510 -0.2052 0.8686
vn -0.2819 0.7910 0.5430
vn -0.4322 -0.3465 0.8325
vn -0.3525 0.6441 0.6789
vn -0.4008 -0.4933 0.7720
vn -0.4008 0.4933 0.7720
vn -0.3525 -0.6441 0.6789
vn -0.4322 0.3465 0.8325
vn -0.2819 -0.7910 0.5430
vn -0.4510 0.2052 0.8686
vn -0.1852 -0.9157 0.3567
vn -0.4597 0.0679 0.8855
vn -0.0650 0.9900 0.1252
vn -0.0650 -0.9900 0.1252
vn -0.4597 -0.0679 0.8855
vn -0.1852 0.9157 0.3567
vn -0.3801 -0.7925 0.4769
vn -0.6100 0.2062 0.7651
vn -0.2495 -0.9164 0.3129
vn -0.6219 0.0683 0.7801
vn -0.0875 0.9901 0.1098
vn -0.0875 -0.9901 0.1098
vn -0.6219 -0.0683 0.7801
vn -0.2495 0.9164 0.3129
vn -0.6099 -0.2062 0.7651
vn -0.3801 0.7925 0.4769
vn -0.5844 -0.3481 0.7331
vn -0.4758 0.6460 0.5969
vn -0.5415 -0.4952 0.6793
vn -0.5415 0.4952 0.6793
vn -0.4758 -0.6460 0.5969
vn -0.5844 0.3481 0.7331
vn -0.7156 -0.3498 0.6046
vn -0.5817 0.6482 0.4914
vn -0.6627 -0.4974 0.5599
vn -0.6627 0.4974 0.5599
vn -0.5817 -0.6482 0.4914
vn -0.7156 0.3498 0.6046
vn -0.4642 -0.7942 0.3922
vn -0.7473 0.2073 0.6314
vn -0.3043 -0.9172 0.2571
vn -0.7621 0.0686 0.6439
vn -0.1066 0.9902 0.0901
vn -0.1066 -0.9902 0.0901
vn -0.7621 -0.0686 0.6439
vn -0.3043 0.9172 0.2571
vn -0.7473 -0.2073 0.6314
vn -0.4642 0.7942 0.3922
vn -0.3474 -0.9180 0.1912
vn -0.8740 0.0690 0.4810
vn -0.1217 0.9903 0.0670
vn -0.1217 -0.9903 0.0670
vn -0.8740 -0.0690 0.4810
vn -0.3474 0.9180 0.1912
vn -0.8569 -0.2084 0.4715
vn -0.5306 0.7957 0.2920
vn -0.8202 -0.3514 0.4514
vn -0.6657 0.6502 0.3663
vn -0.7591 -0.4993 0.4177
vn -0.7591 0.4993 0.4177
vn -0.6657 -0.6502 0.3663
vn -0.8202 0.3514 0.4514
vn -0.5306 -0.7957 0.2920
vn -0.8569 0.2084 0.4715
vn -0.7240 0.6517 0.2261
vn -0.8262 -0.5009 0.2580
vn -0.8262 0.5009 0.2580
vn -0.7240 -0.6517 0.2261
vn -0.8932 0.3527 0.2789
vn -0.5766 -0.7969 0.1801
vn -0.9334 0.2092 0.2915
vn -0.3772 -0.9186 0.1178
vn -0.9522 0.0693 0.2974
vn -0.1320 0.9904 0.0412
vn -0.1320 -0.9904 0.0412
vn -0.9522 -0.0693 0.2974
vn -0.3772 0.9186 0.1178
vn -0.9334 -0.2092 0.2915
vn -0.5766 0.7969 0.1801
vn -0.8932 -0.3527 0.2789
vn -0.9925 0.0694 0.1006
vn -0.1373 0.9904 0.0139
vn -0.1373 -0.9904 0.0139
vn -0.9925 -0.0694 0.1006
vn -0.3924 0.9189 0.0398
vn -0.9728 -0.2096 0.0986
vn -0.6001 0.7976 0.0609
vn -0.9307 -0.3534 0.0944
vn -0.7539 0.6525 0.0764
vn -0.8606 -0.5017 0.0873
vn -0.8606 0.5017 0.0873
vn -0.7539 -0.6525 0.0764
vn -0.9307 0.3534 0.0944
vn -0.6001 -0.7976 0.0609
vn -0.9728 0.2096 0.0986
vn -0.3924 -0.9189 0.0398
vn -0.8606 -0.5017 -0.0873
vn -0.8606 0.5017 -0.0873
vn -0.7539 -0.6525 -0.0764
vn -0.9307 0.3534 -0.0944
vn -0.6001 -0.7976 -0.0609
vn -0.9728 0.2096 -0.0986
vn -0.3924 -0.9189 -0.0398
vn -0.9925 0.0694 -0.1006
vn -0.1373 0.9904 -0.0139
vn -0.1373 -0.9904 -0.0139
vn -0.9925 -0.0694 -0.1006
vn -0.3924 0.9189 -0.0398
vn -0.9728 -0.2096 -0.0986
vn -0.6001 0.7976 -0.0609
vn -0.9307 -0.3534 -0.0944
vn -0.7539 0.6525 -0.0764
vn -0.1320 0.9904 -0.0412
vn -0.1320 -0.9904 -0.0412
vn -0.9522 -0.0693 -0.2974
vn -0.3772 0.9186 -0.1178
vn -0.9334 -0.2092 -0.2915
vn -0.5766 0.7969 -0.1801
vn -0.8932 -0.3527 -0.2789
vn -0.7240 0.6517 -0.2261
vn -0.8262 -0.5009 -0.2580
vn -0.8262 0.5009 -0.2580
vn -0.7240 -0.6517 -0.2261
vn -0.8932 0.3527 -0.2789
vn -0.5766 -0.7969 -0.1801
vn -0.9334 0.2092 -0.2915
vn -0.3772 -0.9186 -0.1178
vn -0.9522 0.0693 -0.2974
vn -0.7591 0.4993 -0.4177
vn -0.6657 -0.6502 -0.3663
vn -0.8202 0.3514 -0.4514
vn -0.5306 -0.7957 -0.2920
vn -0.8569 0.2084 -0.4715
vn -0.3474 -0.9180 -0.1912
vn -0.8740 0.0690 -0.4810
vn -0.1217 0.9903 -0.0670
vn -0.1217 -0.9903 -0.0670
vn -0.8740 -0.0690 -0.4810
vn -0.3474 0.9180 -0.1912
vn -0.8569 -0.2084 -0.4715
vn -0.5306 0.7957 -0.2920
vn -0.8202 -0.3514 -0.4514
vn -0.6657 0.6502 -0.3663
vn -0.7591 -0.4993 -0.4177
vn -0.7621 -0.0686 -0.6439
vn -0.3043 0.9173 -0.2571
vn -0.7473 -0.2073 -0.6314
vn -0.4642 0.7942 -0.3922
vn -0.7156 -0.3498 -0.6046
vn -0.5817 0.6482 -0.4914
vn -0.6627 -0.4974 -0.5599
vn -0.6627 0.4974 -0.5599
vn -0.5817 -0.6482 -0.4914
vn -0.7156 0.3498 -0.6046
vn -0.4642 -0.7942 -0.3922
vn -0.7473 0.2073 -0.6314
vn -0.3043 -0.9173 -0.2571
vn -0.7621 0.0686 -0.6439
vn -0.1066 0.9902 -0.0901
vn -0.1067 -0.9902 -0.0901
vn -0.4758 -0.6460 -0.5969
vn -0.5844 0.3481 -0.7331
vn -0.3801 -0.7925 -0.4769
vn -0.6099 0.2062 -0.7651
vn -0.2495 -0.9164 -0.3129
vn -0.6219 0.0683 -0.7801
vn -0.0875 0.9901 -0.1098
vn -0.0875 -0.9901 -0.1098
vn -0.6219 -0.0682 -0.7801
vn -0.2495 0.9164 -0.3129
vn -0.6099 -0.2062 -0.7652
vn -0.3801 0.7925 -0.4769
vn -0.5844 -0.3481 -0.7331
vn -0.4758 0.6460 -0.5969
vn -0.5415 -0.4952 -0.6793
vn -0.5415 0.4952 -0.6793
vn -0.4510 -0.2052 -0.8686
vn -0.2819 0.7910 -0.5430
vn -0.4322 -0.3465 -0.8325
vn -0.3525 0.6441 -0.6789
vn -0.4008 -0.4933 -0.7720
vn -0.4008 0.4933 -0.7720
vn -0.3525 -0.6441 -0.6789
vn -0.4322 0.3465 -0.8325
vn -0.2819 -0.7910 -0.5430
vn -0.4510 0.2052 -0.8686
vn -0.1852 -0.9157 -0.3567
vn -0.4597 0.0679 -0.8855
vn -0.0650 0.9900 -0.1252
vn -0.0650 -0.9900 -0.1252
vn -0.4597 -0.0679 -0.8855
vn -0.1852 0.9157 -0.3567
vn -0.1734 -0.7898 -0.5883
vn -0.2767 0.2044 -0.9390
vn -0.1140 -0.9151 -0.3868
vn -0.2820 0.0676 -0.9570
vn -0.0400 0.9899 -0.1359
vn -0.0400 -0.9899 -0.1359
vn -0.2820 -0.0676 -0.9570
vn -0.1140 0.9151 -0.3868
vn -0.2767 -0.2044 -0.9390
vn -0.1734 0.7898 -0.5883
vn -0.2653 -0.3453 -0.9002
vn -0.2166 0.6426 -0.7350
vn -0.2461 -0.4918 -0.8352
vn -0.2461 0.4918 -0.8352
vn -0.2166 -0.6426 -0.7350
vn -0.2653 0.3453 -0.9002
vn -0.0585 0.7892 -0.6114
vn -0.0894 -0.3446 -0.9345
vn -0.0730 0.6418 -0.7634
vn -0.0830 -0.4910 -0.8672
vn -0.0830 0.4910 -0.8672
vn -0.0730 -0.6418 -0.7634
vn -0.0894 0.3446 -0.9345
vn -0.0585 -0.7892 -0.6114
vn -0.0932 0.2040 -0.9745
vn -0.0385 -0.9148 -0.4022
vn -0.0950 0.0675 -0.9932
vn -0.0135 0.9899 -0.1413
vn -0.0135 -0.9899 -0.1413
vn -0.0950 -0.0675 -0.9932
vn -0.0385 0.9148 -0.4022
vn -0.0932 -0.2040 -0.9745
vn 0.1233 -0.9916 -0.0392
vn 0.3156 -0.9464 -0.0688
vn 0.4948 -0.8637 -0.0955
vn 0.6535 -0.7476 -0.1184
vn 0.7857 -0.6034 -0.1364
vn 0.8869 -0.4372 -0.1492
vn 0.9540 -0.2558 -0.1562
vn 0.9853 -0.0657 -0.1574
vn 0.9801 0.1264 -0.1528
vn 0.9387 0.3139 -0.1425
vn 0.8622 0.4904 -0.1269
vn 0.7529 0.6494 -0.1064
vn 0.6141 0.7850 -0.0818
vn 0.4505 0.8911 -0.0537
vn 0.2682 0.9631 -0.0234
vn 0.0742 0.9972 0.0080
vn -0.1232 0.9916 0.0392
vn -0.3157 0.9464 0.0688
vn -0.4948 0.8637 0.0955
vn -0.6535 0.7476 0.1184
vn -0.7857 0.6034 0.1364
vn -0.8869 0.4372 0.1492
vn -0.9540 0.2558 0.1562
vn -0.9853 0.0657 0.1574
vn -0.9801 -0.1264 0.1528
vn -0.9387 -0.3139 0.1425
vn -0.8622 -0.4904 0.1269
vn -0.7529 -0.6494 0.1064
vn -0.6142 -0.7849 0.0818
vn -0.4506 -0.8911 0.0537
vn -0.2126 0.0532 -0.9757
vn -0.2682 -0.9631 0.0234
vn -0.0742 -0.9972 -0.0080
vn 0.2126 -0.0532 0.9757
vn 0.0778 -0.9963 0.0357
vn 0.2672 -0.9616 0.0631
vn 0.4469 -0.8902 0.0882
vn 0.6103 -0.7845 0.1100
vn 0.7508 -0.6481 0.1276
vn 0.8626 -0.4860 0.1404
vn 0.9410 -0.3044 0.1477
vn 0.9826 -0.1107 0.1492
vn 0.9856 0.0872 0.1449
vn 0.9501 0.2814 0.1349
vn 0.8777 0.4640 0.1197
vn 0.7717 0.6280 0.0999
vn 0.6367 0.7673 0.0764
vn 0.4780 0.8769 0.0501
vn 0.3016 0.9532 0.0220
vn 0.1140 0.9935 -0.0070
vn -0.0779 0.9963 -0.0357
vn -0.2672 0.9616 -0.0631
vn -0.4470 0.8902 -0.0882
vn -0.6103 0.7845 -0.1100
vn -0.7508 0.6481 -0.1276
vn -0.8626 0.4860 -0.1404
vn -0.9410 0.3044 -0.1477
vn -0.9826 0.1107 -0.1492
vn -0.9856 -0.0872 -0.1449
vn -0.9500 -0.2814 -0.1349
vn -0.8777 -0.4640 -0.1197
vn -0.7717 -0.6280 -0.0999
vn -0.6367 -0.7673 -0.0764
vn -0.4779 -0.8770 -0.0501
vn 0.2819 -0.0456 -0.9584
vn -0.3016 -0.9532 -0.0220
vn -0.1140 -0.9935 0.0070
vn -0.2819 0.0456 0.9584
vn -0.7226 -0.4395 0.5335
vn 0.1145 -0.9100 0.3986
vn -0.0284 0.9014 0.4321
vn 0.8076 0.3053 0.5046
vn -0.7226 -0.4395 -0.5335
vn 0.1145 -0.9100 -0.3986
vn -0.0284 0.9014 -0.4321
vn 0.8076 0.3053 -0.5046
vn 0.5148 -0.4576 -0.7249
vn -0.3429 -0.7742 0.5321
vn -0.2476 0.8422 -0.4790
vn 0.3534 0.7823 0.5129
vn -0.0315 0.9995 -0.0000
vn 0.8607 0.5092 -0.0000
vn 0.3429 0.7742 -0.5321
vn 0.5148 -0.4576 0.7249
vn -0.5875 0.5221 0.6182
vn -0.3429 -0.7742 -0.5321
vn -0.8544 -0.5196 -0.0000
vn 0.0299 -0.9996 -0.0000
vn 0.7474 -0.6643 -0.0000
vn -0.3155 -0.6925 -0.6487
vn -0.4049 -0.9143 -0.0000
vn -0.2820 0.9594 -0.0000
vn 0.4049 0.9143 -0.0000
vn -0.0000 -0.0000 1.0000
vn -0.2821 0.9594 -0.0000
vn 0.0098 -0.0087 -0.9999
vn 0.3370 0.7774 0.5311
vn -0.1124 -0.9100 -0.3992
vn -0.8049 0.3053 -0.5088
vn -0.1166 -0.9100 0.3980
vn -0.8102 0.3053 0.5003
vn 0.3456 -0.7742 -0.5303
vn 0.2451 0.8422 0.4803
vn -0.3507 0.7823 -0.5148
vn -0.8607 0.5092 -0.0045
vn -0.3456 0.7742 0.5303
vn 0.5907 0.5222 -0.6151
vn -0.0299 -0.9996 -0.0002
vn 0.3121 -0.6925 0.6504
vn 0.4049 -0.9143 0.0021
vn 0.2820 0.9594 0.0015
vn -0.4049 0.9143 -0.0021
vn 0.2821 0.9594 0.0015
vn -0.3343 0.7774 -0.5329
vn -0.0004 -0.0069 1.0000
vn 1.0000 0.0020 -0.0019
vn -0.0006 0.2590 0.9659
vn 0.0005 0.0008 1.0000
vn -0.2892 -0.1629 0.9433
vn -0.4525 0.0657 0.8894
vn 0.7807 -0.0007 0.6249
vn 0.9791 0.0279 0.2017
vn -0.5401 0.5032 0.6745
vn -0.4848 0.7550 0.4416
vn -0.0408 -0.1533 0.9873
vn -0.3180 -0.1884 0.9292
vn 0.2731 -0.9608 -0.0481
vn 0.2679 -0.9542 -0.1330
vn 0.1857 0.0202 0.9824
vn 0.1307 -0.0574 0.9898
vn -0.1344 0.6115 0.7797
vn 0.1246 -0.2641 0.9564
vn 0.1154 -0.2027 0.9724
vn 0.0931 -0.1433 0.9853
vn 0.0014 -1.0000 -0.0000
vn 0.3136 -0.9495 0.0132
vn -0.0023 -1.0000 0.0002
vn -0.0011 -1.0000 0.0013
vn 0.0109 -0.9999 0.0002
vn -0.0226 -0.9997 -0.0018
vn -0.0014 -1.0000 0.0011
vn -0.0017 -1.0000 0.0009
vn -0.0176 -0.9998 -0.0013
vn 0.0019 -1.0000 0.0017
vn -0.0023 -1.0000 0.0007
vn 0.0008 -0.0002 -1.0000
vn -0.0002 -1.0000 -0.0000
vn -0.0007 -1.0000 0.0002
vn -0.0009 -1.0000 0.0004
vn 0.3542 -0.9351 -0.0138
vn -0.0008 -1.0000 0.0003
vn -0.0006 -1.0000 0.0001
vn 0.4288 -0.9032 -0.0181
vn -0.2183 -0.9749 0.0434
vn -0.0004 -1.0000 0.0001
vn -0.0004 -1.0000 -0.0001
vn 0.0097 -0.9999 0.0099
vn 0.0315 0.0009 0.9995
vn -0.0280 -0.0005 0.9996
vn -0.0005 -0.0000 1.0000
vn -0.7121 0.0609 0.6994
vn -0.0005 0.0032 1.0000
vn 0.0003 0.0008 1.0000
vn 0.0002 0.0008 1.0000
vn -0.0129 -0.0001 0.9999
vn -0.8013 0.0459 0.5965
vn -0.4629 -0.0134 0.8863
vn -0.2783 -0.0593 0.9587
vn -0.1829 -0.1097 0.9770
vn -0.1378 -0.1755 0.9748
vn 0.0001 0.0006 1.0000
vn -0.1055 -0.4502 0.8867
vn -0.6951 -0.7189 -0.0013
vn 0.7156 -0.6985 -0.0027
vn -0.7223 -0.6915 0.0029
vn 0.6959 -0.7182 0.0050
vn 0.6959 -0.7182 -0.0050
vn 0.7190 0.6950 -0.0005
vn -0.6962 -0.7179 0.0013
vn 0.6954 0.7186 0.0008
vn -0.6969 -0.7171 -0.0006
vn 0.6947 0.7193 -0.0007
vn 0.0001 0.0003 1.0000
vn 0.6954 0.7186 -0.0008
vn -0.7193 0.6947 0.0016
vn -0.6951 -0.7189 0.0013
vn 0.6950 0.7190 0.0007
vn 0.0001 0.0002 1.0000
vn 0.7192 -0.6948 -0.0016
vn 0.6948 0.7192 0.0007
vn -0.7205 0.6934 0.0019
vn -0.0004 0.0012 1.0000
vn -0.0011 0.0022 1.0000
vn -0.6966 0.7174 0.0028
vn 0.6967 -0.7173 -0.0026
vn 0.7190 0.6950 0.0005
vn 0.6970 -0.7171 0.0026
vn 0.6971 -0.7170 0.0016
vn -0.6971 0.7170 -0.0017
vn -0.7223 -0.6915 -0.0029
vn 0.6967 -0.7173 0.0026
vn -0.6966 0.7174 -0.0028
vn -0.0004 0.0011 -1.0000
vn -0.0005 0.0010 -1.0000
vn 0.7200 0.6940 0.0027
vn -0.7168 -0.6973 0.0001
vn -0.6969 0.7172 -0.0024
vn -0.6965 0.7175 -0.0045
vn -0.7205 0.6934 -0.0018
vn -0.6970 -0.7171 0.0005
vn 0.7193 -0.6947 0.0015
vn 0.0001 0.0003 -1.0000
vn 0.0001 0.0002 -1.0000
vn 0.6950 0.7191 -0.0007
vn -0.6962 -0.7179 -0.0013
vn -0.7193 0.6947 -0.0016
vn 0.7156 -0.6985 0.0027
vn 0.0004 0.0002 -1.0000
vn 0.2901 -0.0000 0.9570
vn 0.0152 0.3262 0.9452
vn 0.9390 0.1150 0.3240
vn 0.9695 -0.2280 -0.0900
vn 0.9984 0.0422 0.0373
vn 0.9802 0.1924 0.0473
vn 0.9277 -0.1897 -0.3216
vn 0.0296 0.1529 0.9878
vn -0.6074 0.1062 0.7873
vn 0.3422 -0.0297 0.9391
vn 0.3964 -0.0125 0.9180
vn -0.1799 0.0026 0.9837
vn -0.0001 -0.0026 1.0000
vn -0.9938 -0.0924 0.0620
vn 0.2114 0.0897 0.9733
vn 0.0670 -0.0509 0.9965
vn -0.9007 0.0043 0.4345
vn -0.9618 -0.1373 -0.2367
vn 0.0019 -1.0000 -0.0000
vn -0.0070 -1.0000 -0.0005
vn 0.0005 -1.0000 -0.0000
vn 0.6813 -0.7311 -0.0362
vn -0.0236 -0.9997 -0.0015
vn -0.0184 -0.9998 -0.0010
vn 0.3538 -0.9353 -0.0086
vn -0.2916 -0.9542 0.0661
vn 0.0004 -1.0000 0.0024
vn 0.0011 -1.0000 0.0016
vn 0.0080 -0.9999 0.0127
vn -0.0871 -0.9954 0.0409
vn -0.0031 -1.0000 0.0013
vn -0.0023 -1.0000 0.0017
vn -0.0000 -1.0000 -0.0001
vn -0.0019 -1.0000 0.0020
vn -0.0014 -1.0000 0.0013
vn -0.0006 -1.0000 0.0002
vn -0.0010 -1.0000 0.0007
vn 0.3325 0.9431 -0.0000
vn 0.4803 0.3038 0.8228
vn -0.3891 0.8966 -0.2113
vn 0.0001 0.9991 0.0433
vn -0.1621 0.9868 -0.0000
vn -0.1243 0.9332 0.3373
vn 0.3415 0.9210 -0.1874
vn -0.5623 0.6884 -0.4582
vn -0.6205 0.5659 -0.5429
vn 0.1047 0.9937 0.0403
vn 0.0004 1.0000 0.0001
vn -0.0009 1.0000 -0.0009
vn -0.0002 1.0000 -0.0004
vn 0.0004 1.0000 -0.0000
vn 0.0003 1.0000 -0.0000
vn -0.0000 1.0000 -0.0002
vn -0.1464 0.0861 0.9855
vn -0.1414 0.2561 0.9563
vn -0.0759 -0.8525 0.5171
vn -0.1323 0.4238 0.8961
vn -0.1324 0.4226 0.8966
vn -0.1325 0.4236 0.8961
vn -0.1183 -0.5823 0.8043
vn -0.1318 -0.4229 0.8966
vn -0.1416 -0.2561 0.9562
vn -0.1472 -0.0855 0.9854
vn -0.4135 -0.0792 0.9071
vn -0.4150 0.0797 0.9063
vn -0.4029 0.2411 0.8829
vn -0.2227 -0.8419 0.4916
vn -0.3792 0.4045 0.8322
vn -0.2894 -0.7125 0.6392
vn -0.3408 -0.5639 0.7522
vn -0.3780 -0.4052 0.8325
vn -0.4011 -0.2415 0.8836
vn -0.5278 -0.5349 0.6598
vn -0.5794 -0.3783 0.7220
vn -0.6118 -0.2218 0.7593
vn -0.6270 -0.0713 0.7758
vn -0.6270 0.0720 0.7756
vn -0.2271 -0.9315 0.2841
vn -0.6122 0.2203 0.7594
vn -0.3541 -0.8234 0.4434
vn -0.5805 0.3772 0.7216
vn -0.4540 -0.6862 0.5683
vn -0.8108 0.0623 0.5820
vn -0.3023 -0.9209 0.2463
vn -0.8275 0.1865 0.5296
vn -0.7354 0.3460 0.5827
vn -0.7676 0.3106 0.5606
vn -0.5853 -0.6559 0.4767
vn -0.6714 -0.5025 0.5447
vn -0.7282 -0.3470 0.5910
vn -0.7641 -0.1956 0.6147
vn -0.7832 -0.0282 0.6212
vn -0.7743 -0.4724 0.4211
vn -0.8410 -0.3192 0.4368
vn -0.9536 -0.1494 0.2613
vn -0.9549 -0.1487 0.2570
vn -0.9628 0.0343 0.2681
vn -0.9641 0.0320 0.2636
vn -0.9626 0.0409 0.2679
vn -0.9632 0.0416 0.2654
vn -0.3639 -0.9098 0.1998
vn -0.9135 -0.0131 0.4067
vn -0.9134 -0.0164 0.4067
vn -0.5500 -0.7787 0.3021
vn -0.8779 0.2762 0.3911
vn -0.6829 -0.6267 0.3752
vn -0.9946 0.0335 0.0982
vn -0.9947 0.0333 0.0970
vn -0.9834 -0.0337 0.1781
vn -0.9835 -0.0348 0.1774
vn -0.6467 -0.7441 0.1680
vn -0.9327 0.1403 0.3322
vn -0.7415 -0.5608 0.3684
vn -0.7537 -0.6020 0.2637
vn -0.8934 -0.4160 0.1696
vn -0.8964 -0.4133 0.1601
vn -0.9493 -0.2467 0.1948
vn -0.9527 -0.2420 0.1839
vn -0.9829 -0.0084 0.1840
vn -0.9853 -0.0113 0.1707
vn -0.9874 0.1233 0.0990
vn -0.9718 0.1224 0.2018
vn -0.9575 -0.2328 0.1701
vn -0.9565 -0.2425 0.1624
vn -0.9864 -0.0074 0.1644
vn -0.9843 0.0028 0.1762
vn -0.9800 0.1244 0.1551
vn -0.9797 0.1227 0.1587
vn -0.9915 -0.0279 0.1270
vn -0.9867 -0.0312 0.1593
vn -0.4420 -0.8925 0.0899
vn -0.9518 -0.1482 0.2686
vn -0.9445 -0.1549 0.2896
vn -0.7320 -0.6813 -0.0070
vn -0.9720 0.1030 0.2111
vn -0.9803 -0.0128 0.1970
vn -0.4911 0.2553 0.8328
vn -0.8697 -0.4936 0.0048
vn -0.8250 -0.5648 0.0199
vn -0.7376 -0.6255 0.2544
vn -0.7667 -0.2071 0.6077
vn -0.9313 -0.3628 0.0336
vn -0.9438 -0.3113 0.1110
vn -0.9951 0.0346 0.0924
vn -0.9675 -0.0889 0.2366
vn -0.9933 -0.0901 0.0730
vn -0.7768 -0.6297 0.0037
vn 0.1664 -0.9860 -0.0133
vn -0.9700 0.2285 0.0834
vn -0.9763 0.2040 0.0721
vn -0.8340 -0.5505 -0.0374
vn -0.8267 -0.5625 0.0114
vn -0.8475 -0.1006 0.5211
vn -0.6936 0.0874 -0.7151
vn -0.9334 -0.3391 0.1174
vn -0.9067 -0.4183 -0.0539
vn -0.9578 -0.2741 0.0862
vn -0.9582 -0.2325 0.1667
vn -0.9898 0.0028 0.1427
vn -0.9770 -0.0105 0.2132
vn -0.9607 0.1219 0.2495
vn -0.9362 0.1153 0.3321
vn -0.9357 -0.1372 0.3250
vn -0.9384 -0.1029 0.3298
vn -0.4576 -0.8887 0.0305
vn -0.9958 -0.0787 0.0474
vn -0.9722 0.0256 0.2328
vn -0.9900 -0.0485 0.1326
vn -0.4575 -0.8887 -0.0299
vn -0.9950 0.0956 -0.0283
vn -0.6717 -0.7395 -0.0435
vn -0.7908 -0.6121 0.0028
vn -0.9688 0.2461 -0.0282
vn -0.8313 -0.5555 0.0220
vn -0.9059 -0.4230 0.0207
vn -0.9590 -0.2800 0.0447
vn -0.4418 -0.8927 -0.0892
vn -0.4418 -0.8927 -0.0893
vn -0.1439 -0.9895 -0.0160
vn -0.0210 -0.9974 -0.0684
vn 0.3164 -0.9370 0.1480
vn 0.4585 -0.8821 0.1080
vn 0.4303 -0.8918 0.1399
vn 0.9840 -0.1779 -0.0104
vn 0.9991 0.0189 0.0375
vn 0.9983 0.0174 0.0551
vn 0.4591 -0.8754 0.1513
vn 0.9948 0.0850 0.0555
vn 0.6331 -0.7739 -0.0156
vn 0.6828 -0.7297 -0.0373
vn 0.9473 0.3127 -0.0695
vn 0.7834 -0.6214 -0.0142
vn 0.8599 -0.5054 -0.0723
vn 0.9735 -0.2284 -0.0093
vn 0.9434 0.3129 0.1102
vn 0.9832 0.0691 0.1690
vn 0.7837 -0.6211 0.0057
vn 0.7420 -0.6185 0.2586
vn 0.8678 -0.4799 0.1292
vn 0.9487 -0.3155 -0.0184
vn 0.7810 -0.4570 0.4256
vn 0.9590 -0.2769 0.0596
vn 0.9262 -0.3169 0.2044
vn 0.9784 -0.2044 0.0298
vn 0.9679 -0.2355 0.0881
vn 0.9930 0.0507 0.1064
vn 0.9937 0.0397 0.1047
vn 0.9896 0.0947 0.1086
vn 0.9850 0.1227 0.1211
vn 0.4743 -0.8751 -0.0961
vn 0.9808 0.0396 0.1907
vn 0.9859 0.0416 0.1623
vn 0.7092 -0.7050 0.0015
vn 0.9860 0.0524 0.1582
vn 0.9897 0.0567 0.1312
vn 0.9584 0.1623 0.2346
vn 0.9776 0.1651 0.1305
vn 0.4565 -0.8859 -0.0823
vn 0.9701 0.0658 0.2334
vn 0.9753 0.0599 0.2127
vn 0.7172 -0.6948 -0.0538
vn 0.9611 0.0865 0.2621
vn 0.9666 0.0776 0.2443
vn 0.5006 0.1911 0.8443
vn 0.9080 -0.1075 0.4049
vn 0.8048 -0.5893 0.0712
vn 0.7554 -0.6551 0.0138
vn 0.8983 -0.4355 0.0591
vn 0.8698 -0.4196 0.2597
vn 0.9490 -0.3071 0.0712
vn 0.9422 -0.3011 0.1473
vn 0.9712 -0.2228 0.0846
vn 0.9692 -0.2196 0.1113
vn 0.8640 -0.4620 0.2002
vn 0.8349 -0.4777 0.2732
vn 0.9190 -0.3607 0.1591
vn 0.8998 -0.3707 0.2302
vn 0.9540 -0.2432 0.1754
vn 0.9555 -0.2424 0.1684
vn 0.9345 0.1568 0.3196
vn 0.9428 0.1632 0.2905
vn 0.9361 0.1524 0.3169
vn 0.9467 0.1533 0.2832
vn 0.4159 -0.9088 -0.0329
vn 0.9444 0.0682 0.3217
vn 0.9540 0.0637 0.2929
vn 0.6526 -0.7428 0.1496
vn 0.9416 0.1434 0.3046
vn 0.9471 0.1450 0.2863
vn 0.6617 -0.6404 0.3899
vn 0.7135 -0.6849 0.1481
vn 0.8242 -0.5344 0.1871
vn 0.8722 0.1591 0.4625
vn 0.8782 0.1590 0.4512
vn 0.4020 -0.9129 0.0704
vn 0.8792 0.0912 0.4676
vn 0.8858 0.0866 0.4560
vn 0.5472 -0.7816 0.2995
vn 0.8664 0.1462 0.4775
vn 0.8710 0.1525 0.4670
vn 0.6756 -0.6371 0.3710
vn 0.6756 -0.6371 0.3711
vn 0.7580 -0.4986 0.4206
vn 0.8004 -0.3771 0.4660
vn 0.8324 -0.2386 0.5002
vn 0.8335 -0.2384 0.4984
vn 0.8864 0.0881 0.4544
vn 0.8912 0.0915 0.4444
vn 0.6591 -0.5209 0.5424
vn 0.7075 -0.3863 0.5918
vn 0.7421 -0.2431 0.6246
vn 0.8103 0.0278 0.5854
vn 0.8131 0.0289 0.5814
vn 0.7967 0.1656 0.5812
vn 0.7996 0.1659 0.5771
vn 0.3716 -0.9151 0.1568
vn 0.8066 0.0864 0.5848
vn 0.8066 0.0848 0.5850
vn 0.4616 -0.8035 0.3761
vn 0.8146 0.3432 0.4676
vn 0.8124 0.1303 0.5683
vn 0.8146 0.3433 0.4676
vn 0.8126 0.1293 0.5684
vn 0.5800 -0.6636 0.4726
vn 0.5795 -0.6633 0.4735
vn 0.5800 -0.6635 0.4726
vn 0.5795 -0.6633 0.4734
vn -0.5781 0.6627 -0.4761
vn 0.7042 0.1632 0.6910
vn 0.7054 0.1635 0.6897
vn 0.2697 -0.9292 0.2528
vn 0.7109 0.1693 0.6826
vn 0.7126 0.1688 0.6810
vn 0.3531 -0.8250 0.4412
vn 0.5736 0.3946 0.7178
vn 0.4510 -0.6912 0.5646
vn 0.4506 -0.6911 0.5652
vn 0.4511 -0.6912 0.5646
vn 0.4505 -0.6911 0.5652
vn -0.4490 0.6906 -0.5669
vn 0.5204 -0.5468 0.6559
vn 0.5658 -0.4032 0.7193
vn 0.5956 -0.2526 0.7625
vn 0.7102 -0.0630 0.7011
vn 0.7115 -0.0629 0.6998
vn 0.3674 -0.4186 0.8305
vn 0.3822 -0.2579 0.8873
vn 0.3987 -0.0796 0.9136
vn 0.5086 0.0931 0.8560
vn 0.5092 0.0931 0.8556
vn 0.1421 -0.9401 0.3098
vn 0.4976 0.2470 0.8315
vn 0.4982 0.2470 0.8311
vn 0.2226 -0.8428 0.4901
vn 0.3762 0.4146 0.8286
vn 0.2882 -0.7151 0.6368
vn 0.2882 -0.7151 0.6369
vn 0.3371 -0.5704 0.7490
vn 0.0480 -0.9447 0.3245
vn 0.1392 0.2602 0.9555
vn 0.0763 -0.8528 0.5166
vn 0.1321 0.4267 0.8947
vn 0.1323 0.4267 0.8946
vn 0.0997 -0.7290 0.6772
vn 0.1171 -0.5842 0.8031
vn 0.1271 -0.4269 0.8953
vn 0.1313 -0.2605 0.9565
vn 0.1382 -0.0857 0.9867
vn 0.1434 0.0900 0.9856
vn 0.2340 -0.6807 -0.6941
vn 0.4838 -0.3204 -0.8144
vn 0.5819 -0.5044 -0.6380
vn 0.5819 0.5045 -0.6379
vn 0.2192 0.9621 -0.1619
vn 0.8964 0.1032 -0.4311
vn 0.8962 -0.1030 -0.4315
vn 0.9598 -0.1019 -0.2617
vn 0.4588 0.8876 -0.0407
vn 0.6207 0.7821 -0.0550
vn 0.7608 -0.6455 -0.0674
vn 0.4588 0.8876 0.0407
vn 0.6207 0.7821 0.0550
vn 0.9597 -0.1016 0.2620
vn 0.9127 -0.3672 0.1791
vn 0.8964 0.1030 0.4311
vn 0.9011 -0.1195 0.4167
vn 0.8255 -0.3070 0.4736
vn 0.7985 0.1217 0.5896
vn 0.7911 -0.0992 0.6035
vn 0.2192 0.9621 0.1619
vn 0.7671 -0.3147 0.5590
vn 0.6700 -0.1070 0.7346
vn 0.6350 -0.3151 0.7054
vn 0.4838 -0.3203 0.8144
vn 0.0827 -0.9659 0.2452
vn -0.5819 0.5044 0.6379
vn -0.2192 0.9621 0.1619
vn -0.4588 0.8876 0.0407
vn -0.6207 0.7821 0.0550
vn -0.4588 0.8876 -0.0407
vn -0.6982 -0.4968 -0.5156
vn -0.6982 0.4967 -0.5156
vn -0.0827 -0.9659 -0.2452
vn -0.2340 -0.6808 -0.6941
vn 0.1456 -0.9273 -0.3449
vn 0.1455 0.9273 -0.3449
vn 0.3072 0.8252 -0.4741
vn 0.3795 0.8368 -0.3946
vn 0.8251 -0.0839 -0.5586
vn 0.5033 0.8618 -0.0628
vn 0.4811 -0.8569 0.1849
vn 0.8251 -0.0839 0.5586
vn 0.3796 -0.8368 0.3945
vn 0.3939 0.6893 0.6080
vn 0.3072 0.8252 0.4741
vn 0.0892 0.9236 0.3728
vn 0.0582 0.6598 0.7492
vn -0.0892 0.9236 0.3728
vn -0.3796 -0.8368 0.3946
vn -0.6911 -0.0802 0.7183
vn -0.3796 0.8368 0.3945
vn -0.8251 -0.0839 0.5586
vn -0.5033 0.8618 0.0628
vn -0.6652 0.7420 0.0830
vn -0.5033 0.8618 -0.0628
vn -0.4811 -0.8569 -0.1849
vn -0.8251 -0.0839 -0.5586
vn -0.3796 -0.8368 -0.3946
vn -0.1455 -0.9273 -0.3449
vn -0.0723 -0.3594 -0.9304
vn 0.0623 -0.7715 -0.6332
vn 0.0975 0.0976 -0.9904
vn 0.0975 -0.0975 -0.9904
vn 0.0285 0.9566 -0.2902
vn 0.2563 -0.4696 -0.8448
vn 0.2563 0.4696 -0.8449
vn 0.0846 -0.9566 -0.2790
vn 0.0847 0.9565 -0.2790
vn 0.1374 -0.9566 -0.2571
vn 0.4691 0.0976 -0.8777
vn 0.4692 -0.0976 -0.8777
vn 0.2231 0.8810 -0.4173
vn 0.3651 0.6326 -0.6831
vn 0.3001 -0.8810 -0.3658
vn 0.1850 -0.9566 -0.2254
vn 0.1851 0.9565 -0.2254
vn 0.2254 0.9565 -0.1850
vn 0.6831 -0.6326 -0.3651
vn 0.6831 0.6326 -0.3651
vn 0.2572 -0.9565 -0.1374
vn 0.8777 0.0976 -0.4692
vn 0.9524 0.0976 -0.2889
vn 0.9524 -0.0975 -0.2889
vn 0.7411 -0.6326 -0.2248
vn 0.7411 0.6326 -0.2248
vn 0.8449 0.4696 -0.2563
vn 0.9904 -0.0975 -0.0975
vn 0.2902 0.9566 -0.0286
vn 0.9904 -0.0975 0.0975
vn 0.2902 0.9566 0.0286
vn 0.2902 -0.9565 0.0286
vn 0.9524 0.0976 0.2889
vn 0.9524 -0.0975 0.2889
vn 0.2790 0.9566 0.0846
vn 0.8449 -0.4696 0.2563
vn 0.7412 -0.6326 0.2248
vn 0.2571 0.9565 0.1374
vn 0.6831 -0.6326 0.3651
vn 0.4173 -0.8810 0.2230
vn 0.2571 -0.9566 0.1374
vn 0.8777 0.0976 0.4692
vn 0.1850 -0.9566 0.2254
vn 0.1374 0.9565 0.2571
vn 0.2230 0.8810 0.4173
vn 0.3651 -0.6326 0.6831
vn 0.3651 0.6326 0.6830
vn 0.2230 -0.8810 0.4173
vn 0.2563 0.4696 0.8448
vn 0.0847 -0.9565 0.2790
vn 0.2889 0.0976 0.9524
vn 0.2889 -0.0975 0.9524
vn 0.0846 0.9566 0.2790
vn 0.0285 0.9565 0.2902
vn 0.0464 0.8810 0.4709
vn 0.0624 0.7715 0.6332
vn 0.0975 0.0975 0.9904
vn 0.0975 -0.0976 0.9904
vn -0.0975 0.0975 0.9904
vn -0.0976 -0.0975 0.9904
vn -0.0285 0.9566 0.2902
vn -0.0464 0.8810 0.4709
vn -0.0624 0.7715 0.6332
vn -0.0623 -0.7715 0.6332
vn -0.2563 -0.4696 0.8449
vn -0.0846 -0.9565 0.2790
vn -0.2889 0.0975 0.9524
vn -0.2889 -0.0976 0.9524
vn -0.0846 0.9566 0.2790
vn -0.1374 -0.9566 0.2571
vn -0.4691 0.0975 0.8777
vn -0.1374 0.9566 0.2571
vn -0.3651 -0.6326 0.6831
vn -0.3651 0.6326 0.6830
vn -0.4914 -0.6326 0.5987
vn -0.3001 -0.8810 0.3658
vn -0.1850 -0.9566 0.2254
vn -0.1849 0.9566 0.2254
vn -0.7693 0.0976 0.6314
vn -0.5987 0.6326 0.4913
vn -0.6831 -0.6326 0.3651
vn -0.4173 -0.8810 0.2231
vn -0.2571 -0.9566 0.1374
vn -0.8777 0.0975 0.4692
vn -0.8777 -0.0975 0.4691
vn -0.2571 0.9565 0.1374
vn -0.4173 0.8810 0.2230
vn -0.2790 0.9566 0.0846
vn -0.8449 0.4696 0.2563
vn -0.2902 0.9566 0.0286
vn -0.9904 -0.0975 -0.0975
vn -0.2901 0.9566 -0.0286
vn -0.9904 0.0975 -0.0976
vn -0.8449 0.4696 -0.2563
vn -0.8449 -0.4696 -0.2563
vn -0.8777 -0.0975 -0.4691
vn -0.2571 0.9566 -0.1374
vn -0.6830 -0.6326 -0.3651
vn -0.6831 0.6326 -0.3651
vn -0.4173 -0.8810 -0.2231
vn -0.2572 -0.9565 -0.1374
vn -0.8777 0.0975 -0.4692
vn -0.2254 -0.9566 -0.1850
vn -0.3002 -0.8810 -0.3658
vn -0.1850 -0.9565 -0.2254
vn -0.1849 0.9566 -0.2254
vn -0.1374 -0.9566 -0.2571
vn -0.4691 0.0976 -0.8777
vn -0.4692 -0.0975 -0.8777
vn -0.1374 0.9566 -0.2571
vn -0.1374 0.8810 -0.4528
vn -0.2563 -0.4696 -0.8448
vn -0.0847 -0.9565 -0.2790
vn -0.2889 0.0976 -0.9524
vn -0.2889 -0.0975 -0.9524
vn -0.0286 -0.9565 -0.2902
vn 0.2577 -0.0133 -0.9661
vn -0.4423 -0.6077 -0.6596
vn 0.7616 0.2300 -0.6058
vn 0.6666 0.0212 -0.7451
vn 0.4872 -0.5405 -0.6859
vn 0.8532 0.0618 -0.5179
vn 0.3427 -0.6580 -0.6706
vn 0.6465 -0.3637 -0.6706
vn 0.8281 -0.2882 -0.4809
vn 0.3441 -0.8684 -0.3571
vn 0.4952 -0.8309 -0.2536
vn 0.9488 -0.2254 -0.2215
vn 0.2331 -0.9636 -0.1307
vn 0.5332 -0.8446 -0.0485
vn 0.5331 -0.8446 0.0485
vn 0.2331 -0.9636 0.1307
vn 0.9488 -0.2254 0.2215
vn 0.4952 -0.8309 0.2536
vn 0.6465 -0.3637 0.6706
vn 0.4872 -0.5406 0.6859
vn 0.8532 0.0618 0.5178
vn 0.3427 -0.6580 0.6706
vn 0.7616 0.2301 0.6058
vn 0.1744 -0.5276 0.8314
vn -0.0427 -0.6656 0.7451
vn -0.2545 -0.7539 0.6058
vn -0.1474 -0.3900 0.9090
vn 0.2577 -0.0133 0.9661
vn -0.4423 -0.6077 0.6596
vn 0.6217 0.4225 0.6596
vn 0.4940 0.2520 0.8321
vn 0.2678 0.4856 0.8321
vn 0.1474 0.3899 0.9090
vn -0.6216 -0.4225 0.6596
vn 0.4424 0.6077 0.6596
vn -0.6666 -0.0213 0.7451
vn -0.7617 -0.2300 0.6058
vn 0.2545 0.7538 0.6058
vn -0.1361 0.7764 0.6153
vn -0.7717 0.1610 0.6153
vn -0.8532 -0.0618 0.5178
vn -0.4872 0.5406 0.6859
vn -0.3774 0.7769 0.5041
vn -0.8281 0.2881 0.4809
vn -0.4503 0.8122 0.3710
vn -0.7972 0.4763 0.3710
vn -0.3440 0.8684 0.3571
vn -0.9488 0.2254 0.2215
vn -0.3967 0.8845 0.2456
vn -0.4952 0.8309 0.2536
vn -0.8145 0.5218 0.2537
vn -0.5969 0.7594 0.2589
vn -0.7835 0.6031 0.1496
vn -0.9556 0.2641 0.1306
vn -0.2514 0.9669 0.0432
vn -0.5331 0.8446 0.0485
vn -0.5332 0.8446 -0.0485
vn -0.7835 0.6031 -0.1496
vn -0.9556 0.2641 -0.1306
vn -0.5968 0.7594 -0.2589
vn -0.9488 0.2254 -0.2215
vn -0.3967 0.8845 -0.2456
vn -0.4952 0.8309 -0.2536
vn -0.4503 0.8122 -0.3710
vn -0.7972 0.4763 -0.3710
vn -0.0394 0.9079 -0.4174
vn -0.6758 0.5230 -0.5195
vn -0.3774 0.7769 -0.5041
vn -0.1360 0.7764 -0.6153
vn -0.3427 0.6579 -0.6706
vn -0.7717 0.1611 -0.6153
vn -0.8532 -0.0618 -0.5179
vn 0.0893 0.8508 -0.5179
vn -0.6666 -0.0212 -0.7451
vn 0.2545 0.7538 -0.6058
vn 0.0427 0.6656 -0.7451
vn 0.1474 0.3900 -0.9090
vn 0.0614 0.3168 -0.9465
vn -0.0050 0.2580 -0.9661
vn -0.0602 0.2072 -0.9764
vn 0.4424 0.6077 -0.6596
vn -0.4190 0.6531 -0.6308
vn -0.1382 -0.0871 -0.9866
vn -0.1330 -0.6301 -0.7650
vn -0.4613 -0.0695 -0.8845
vn -0.5882 0.5150 -0.6235
vn 0.0958 -0.8415 -0.5317
vn -0.0429 -0.7274 -0.6849
vn -0.7337 0.3664 -0.5723
vn -0.3956 -0.6062 -0.6899
vn -0.6698 -0.4574 -0.5850
vn -0.8427 0.2279 -0.4877
vn -0.1234 -0.9221 -0.3667
vn -0.9159 0.1142 -0.3848
vn -0.7261 -0.5327 -0.4347
vn -0.4517 -0.8117 -0.3704
vn -0.6334 -0.7208 -0.2817
vn -0.9609 0.0306 -0.2750
vn -0.2411 -0.9499 -0.1988
vn -0.8631 -0.4724 -0.1786
vn -0.6206 -0.7674 -0.1613
vn -0.9265 -0.3313 -0.1783
vn -0.8222 -0.5663 -0.0582
vn -0.8631 -0.4724 0.1786
vn -0.9265 -0.3313 0.1783
vn -0.2410 -0.9499 0.1988
vn -0.9609 0.0306 0.2750
vn -0.7261 -0.5327 0.4347
vn -0.6343 -0.5129 0.5785
vn -0.6698 -0.4574 0.5850
vn -0.1234 -0.9221 0.3667
vn -0.7125 0.0524 0.6997
vn -0.7337 0.3664 0.5723
vn -0.1330 -0.6301 0.7651
vn -0.5882 0.5150 0.6235
vn 0.0959 -0.8415 0.5317
vn -0.0429 -0.7274 0.6849
vn -0.4190 0.6531 0.6308
vn -0.1427 0.6088 0.7804
vn -0.2483 0.7636 0.5961
vn 0.3550 -0.4407 0.8245
vn 0.5882 -0.5151 0.6235
vn 0.4612 0.0695 0.8845
vn 0.1330 0.6301 0.7651
vn 0.1856 0.8012 0.5689
vn 0.5386 0.4041 0.7394
vn 0.7337 -0.3663 0.5723
vn 0.3957 0.6062 0.6899
vn 0.8427 -0.2280 0.4877
vn 0.7590 0.2782 0.5886
vn 0.6698 0.4574 0.5849
vn 0.6012 0.5590 0.5709
vn 0.4516 0.8117 0.3704
vn 0.7261 0.5327 0.4347
vn 0.5586 0.7264 0.4003
vn 0.9609 -0.0306 0.2750
vn 0.6334 0.7208 0.2817
vn 0.2411 0.9499 0.1988
vn 0.9265 0.3313 0.1783
vn 0.2856 0.9575 0.0392
vn 0.2856 0.9575 -0.0392
vn 0.9265 0.3313 -0.1783
vn 0.5784 0.8005 -0.1570
vn 0.7439 0.6456 -0.1723
vn 0.2411 0.9499 -0.1988
vn 0.9609 -0.0306 -0.2750
vn 0.5543 0.7881 -0.2678
vn 0.4953 0.8300 -0.2564
vn 0.7261 0.5327 -0.4347
vn 0.9159 -0.1142 -0.3848
vn 0.7590 0.2782 -0.5886
vn 0.2815 0.7241 -0.6297
vn 0.5386 0.4040 -0.7394
vn 0.7337 -0.3663 -0.5723
vn 0.7125 -0.0524 -0.6997
vn 0.3957 0.6062 -0.6899
vn 0.1330 0.6301 -0.7651
vn -0.0959 0.8415 -0.5317
vn -0.2483 0.7636 -0.5961
vn 0.2903 0.6281 -0.7219
vn 0.5560 0.2745 -0.7846
vn 0.5755 0.0918 -0.8126
vn 0.2862 0.8690 -0.4038
vn 0.3798 0.8566 -0.3491
vn 0.6652 -0.4288 -0.6113
vn 0.4947 0.7316 -0.4691
vn 0.6652 0.4288 -0.6113
vn 0.7109 0.2601 -0.6534
vn 0.6047 -0.7128 -0.3554
vn 0.5358 -0.8194 -0.2035
vn 0.4941 -0.8694 0.0068
vn 0.8239 -0.2474 -0.5100
vn 0.4558 0.8442 -0.2822
vn 0.7383 -0.4184 -0.5290
vn 0.5957 0.7157 -0.3646
vn 0.6752 -0.5748 -0.4624
vn 0.6708 -0.7221 -0.1690
vn 0.4707 -0.8555 -0.2158
vn 0.1912 -0.9300 -0.3138
vn 0.3535 0.9319 -0.0809
vn 0.7990 -0.5728 -0.1828
vn 0.9228 0.3792 -0.0686
vn 0.9228 0.3792 0.0686
vn 0.7383 -0.4184 0.5290
vn 0.6752 -0.5748 0.4624
vn 0.8239 -0.2474 0.5100
vn 0.6652 0.4288 0.6113
vn 0.2861 0.8690 0.4038
vn 0.1238 0.2931 0.9480
vn -0.5561 -0.2738 0.7847
vn -0.2862 0.8690 0.4038
vn -0.4517 -0.4568 0.7664
vn -0.4175 -0.6166 0.6674
vn -0.5140 -0.7310 0.4488
vn -0.6652 0.4288 0.6113
vn -0.4795 -0.8309 0.2823
vn -0.4057 -0.9136 -0.0273
vn -0.5806 -0.6150 0.5336
vn -0.6241 -0.7337 0.2687
vn -0.4109 -0.8662 0.2844
vn -0.1069 -0.9351 0.3378
vn -0.7521 -0.5851 0.3032
vn -0.9487 0.2301 0.2170
vn -0.3535 0.9319 0.0809
vn -0.8440 0.5326 0.0627
vn -0.9228 0.3792 0.0686
vn -0.8272 -0.5586 -0.0615
vn -0.9228 0.3792 -0.0686
vn -0.9487 0.2301 -0.2171
vn -0.3535 0.9319 -0.0809
vn -0.5561 -0.2738 -0.7847
vn -0.2862 0.8690 -0.4038
vn -0.4517 -0.4568 -0.7664
vn -0.4175 -0.6166 -0.6674
vn -0.3576 0.2859 -0.8891
vn -0.3576 -0.2859 -0.8890
vn -0.1289 -0.0991 -0.9867
vn -0.1238 0.2931 -0.9480
vn -0.1288 0.0991 -0.9867
vn 0.0591 0.7568 -0.6510
vn 0.1755 0.7586 -0.6274
vn 0.4192 -0.3186 -0.8502
vn 0.4765 0.6137 -0.6295
vn 0.4765 -0.6137 -0.6295
vn 0.3876 0.7665 -0.5121
vn 0.3623 -0.9081 -0.2100
vn 0.3624 0.9081 -0.2100
vn 0.6752 0.6254 -0.3912
vn 0.4102 -0.9109 -0.0438
vn 0.5457 -0.7761 0.3162
vn 0.3623 -0.9081 0.2100
vn 0.3624 0.9081 0.2100
vn 0.3168 -0.9057 0.2818
vn 0.3168 0.9057 0.2818
vn 0.4765 0.6137 0.6295
vn 0.4765 -0.6137 0.6295
vn 0.1755 0.7586 0.6274
vn -0.0591 0.7568 0.6510
vn -0.1755 0.7586 0.6274
vn -0.3876 0.7665 0.5121
vn -0.4766 0.6137 0.6295
vn -0.4765 -0.6137 0.6295
vn -0.3624 0.9081 0.2100
vn -0.8162 -0.3317 0.4730
vn -0.8163 0.3317 0.4730
vn -0.7703 0.6323 0.0822
vn -0.7703 -0.6323 0.0823
vn -0.7703 0.6323 -0.0822
vn -0.7703 -0.6323 -0.0823
vn -0.3623 -0.9081 -0.2100
vn -0.3624 0.9081 -0.2100
vn -0.8162 -0.3317 -0.4730
vn -0.8163 0.3317 -0.4730
vn -0.3168 -0.9057 -0.2818
vn -0.3168 0.9057 -0.2818
vn -0.4766 0.6137 -0.6295
vn -0.4765 -0.6137 -0.6295
vn -0.1181 -0.8989 -0.4219
vn 0.2166 0.6426 -0.7350
vn 0.1734 -0.7898 -0.5883
vn 0.4323 0.3465 -0.8325
vn 0.6100 0.2062 -0.7651
vn 0.2495 -0.9164 -0.3130
vn 0.2495 0.9164 -0.3129
vn 0.6100 -0.2062 -0.7651
vn 0.3042 -0.9173 -0.2571
vn 0.5817 0.6482 -0.4914
vn 0.5817 -0.6482 0.4914
vn 0.3042 -0.9173 0.2571
vn 0.5817 0.6482 0.4915
vn 0.2494 0.9164 0.3129
vn 0.6100 -0.2062 0.7651
vn 0.3801 0.7925 0.4769
vn 0.4771 0.6436 0.5985
vn 0.5378 0.4972 0.6808
vn 0.6099 0.2062 0.7652
vn 0.2495 -0.9164 0.3130
vn 0.4033 0.4932 0.7708
vn 0.4322 0.3465 0.8325
vn 0.4323 -0.3465 0.8325
vn 0.3525 0.6441 0.6789
vn -0.0384 -0.9148 0.4022
vn -0.1734 -0.7898 0.5883
vn -0.4323 0.3465 0.8325
vn -0.6099 0.2062 0.7652
vn -0.2494 0.9164 0.3130
vn -0.6100 -0.2062 0.7651
vn -0.5817 0.6482 0.4915
vn -0.3042 -0.9173 0.2571
vn -0.3043 0.9172 -0.2571
vn -0.3043 -0.9172 -0.2571
vn -0.6219 0.0682 -0.7801
vn -0.6219 -0.0683 -0.7801
vn -0.2494 0.9164 -0.3130
vn -0.6100 -0.2062 -0.7651
vn 0.3157 -0.9464 -0.0688
vn 0.6142 0.7849 -0.0818
vn 0.4506 0.8911 -0.0538
vn 0.2681 0.9631 -0.0234
vn -0.1233 0.9916 0.0392
vn -0.7529 -0.6495 0.1064
vn -0.4505 -0.8911 0.0537
vn -0.2126 0.0531 -0.9757
vn -0.2125 0.0532 -0.9757
vn -0.2681 -0.9631 0.0234
vn 0.2126 -0.0531 0.9757
vn 0.2125 -0.0532 0.9757
vn 0.2127 -0.0531 0.9757
vn 0.0779 -0.9963 0.0357
vn 0.4780 0.8770 0.0501
vn -0.0778 0.9963 -0.0357
vn -0.4469 0.8902 -0.0882
vn -0.9501 -0.2814 -0.1349
vn -0.4780 -0.8770 -0.0501
vn 0.2818 -0.0456 -0.9584
vn -0.2818 0.0456 0.9584
vn 0.5148 -0.4576 -0.7250
vn -0.5875 0.5221 -0.6182
vn 0.5148 -0.4576 0.7250
vn -0.2476 0.8422 0.4790
vn -0.0000 -0.0000 -1.0000
vn -0.3086 -0.6968 -0.6475
vn 0.5842 0.5222 0.6213
vn 0.2501 0.8422 -0.4777
vn -0.0052 -0.0000 1.0000
vt 0.748894 0.750000
vt 0.748894 0.500000
vt 0.625000 1.000000
vt 0.584228 0.922012
vt 0.584193 0.920046
vt 0.625000 0.000000
vt 0.375000 0.250000
vt 0.375000 0.000000
vt 0.329471 0.646386
vt 0.329465 0.646381
vt 0.375000 0.500000
vt 0.375000 0.750000
vt 0.625000 0.500000
vt 0.625000 0.750000
vt 0.375000 0.376106
vt 0.625000 0.376106
vt 0.625000 0.250000
vt 0.187202 0.630104
vt 0.170134 0.646386
vt 0.125000 0.500000
vt 0.584103 0.828719
vt 0.584131 0.826800
vt 0.875000 0.500000
vt 0.875000 0.750000
vt 0.625000 0.873894
vt 0.375000 1.000000
vt 0.494339 0.993385
vt 0.600083 0.960008
vt 0.533082 0.763950
vt 0.375013 0.763950
vt 0.249803 0.603168
vt 0.227822 0.606405
vt 0.750197 0.669495
vt 0.736871 0.671457
vt 0.750000 0.437500
vt 0.718750 0.500000
vt 0.750000 0.500000
vt 0.750000 0.937500
vt 0.718750 0.875000
vt 0.718750 0.937500
vt 0.750000 0.375000
vt 0.718750 0.437500
vt 0.750000 0.875000
vt 0.718750 0.812500
vt 0.718750 0.375000
vt 0.750000 0.374977
vt 0.718750 0.374977
vt 0.748147 0.374977
vt 0.718750 0.750000
vt 0.750000 0.812500
vt 0.750000 0.750000
vt 0.750000 0.810632
vt 0.718750 0.810632
vt 0.718750 0.687500
vt 0.718750 0.625000
vt 0.750000 0.687500
vt 0.750000 0.625000
vt 0.718750 0.562500
vt 0.750000 0.562500
vt 0.734375 1.000000
vt 0.687500 0.500000
vt 0.703125 1.000000
vt 0.687500 0.937500
vt 0.687500 0.875000
vt 0.687500 0.437500
vt 0.687500 0.812500
vt 0.687500 0.375000
vt 0.687500 0.750000
vt 0.687500 0.687500
vt 0.687500 0.625000
vt 0.687500 0.562500
vt 0.656250 0.687500
vt 0.656250 0.750000
vt 0.656250 0.625000
vt 0.656250 0.562500
vt 0.656250 0.500000
vt 0.671875 1.000000
vt 0.656250 0.937500
vt 0.656250 0.875000
vt 0.656250 0.437500
vt 0.656250 0.812500
vt 0.656250 0.375000
vt 0.687500 0.374977
vt 0.656250 0.374977
vt 0.687500 0.810632
vt 0.656250 0.810632
vt 0.640625 1.000000
vt 0.625000 0.937500
vt 0.625000 0.437500
vt 0.625000 0.875000
vt 0.625000 0.375000
vt 0.625000 0.812500
vt 0.625010 0.374977
vt 0.625000 0.810632
vt 0.625000 0.687500
vt 0.625000 0.625000
vt 0.625000 0.562500
vt 0.593750 0.687500
vt 0.593750 0.750000
vt 0.593750 0.625000
vt 0.593750 0.562500
vt 0.593750 0.500000
vt 0.609375 1.000000
vt 0.593750 0.937500
vt 0.593750 0.875000
vt 0.593750 0.437500
vt 0.593750 0.812500
vt 0.593750 0.375000
vt 0.625000 0.374977
vt 0.593750 0.374977
vt 0.562500 0.500000
vt 0.562500 0.437500
vt 0.562500 0.875000
vt 0.562500 0.937500
vt 0.562500 0.375000
vt 0.562500 0.812500
vt 0.562500 0.374977
vt 0.562500 0.750000
vt 0.593750 0.810632
vt 0.562500 0.687500
vt 0.562500 0.625000
vt 0.562500 0.562500
vt 0.578125 1.000000
vt 0.531250 0.625000
vt 0.531250 0.562500
vt 0.531250 0.500000
vt 0.546875 1.000000
vt 0.531250 0.937500
vt 0.531250 0.437500
vt 0.531250 0.875000
vt 0.531250 0.375000
vt 0.531250 0.812500
vt 0.531250 0.374977
vt 0.531250 0.790910
vt 0.531250 0.750000
vt 0.531250 0.687500
vt 0.500000 0.437500
vt 0.520563 0.375000
vt 0.519370 0.437500
vt 0.500000 0.812500
vt 0.500000 0.875000
vt 0.500000 0.375000
vt 0.520563 0.374977
vt 0.526866 0.750000
vt 0.500000 0.687500
vt 0.500000 0.625000
vt 0.520563 0.625000
vt 0.522848 0.687500
vt 0.500000 0.562500
vt 0.500000 0.500000
vt 0.519370 0.562500
vt 0.515625 1.000000
vt 0.500000 0.937500
vt 0.486538 0.625000
vt 0.487319 0.562500
vt 0.484375 1.000000
vt 0.468750 0.937500
vt 0.487563 0.500000
vt 0.468750 0.875000
vt 0.487319 0.437500
vt 0.477613 0.812500
vt 0.468750 0.869464
vt 0.500000 0.374977
vt 0.486538 0.375000
vt 0.482411 0.750000
vt 0.485042 0.687500
vt 0.500000 0.750000
vt 0.467450 0.875000
vt 0.453125 1.000000
vt 0.437500 0.937500
vt 0.410682 0.955227
vt 0.434732 0.937500
vt 0.437500 0.934899
vt 0.390625 1.000000
vt 0.401818 0.955227
vt 0.381830 0.964822
vt 0.359375 1.000000
vt 0.368170 0.964822
vt 0.351896 0.970083
vt 0.328125 1.000000
vt 0.335604 0.970083
vt 0.321394 0.973076
vt 0.296875 1.000000
vt 0.303606 0.973076
vt 0.290534 0.974638
vt 0.259406 0.975125
vt 0.271966 0.974638
vt 0.259800 0.975110
vt 0.234375 1.000000
vt 0.240594 0.975125
vt 0.228034 0.974638
vt 0.203125 1.000000
vt 0.209466 0.974638
vt 0.196394 0.973076
vt 0.171875 1.000000
vt 0.178606 0.973076
vt 0.164396 0.970083
vt 0.140625 1.000000
vt 0.148104 0.970083
vt 0.131830 0.964822
vt 0.109375 1.000000
vt 0.118170 0.964822
vt 0.098182 0.955227
vt 0.089318 0.955227
vt 0.062500 0.937500
vt 0.078125 1.000000
vt 0.065268 0.937500
vt 0.062500 0.934899
vt 0.031250 0.875000
vt 0.032550 0.875000
vt 0.031250 0.869464
vt 0.031250 0.937500
vt 0.046875 1.000000
vt 0.000000 0.625000
vt 0.012681 0.562500
vt 0.000000 0.562500
vt 0.012437 0.500000
vt 0.012681 0.562500
vt 0.000000 0.937500
vt 0.015625 1.000000
vt 0.000000 0.437500
vt 0.000000 0.500000
vt 0.000000 0.375000
vt 0.012681 0.437500
vt 0.013462 0.375000
vt 0.000000 0.812500
vt 0.000000 0.875000
vt 0.000000 0.374977
vt 0.000000 0.750000
vt 0.022387 0.812500
vt 0.017589 0.750000
vt 0.014958 0.687500
vt 0.000000 0.687500
vt 0.013462 0.625000
vt 1.000000 0.375000
vt 0.968750 0.374977
vt 0.968750 0.375000
vt 0.979437 0.375000
vt 0.979437 0.374977
vt 0.968750 0.750000
vt 0.968750 0.790910
vt 0.973134 0.750000
vt 0.968750 0.812500
vt 1.000000 0.812500
vt 0.968750 0.687500
vt 1.000000 0.750000
vt 0.977152 0.687500
vt 1.000000 0.625000
vt 1.000000 0.687500
vt 0.968750 0.625000
vt 0.979437 0.625000
vt 1.000000 0.562500
vt 0.968750 0.562500
vt 0.980630 0.562500
vt 1.000000 0.500000
vt 0.968750 0.500000
vt 0.981003 0.500000
vt 1.000000 0.937500
vt 0.968750 0.937500
vt 0.984375 1.000000
vt 0.968750 0.437500
vt 1.000000 0.437500
vt 0.980630 0.437500
vt 1.000000 0.875000
vt 0.968750 0.875000
vt 0.937500 0.562500
vt 0.953125 1.000000
vt 0.937500 0.937500
vt 0.937500 0.500000
vt 0.937500 0.437500
vt 0.937500 0.875000
vt 0.937500 0.375000
vt 0.937500 0.812500
vt 0.937500 0.374977
vt 0.937500 0.750000
vt 0.937500 0.810632
vt 0.937500 0.810632
vt 0.938629 0.810632
vt 0.937500 0.687500
vt 0.937500 0.625000
vt 0.906250 0.750000
vt 0.906250 0.687500
vt 0.906250 0.625000
vt 0.906250 0.562500
vt 0.921875 1.000000
vt 0.906250 0.937500
vt 0.906250 0.500000
vt 0.906250 0.875000
vt 0.906250 0.437500
vt 0.906250 0.375000
vt 0.906250 0.812500
vt 0.890625 1.000000
vt 0.875000 0.937500
vt 0.875000 0.500000
vt 0.875000 0.875000
vt 0.875000 0.375000
vt 0.875000 0.812500
vt 0.875000 0.374977
vt 0.875000 0.810632
vt 0.906250 0.810632
vt 0.875000 0.750000
vt 0.875000 0.687500
vt 0.875000 0.625000
vt 0.875000 0.562500
vt 0.843750 0.750000
vt 0.843750 0.687500
vt 0.843750 0.625000
vt 0.843750 0.562500
vt 0.859375 1.000000
vt 0.843750 0.937500
vt 0.875000 0.437500
vt 0.843750 0.500000
vt 0.843750 0.875000
vt 0.843750 0.437500
vt 0.843760 0.374977
vt 0.843750 0.374977
vt 0.843750 0.812500
vt 0.843750 0.810632
vt 0.812500 0.437500
vt 0.812500 0.937500
vt 0.812500 0.875000
vt 0.812500 0.375000
vt 0.843750 0.375000
vt 0.812500 0.812500
vt 0.812500 0.374977
vt 0.812500 0.810632
vt 0.812500 0.750000
vt 0.812500 0.687500
vt 0.812500 0.625000
vt 0.812500 0.562500
vt 0.828125 1.000000
vt 0.781250 0.687500
vt 0.781250 0.625000
vt 0.812500 0.500000
vt 0.781250 0.562500
vt 0.796875 1.000000
vt 0.781250 0.937500
vt 0.781250 0.500000
vt 0.781250 0.875000
vt 0.781250 0.375000
vt 0.781250 0.812500
vt 0.781250 0.374977
vt 0.781250 0.810632
vt 0.781250 0.750000
vt 0.781250 0.437500
vt 0.765625 1.000000
vt 0.750000 0.312500
vt 0.718750 0.312500
vt 0.750000 0.250000
vt 0.718750 0.250000
vt 0.750000 0.187500
vt 0.718750 0.187500
vt 0.750000 0.125000
vt 0.718750 0.125000
vt 0.750000 0.062500
vt 0.718750 0.062500
vt 0.734375 0.000000
vt 0.703125 0.000000
vt 0.687500 0.062500
vt 0.687500 0.312500
vt 0.687500 0.250000
vt 0.687500 0.187500
vt 0.687500 0.125000
vt 0.656250 0.312500
vt 0.656250 0.250000
vt 0.656250 0.187500
vt 0.656250 0.125000
vt 0.656250 0.062500
vt 0.671875 0.000000
vt 0.640625 0.000000
vt 0.625000 0.062500
vt 0.625000 0.312500
vt 0.625000 0.187500
vt 0.625000 0.125000
vt 0.593750 0.250000
vt 0.593750 0.187500
vt 0.593750 0.125000
vt 0.593750 0.062500
vt 0.609375 0.000000
vt 0.593750 0.312500
vt 0.562500 0.312500
vt 0.562500 0.250000
vt 0.562500 0.187500
vt 0.562500 0.125000
vt 0.562500 0.062500
vt 0.578125 0.000000
vt 0.531250 0.187500
vt 0.531250 0.125000
vt 0.531250 0.062500
vt 0.546875 0.000000
vt 0.531250 0.312500
vt 0.531250 0.250000
vt 0.500000 0.312500
vt 0.500000 0.250000
vt 0.500000 0.187500
vt 0.500000 0.125000
vt 0.500000 0.062500
vt 0.515625 0.000000
vt 0.468750 0.125000
vt 0.468750 0.625000
vt 0.468750 0.562500
vt 0.468750 0.062500
vt 0.468750 0.500000
vt 0.484375 0.000000
vt 0.468750 0.437500
vt 0.468750 0.375000
vt 0.468750 0.812500
vt 0.468750 0.312500
vt 0.468750 0.750000
vt 0.468750 0.250000
vt 0.468750 0.687500
vt 0.468750 0.187500
vt 0.437500 0.875000
vt 0.437500 0.812500
vt 0.437500 0.312500
vt 0.437500 0.750000
vt 0.437500 0.250000
vt 0.437500 0.687500
vt 0.437500 0.187500
vt 0.437500 0.625000
vt 0.437500 0.125000
vt 0.437500 0.562500
vt 0.437500 0.062500
vt 0.437500 0.500000
vt 0.453125 0.000000
vt 0.437500 0.437500
vt 0.437500 0.375000
vt 0.406250 0.625000
vt 0.406250 0.562500
vt 0.406250 0.062500
vt 0.406250 0.500000
vt 0.421875 1.000000
vt 0.406250 0.937500
vt 0.421875 0.000000
vt 0.406250 0.437500
vt 0.406250 0.875000
vt 0.406250 0.375000
vt 0.406250 0.812500
vt 0.406250 0.312500
vt 0.406250 0.750000
vt 0.406250 0.250000
vt 0.406250 0.687500
vt 0.406250 0.187500
vt 0.406250 0.125000
vt 0.375000 0.312500
vt 0.375000 0.812500
vt 0.375000 0.750000
vt 0.375000 0.687500
vt 0.375000 0.187500
vt 0.375000 0.625000
vt 0.375000 0.125000
vt 0.375000 0.562500
vt 0.375000 0.062500
vt 0.375000 0.500000
vt 0.375000 0.937500
vt 0.390625 0.000000
vt 0.375000 0.437500
vt 0.375000 0.875000
vt 0.375000 0.375000
vt 0.343750 0.062500
vt 0.343750 0.562500
vt 0.343750 0.500000
vt 0.343750 0.937500
vt 0.359375 0.000000
vt 0.343750 0.437500
vt 0.343750 0.875000
vt 0.343750 0.375000
vt 0.343750 0.812500
vt 0.343750 0.312500
vt 0.343750 0.750000
vt 0.343750 0.250000
vt 0.343750 0.687500
vt 0.343750 0.187500
vt 0.343750 0.625000
vt 0.343750 0.125000
vt 0.312500 0.250000
vt 0.312500 0.750000
vt 0.312500 0.687500
vt 0.312500 0.187500
vt 0.312500 0.625000
vt 0.312500 0.125000
vt 0.312500 0.562500
vt 0.312500 0.062500
vt 0.312500 0.500000
vt 0.312500 0.937500
vt 0.328125 0.000000
vt 0.312500 0.437500
vt 0.312500 0.875000
vt 0.312500 0.375000
vt 0.312500 0.812500
vt 0.312500 0.312500
vt 0.281250 0.937500
vt 0.296875 0.000000
vt 0.281250 0.062500
vt 0.281250 0.437500
vt 0.281250 0.875000
vt 0.281250 0.375000
vt 0.281250 0.812500
vt 0.281250 0.312500
vt 0.281250 0.750000
vt 0.281250 0.250000
vt 0.281250 0.687500
vt 0.281250 0.187500
vt 0.281250 0.625000
vt 0.281250 0.125000
vt 0.281250 0.562500
vt 0.281250 0.500000
vt 0.250000 0.750000
vt 0.250000 0.687500
vt 0.250000 0.187500
vt 0.250000 0.625000
vt 0.250000 0.125000
vt 0.250000 0.562500
vt 0.250000 0.062500
vt 0.250000 0.500000
vt 0.265625 1.000000
vt 0.250000 0.937500
vt 0.265625 0.000000
vt 0.250000 0.437500
vt 0.250000 0.875000
vt 0.250000 0.375000
vt 0.250000 0.812500
vt 0.250000 0.312500
vt 0.250000 0.250000
vt 0.218750 0.500000
vt 0.218750 0.437500
vt 0.218750 0.875000
vt 0.218750 0.375000
vt 0.218750 0.812500
vt 0.218750 0.312500
vt 0.218750 0.750000
vt 0.218750 0.250000
vt 0.218750 0.687500
vt 0.218750 0.187500
vt 0.218750 0.625000
vt 0.218750 0.125000
vt 0.218750 0.562500
vt 0.218750 0.062500
vt 0.218750 0.937500
vt 0.234375 0.000000
vt 0.187500 0.250000
vt 0.187500 0.187500
vt 0.187500 0.625000
vt 0.187500 0.125000
vt 0.187500 0.562500
vt 0.187500 0.062500
vt 0.187500 0.500000
vt 0.187500 0.937500
vt 0.203125 0.000000
vt 0.187500 0.437500
vt 0.187500 0.875000
vt 0.187500 0.375000
vt 0.187500 0.812500
vt 0.187500 0.312500
vt 0.187500 0.750000
vt 0.187500 0.687500
vt 0.156250 0.875000
vt 0.156250 0.437500
vt 0.156250 0.375000
vt 0.156250 0.812500
vt 0.156250 0.312500
vt 0.156250 0.750000
vt 0.156250 0.250000
vt 0.156250 0.687500
vt 0.156250 0.187500
vt 0.156250 0.625000
vt 0.156250 0.125000
vt 0.156250 0.562500
vt 0.156250 0.062500
vt 0.156250 0.500000
vt 0.156250 0.937500
vt 0.171875 0.000000
vt 0.125000 0.625000
vt 0.125000 0.187500
vt 0.125000 0.125000
vt 0.125000 0.562500
vt 0.125000 0.062500
vt 0.125000 0.500000
vt 0.125000 0.937500
vt 0.140625 0.000000
vt 0.125000 0.437500
vt 0.125000 0.875000
vt 0.125000 0.375000
vt 0.125000 0.812500
vt 0.125000 0.312500
vt 0.125000 0.750000
vt 0.125000 0.250000
vt 0.125000 0.687500
vt 0.093750 0.437500
vt 0.093750 0.375000
vt 0.093750 0.812500
vt 0.093750 0.312500
vt 0.093750 0.750000
vt 0.093750 0.250000
vt 0.093750 0.687500
vt 0.093750 0.187500
vt 0.093750 0.625000
vt 0.093750 0.125000
vt 0.093750 0.562500
vt 0.093750 0.062500
vt 0.093750 0.500000
vt 0.093750 0.937500
vt 0.109375 0.000000
vt 0.093750 0.875000
vt 0.062500 0.187500
vt 0.062500 0.125000
vt 0.062500 0.562500
vt 0.062500 0.062500
vt 0.062500 0.500000
vt 0.078125 0.000000
vt 0.062500 0.437500
vt 0.062500 0.875000
vt 0.062500 0.375000
vt 0.062500 0.812500
vt 0.062500 0.312500
vt 0.062500 0.750000
vt 0.062500 0.250000
vt 0.062500 0.687500
vt 0.062500 0.625000
vt 0.031250 0.750000
vt 0.031250 0.312500
vt 0.031250 0.250000
vt 0.031250 0.187500
vt 0.031250 0.687500
vt 0.031250 0.125000
vt 0.031250 0.625000
vt 0.031250 0.062500
vt 0.031250 0.562500
vt 0.046875 0.000000
vt 0.031250 0.500000
vt 0.031250 0.437500
vt 0.031250 0.375000
vt 0.031250 0.812500
vt 0.015625 0.000000
vt 0.000000 0.062500
vt 0.000000 0.312500
vt 0.000000 0.250000
vt 0.000000 0.187500
vt 0.000000 0.125000
vt 1.000000 0.312500
vt 0.968750 0.250000
vt 1.000000 0.250000
vt 0.968750 0.187500
vt 1.000000 0.187500
vt 0.968750 0.125000
vt 1.000000 0.125000
vt 0.968750 0.062500
vt 1.000000 0.062500
vt 0.984375 0.000000
vt 0.968750 0.312500
vt 0.953125 0.000000
vt 0.937500 0.062500
vt 0.937500 0.312500
vt 0.937500 0.250000
vt 0.937500 0.187500
vt 0.937500 0.125000
vt 0.906250 0.187500
vt 0.906250 0.125000
vt 0.906250 0.062500
vt 0.921875 0.000000
vt 0.906250 0.312500
vt 0.906250 0.250000
vt 0.875000 0.312500
vt 0.875000 0.250000
vt 0.875000 0.187500
vt 0.875000 0.125000
vt 0.875000 0.062500
vt 0.890625 0.000000
vt 0.843750 0.187500
vt 0.843750 0.125000
vt 0.843750 0.062500
vt 0.859375 0.000000
vt 0.843750 0.312500
vt 0.843750 0.250000
vt 0.812500 0.312500
vt 0.812500 0.250000
vt 0.812500 0.187500
vt 0.812500 0.125000
vt 0.812500 0.062500
vt 0.828125 0.000000
vt 0.781250 0.125000
vt 0.781250 0.062500
vt 0.796875 0.000000
vt 0.781250 0.312500
vt 0.781250 0.250000
vt 0.781250 0.187500
vt 0.765625 0.000000
vt 1.000000 1.000000
vt 0.968750 0.500000
vt 0.968750 1.000000
vt 0.937500 0.500000
vt 0.937500 1.000000
vt 0.906250 0.500000
vt 0.906250 1.000000
vt 0.875000 1.000000
vt 0.843750 0.500000
vt 0.812500 1.000000
vt 0.812500 0.500000
vt 0.781250 1.000000
vt 0.781250 0.500000
vt 0.750000 1.000000
vt 0.718750 1.000000
vt 0.687500 1.000000
vt 0.656250 1.000000
vt 0.593750 1.000000
vt 0.562500 1.000000
vt 0.531250 1.000000
vt 0.500000 1.000000
vt 0.500000 0.500000
vt 0.468750 1.000000
vt 0.468750 0.500000
vt 0.437500 1.000000
vt 0.437500 0.500000
vt 0.406250 1.000000
vt 0.406250 0.500000
vt 0.343750 1.000000
vt 0.343750 0.500000
vt 0.312500 0.500000
vt 0.312500 1.000000
vt 0.281250 0.500000
vt 0.281250 1.000000
vt 0.250000 0.500000
vt 0.250000 1.000000
vt 0.218750 0.500000
vt 0.218750 1.000000
vt 0.187500 0.500000
vt 0.187500 1.000000
vt 0.156250 0.500000
vt 0.156250 1.000000
vt 0.125000 1.000000
vt 0.093750 0.500000
vt 0.093750 1.000000
vt 0.062500 0.500000
vt 0.158156 0.028269
vt 0.471731 0.158156
vt 0.341844 0.471731
vt 0.062500 1.000000
vt 0.031250 0.500000
vt 0.031250 1.000000
vt 0.796822 0.014612
vt 0.514612 0.203178
vt 0.703178 0.485388
vt 0.843750 1.000000
vt 0.000000 1.000000
vt 0.375070 0.944922
vt 0.417125 0.944922
vt 0.417488 1.000000
vt 0.582875 0.944922
vt 0.625000 0.944922
vt 0.583236 1.000000
vt 0.375000 0.122674
vt 0.417126 0.122669
vt 0.417125 0.302166
vt 0.819922 0.627326
vt 0.819922 0.500213
vt 0.875000 0.628425
vt 0.373332 0.799327
vt 0.417173 0.639269
vt 0.417125 0.805078
vt 0.626723 0.799372
vt 0.582875 0.805078
vt 0.582921 0.639352
vt 0.330278 0.627326
vt 0.399624 0.457226
vt 0.417126 0.627331
vt 0.680078 0.627326
vt 0.588366 0.627474
vt 0.604455 0.457197
vt 0.375000 0.127326
vt 0.500362 1.000000
vt 0.500000 0.944922
vt 0.875000 0.623763
vt 0.819922 0.622674
vt 0.500000 0.122669
vt 0.500000 0.303622
vt 0.180078 0.627326
vt 0.289851 0.478613
vt 0.255178 0.627326
vt 0.712188 0.478705
vt 0.750000 0.627326
vt 0.502746 0.627402
vt 0.502040 0.457211
vt 0.500000 0.805078
vt 0.500047 0.639310
vt 0.417125 0.875000
vt 0.374201 0.872124
vt 0.582875 0.875000
vt 0.625862 0.872147
vt 0.276705 0.711000
vt 0.500000 0.127331
vt 0.582874 0.122669
vt 0.723322 0.711023
vt 0.593665 0.381138
vt 0.501020 0.380417
vt 0.180078 0.622674
vt 0.408375 0.379696
vt 0.417126 0.127331
vt 0.582875 0.305078
vt 0.375000 0.986933
vt 0.375011 0.986937
vt 0.412666 0.993862
vt 0.453071 0.996207
vt 0.492257 0.993849
vt 0.566285 0.873894
vt 0.567359 0.875851
vt 0.566318 0.873953
vt 0.568452 0.877906
vt 0.569703 0.880330
vt 0.571299 0.883498
vt 0.527510 0.986862
vt 0.556113 0.975497
vt 0.573653 0.888241
vt 0.575277 0.960167
vt 0.583904 0.941457
vt 0.577466 0.895922
vt 0.577784 0.897007
vt 0.361538 0.750000
vt 0.362471 0.738993
vt 0.251106 0.608176
vt 0.251106 0.500000
vt 0.271783 0.610543
vt 0.360306 0.713443
vt 0.353894 0.688874
vt 0.292919 0.617996
vt 0.312398 0.630099
vt 0.343483 0.666232
vt 0.137135 0.738993
vt 0.138067 0.750000
vt 0.125000 0.750000
vt 0.249803 0.608027
vt 0.139300 0.713443
vt 0.227822 0.610544
vt 0.206687 0.617996
vt 0.145711 0.688874
vt 0.156123 0.666232
vt 0.187208 0.630099
vt 0.567297 0.872083
vt 0.568392 0.870061
vt 0.375011 0.763458
vt 0.375000 0.763462
vt 0.492114 0.756488
vt 0.452966 0.754160
vt 0.412599 0.756503
vt 0.569647 0.867675
vt 0.571246 0.864559
vt 0.573604 0.859896
vt 0.577421 0.852348
vt 0.527321 0.763381
vt 0.555879 0.774555
vt 0.577737 0.851284
vt 0.575036 0.789558
vt 0.583732 0.807811
vt 0.625000 0.941847
vt 0.375000 0.986441
vt 0.375013 0.986445
vt 0.413756 0.993385
vt 0.454047 0.995728
vt 0.533082 0.986445
vt 0.568787 0.975175
vt 0.616895 0.947912
vt 0.616895 0.802483
vt 0.600083 0.790386
vt 0.568787 0.775220
vt 0.625000 0.808548
vt 0.375000 0.763954
vt 0.454047 0.754667
vt 0.413756 0.757010
vt 0.494339 0.757010
vt 0.361046 0.750000
vt 0.360306 0.738761
vt 0.138559 0.750000
vt 0.139300 0.738761
vt 0.353894 0.707160
vt 0.343483 0.678036
vt 0.145711 0.707160
vt 0.156123 0.678036
vt 0.329471 0.652508
vt 0.329465 0.652501
vt 0.170134 0.652508
vt 0.187202 0.631565
vt 0.312398 0.631558
vt 0.292919 0.615991
vt 0.187208 0.631558
vt 0.206687 0.615991
vt 0.271783 0.606405
vt 0.816847 0.750000
vt 0.813305 0.732542
vt 0.806993 0.714885
vt 0.798498 0.699408
vt 0.683548 0.750000
vt 0.693402 0.714885
vt 0.687090 0.732542
vt 0.701897 0.699408
vt 0.788147 0.686707
vt 0.712248 0.686707
vt 0.776337 0.677269
vt 0.763523 0.671458
vt 0.724057 0.677269
vt 0.562500 0.810632
vt 0.533983 0.810632
vt 0.518997 0.500000
vt 0.486537 0.374977
vt 0.032550 0.875000
vt 0.013463 0.374977
vt 1.000000 0.374977
vt 0.966017 0.810632
vt 0.906250 0.374977
vt 0.296822 0.485388
vt 0.250000 0.490000
vt 0.203178 0.485388
vt 0.158156 0.471731
vt 0.116663 0.449553
vt 0.080294 0.419706
vt 0.050447 0.383337
vt 0.028269 0.341844
vt 0.014612 0.296822
vt 0.010000 0.250000
vt 0.014612 0.203178
vt 0.028269 0.158156
vt 0.050447 0.116663
vt 0.080294 0.080294
vt 0.116663 0.050447
vt 0.203178 0.014612
vt 0.250000 0.010000
vt 0.296822 0.014612
vt 0.341844 0.028269
vt 0.383337 0.050447
vt 0.419706 0.080294
vt 0.449553 0.116663
vt 0.485388 0.203178
vt 0.490000 0.250000
vt 0.485388 0.296822
vt 0.471731 0.341844
vt 0.449553 0.383337
vt 0.419706 0.419706
vt 0.383337 0.449553
vt 0.750000 0.490000
vt 0.796822 0.485388
vt 0.841844 0.471731
vt 0.883337 0.449553
vt 0.919706 0.419706
vt 0.949553 0.383337
vt 0.971731 0.341844
vt 0.985388 0.296822
vt 0.990000 0.250000
vt 0.985388 0.203178
vt 0.971731 0.158156
vt 0.949553 0.116663
vt 0.919706 0.080294
vt 0.883337 0.050447
vt 0.841844 0.028269
vt 0.750000 0.010000
vt 0.703178 0.014612
vt 0.658156 0.028269
vt 0.616663 0.050447
vt 0.580294 0.080294
vt 0.550447 0.116663
vt 0.528269 0.158156
vt 0.510000 0.250000
vt 0.514612 0.296822
vt 0.528269 0.341844
vt 0.550447 0.383337
vt 0.580294 0.419706
vt 0.616663 0.449553
vt 0.658156 0.471731
vt 0.180078 0.500000
vt 0.582874 0.127331
s 0
usemtl Casita
f 159/1/1 244/2/1 246/2/1
f 102/3/2 122/4/2 123/5/2
f 102/6/3 190/7/3 1/8/3
f 277/9/4 276/10/4 4485/11/4
f 312/12/5 462/13/5 420/14/5
f 4487/13/6 453/15/6 244/16/6
f 453/15/7 238/17/7 244/16/7
f 68/18/8 62/19/8 190/20/8
f 365/21/9 364/22/9 4486/14/9
f 249/16/10 4487/13/10 244/16/10
f 422/14/11 458/2/11 395/1/11
f 160/1/12 458/2/12 247/2/12
f 340/14/13 425/14/13 424/14/13
f 422/14/14 466/13/14 464/13/14
f 159/1/15 241/23/15 104/24/15
f 99/6/16 24/6/16 23/6/16
f 238/17/17 193/17/17 240/17/17
f 102/6/18 191/17/18 238/17/18
f 24/6/19 234/17/19 191/17/19
f 100/24/20 241/23/20 234/23/20
f 23/6/21 102/6/21 101/6/21
f 246/2/22 251/2/22 254/2/22
f 425/14/23 456/13/23 466/13/23
f 341/14/24 4487/13/24 456/13/24
f 419/14/25 341/14/25 340/14/25
f 465/13/26 466/13/26 467/13/26
f 158/1/27 247/2/27 245/2/27
f 157/1/28 245/2/28 244/2/28
f 158/1/29 152/1/29 154/1/29
f 460/2/30 247/2/30 458/2/30
f 419/14/31 393/25/31 151/25/31
f 421/14/32 340/14/32 424/14/32
f 425/14/33 421/14/33 424/14/33
f 157/25/34 393/25/34 395/25/34
f 4486/14/35 151/25/35 157/25/35
f 395/1/36 421/14/36 422/14/36
f 154/25/37 394/25/37 156/25/37
f 394/25/38 157/25/38 395/25/38
f 394/1/39 160/1/39 156/1/39
f 160/1/40 154/1/40 156/1/40
f 103/3/41 153/25/41 155/25/41
f 99/3/42 101/3/42 103/3/42
f 104/24/43 99/24/43 103/24/43
f 101/3/44 157/25/44 153/25/44
f 104/24/45 155/1/45 159/1/45
f 153/1/46 159/1/46 155/1/46
f 242/23/47 236/23/47 243/23/47
f 253/2/48 243/23/48 254/2/48
f 254/2/49 241/23/49 246/2/49
f 191/17/50 236/17/50 193/17/50
f 244/16/51 240/17/51 251/16/51
f 236/23/52 241/23/52 243/23/52
f 248/16/53 242/17/53 253/16/53
f 235/17/54 239/17/54 192/17/54
f 236/17/55 192/17/55 193/17/55
f 254/2/56 248/2/56 253/2/56
f 240/17/57 248/16/57 251/16/57
f 193/17/58 239/17/58 240/17/58
f 460/16/59 252/16/59 255/16/59
f 252/2/60 247/2/60 255/2/60
f 250/2/61 245/2/61 252/2/61
f 244/16/62 460/16/62 458/16/62
f 459/16/63 463/13/63 249/16/63
f 457/13/53 465/13/53 467/13/53
f 465/13/64 458/2/64 464/13/64
f 456/13/65 463/13/65 457/13/65
f 459/16/66 244/16/66 458/16/66
f 466/13/67 457/13/67 467/13/67
f 105/6/68 189/7/68 10/8/68
f 237/17/69 454/11/69 189/7/69
f 319/12/70 461/13/70 423/14/70
f 10/26/71 31/27/71 110/28/71
f 337/29/72 318/30/72 319/12/72
f 209/31/73 204/32/73 189/20/73
f 184/33/74 397/34/74 461/13/74
f 212/35/75 439/36/75 218/37/75
f 213/35/75 440/36/75 219/37/75
f 150/38/76 404/39/76 372/40/76
f 206/41/77 431/42/77 212/35/77
f 207/41/77 432/42/77 213/35/77
f 178/43/78 396/44/78 404/39/78
f 427/45/79 209/46/79 430/47/79
f 207/41/80 426/48/80 429/47/80
f 407/49/81 183/50/81 187/51/81
f 184/52/81 408/49/81 397/53/81
f 187/51/82 284/54/82 407/49/82
f 188/51/82 285/54/82 408/49/82
f 449/55/83 232/56/83 230/57/83
f 450/55/83 233/56/83 231/57/83
f 445/58/84 230/57/84 224/59/84
f 446/58/84 231/57/84 225/59/84
f 439/36/85 224/59/85 218/37/85
f 440/36/85 225/59/85 219/37/85
f 138/60/86 150/38/86 372/40/86
f 441/61/87 445/58/87 439/36/87
f 442/61/87 446/58/87 440/36/87
f 138/62/88 372/40/88 373/63/88
f 431/42/89 441/61/89 439/36/89
f 432/42/89 442/61/89 440/36/89
f 372/40/90 405/64/90 373/63/90
f 427/45/91 437/65/91 431/42/91
f 428/45/91 438/65/91 432/42/91
f 404/39/92 398/66/92 405/64/92
f 430/47/93 433/67/93 427/45/93
f 429/47/93 434/67/93 428/45/93
f 409/68/94 397/53/94 410/68/94
f 407/49/95 286/69/95 409/68/95
f 408/49/95 287/69/95 410/68/95
f 284/54/96 451/70/96 286/69/96
f 285/54/96 452/70/96 287/69/96
f 447/71/97 449/55/97 445/58/97
f 448/71/97 450/55/97 446/58/97
f 409/68/98 304/72/98 411/73/98
f 410/68/98 305/72/98 412/73/98
f 286/69/99 302/74/99 304/72/99
f 287/69/99 303/74/99 305/72/99
f 451/70/100 296/75/100 302/74/100
f 452/70/100 297/75/100 303/74/100
f 447/71/101 443/76/101 296/75/101
f 448/71/101 444/76/101 297/75/101
f 138/77/102 373/63/102 374/78/102
f 437/65/103 443/76/103 441/61/103
f 438/65/103 444/76/103 442/61/103
f 373/63/104 406/79/104 374/78/104
f 433/67/105 271/80/105 437/65/105
f 434/67/105 272/80/105 438/65/105
f 405/64/106 402/81/106 406/79/106
f 267/82/107 436/83/107 270/84/107
f 268/82/107 435/83/107 269/84/107
f 399/85/108 411/73/108 403/86/108
f 398/66/108 412/73/108 402/81/108
f 138/87/109 374/78/109 371/88/109
f 282/13/110 271/80/110 278/89/110
f 283/13/110 272/80/110 279/89/110
f 374/78/111 378/90/111 371/88/111
f 278/89/112 267/82/112 273/91/112
f 279/89/112 268/82/112 274/91/112
f 406/79/113 400/92/113 378/90/113
f 273/91/114 270/84/114 276/93/114
f 274/91/114 269/84/114 276/93/114
f 403/86/115 417/14/115 401/94/115
f 402/81/115 418/14/115 400/92/115
f 411/73/116 300/95/116 417/14/116
f 412/73/116 301/95/116 418/14/116
f 306/96/117 304/72/117 302/74/117
f 307/96/117 305/72/117 303/74/117
f 298/97/118 302/74/118 296/75/118
f 299/97/118 303/74/118 297/75/118
f 282/13/119 296/75/119 443/76/119
f 283/13/119 297/75/119 444/76/119
f 417/14/120 294/98/120 413/99/120
f 418/14/120 295/98/120 414/99/120
f 300/95/121 292/100/121 294/98/121
f 301/95/121 293/100/121 295/98/121
f 306/96/122 288/101/122 292/100/122
f 307/96/123 289/101/123 293/100/123
f 280/102/124 298/97/124 282/13/124
f 281/102/125 299/97/125 283/13/125
f 138/103/126 371/88/126 370/104/126
f 278/89/127 280/102/127 282/13/127
f 279/89/128 281/102/128 283/13/128
f 371/88/129 377/105/129 370/104/129
f 273/91/130 265/106/130 278/89/130
f 274/91/131 266/106/131 279/89/131
f 378/90/132 415/107/132 377/105/132
f 261/108/133 277/109/133 264/110/133
f 262/108/133 275/109/133 263/110/133
f 400/92/134 414/99/134 415/107/134
f 413/99/135 401/94/135 417/14/135
f 348/111/136 265/106/136 346/112/136
f 349/111/137 266/106/137 347/112/137
f 370/104/138 376/113/138 369/114/138
f 346/112/139 261/108/139 342/115/139
f 347/112/140 262/108/140 343/115/140
f 377/105/141 386/116/141 376/113/141
f 342/115/142 264/110/142 345/117/142
f 343/115/142 263/110/142 344/117/142
f 391/118/143 416/119/143 413/99/143
f 415/107/144 392/118/144 386/116/144
f 413/99/145 290/120/145 391/118/145
f 414/99/146 291/120/146 392/118/146
f 352/121/147 294/98/147 292/100/147
f 353/121/148 295/98/148 293/100/148
f 350/122/149 292/100/149 288/101/149
f 351/122/150 293/100/150 289/101/150
f 280/102/151 350/122/151 288/101/151
f 349/111/152 289/101/152 281/102/152
f 138/123/153 370/104/153 369/114/153
f 338/124/154 290/120/154 352/121/154
f 339/124/155 291/120/155 353/121/155
f 338/124/156 350/122/156 335/125/156
f 336/125/157 353/121/157 351/122/157
f 335/125/158 348/111/158 328/126/158
f 336/125/159 349/111/159 329/126/159
f 138/127/160 369/114/160 368/128/160
f 328/126/161 346/112/161 325/129/161
f 329/126/162 347/112/162 326/129/162
f 369/114/163 375/130/163 368/128/163
f 325/129/164 342/115/164 321/131/164
f 326/129/165 343/115/165 322/131/165
f 376/113/166 383/132/166 375/130/166
f 322/131/167 344/117/167 323/133/167
f 321/131/167 345/117/167 324/133/167
f 385/134/168 389/135/168 386/116/168
f 259/136/169 391/118/169 290/120/169
f 390/135/170 291/120/170 260/136/170
f 314/137/171 322/131/171 318/138/171
f 321/131/172 320/139/172 325/129/172
f 375/130/173 380/140/173 367/141/173
f 310/142/174 321/131/174 324/133/174
f 318/138/175 323/133/175 317/143/175
f 380/140/176 389/135/176 385/134/176
f 259/136/177 388/144/177 389/135/177
f 257/145/178 390/135/178 260/136/178
f 333/146/179 260/136/179 339/124/179
f 259/136/180 337/147/180 258/148/180
f 333/146/181 336/125/181 331/149/181
f 335/125/182 337/147/182 338/124/182
f 331/149/183 329/126/183 316/150/183
f 328/126/184 334/151/184 335/125/184
f 138/152/185 368/128/185 363/153/185
f 316/150/186 326/129/186 314/137/186
f 320/139/187 328/126/187 325/129/187
f 368/128/188 367/141/188 363/153/188
f 332/154/189 331/149/189 330/155/189
f 316/150/190 330/155/190 331/149/190
f 138/156/191 363/153/191 362/157/191
f 314/137/192 315/158/192 316/150/192
f 362/157/193 367/141/193 366/159/193
f 310/142/194 313/160/194 314/137/194
f 367/141/195 379/161/195 364/162/195
f 311/163/196 309/164/196 310/142/196
f 380/140/197 381/165/197 379/161/197
f 256/166/198 382/167/198 257/145/198
f 333/146/199 256/166/199 257/145/199
f 366/159/200 364/162/200 365/168/200
f 138/169/201 362/157/201 361/170/201
f 361/170/202 366/159/202 365/168/202
f 358/171/203 361/170/203 360/172/203
f 361/170/204 359/173/204 360/172/204
f 138/174/205 358/175/205 357/176/205
f 138/177/206 357/178/206 356/179/206
f 138/180/207 356/181/207 355/182/207
f 138/183/208 355/184/208 354/185/208
f 137/186/209 354/187/209 136/188/209
f 138/189/210 137/190/210 135/191/210
f 138/192/211 135/193/211 134/194/211
f 138/195/212 134/196/212 133/197/212
f 138/198/213 133/199/213 132/200/213
f 138/201/214 132/202/214 129/203/214
f 129/204/215 128/205/215 138/206/215
f 128/205/216 127/207/216 126/208/216
f 124/209/217 123/210/217 122/211/217
f 130/212/218 138/213/218 128/205/218
f 124/209/219 128/205/219 126/208/219
f 28/214/220 25/215/220 26/216/220
f 8/217/221 26/216/221 25/218/221
f 130/212/222 131/219/222 138/220/222
f 8/217/223 7/221/223 9/222/223
f 124/209/224 131/219/224 130/212/224
f 4/223/225 6/224/225 3/225/225
f 122/211/226 109/226/226 125/227/226
f 3/225/227 5/228/227 4/223/227
f 107/229/228 108/230/228 106/231/228
f 107/229/229 29/232/229 30/233/229
f 27/234/230 30/233/230 29/232/230
f 4/235/231 16/236/231 15/237/231
f 17/236/232 12/238/232 11/239/232
f 112/240/233 115/241/233 110/242/233
f 110/242/234 116/243/234 109/244/234
f 53/245/235 110/242/235 107/246/235
f 52/245/236 110/242/236 51/247/236
f 28/248/237 53/245/237 30/249/237
f 35/250/238 51/247/238 34/251/238
f 26/252/239 36/250/239 28/248/239
f 32/253/240 34/251/240 31/254/240
f 9/255/241 33/253/241 26/252/241
f 21/256/242 31/254/242 20/257/242
f 131/258/243 143/259/243 138/260/243
f 19/261/244 9/255/244 7/262/244
f 18/261/245 20/257/245 13/263/245
f 143/259/246 125/264/246 139/265/246
f 15/237/247 7/262/247 4/235/247
f 14/237/248 13/263/248 12/238/248
f 109/244/249 139/265/249 125/264/249
f 21/256/250 47/266/250 32/253/250
f 22/256/251 48/266/251 33/253/251
f 138/267/252 143/259/252 144/268/252
f 18/261/253 43/269/253 21/256/253
f 42/270/254 22/256/254 19/261/254
f 144/268/255 139/265/255 140/271/255
f 37/272/256 18/261/256 14/237/256
f 38/272/257 19/261/257 15/237/257
f 140/271/258 116/243/258 119/273/258
f 14/237/259 40/274/259 37/272/259
f 15/237/260 39/274/260 38/272/260
f 115/241/261 114/275/261 120/276/261
f 113/275/262 121/277/262 116/243/262
f 113/275/263 121/277/263 118/278/263
f 52/245/264 113/275/264 111/240/264
f 78/279/265 112/240/265 53/245/265
f 35/250/266 77/279/266 52/245/266
f 50/280/267 53/245/267 36/250/267
f 47/266/268 35/250/268 32/253/268
f 33/253/269 50/280/269 36/250/269
f 77/279/270 161/281/270 113/275/270
f 82/282/271 114/275/271 78/279/271
f 49/280/272 81/282/272 77/279/272
f 80/283/273 78/279/273 50/280/273
f 75/284/274 49/280/274 47/266/274
f 76/284/275 50/280/275 48/266/275
f 43/269/276 75/284/276 47/266/276
f 44/269/277 76/284/277 48/266/277
f 138/285/278 144/268/278 145/286/278
f 41/270/279 45/287/279 43/269/279
f 42/270/280 46/287/280 44/269/280
f 145/286/281 140/271/281 141/288/281
f 37/272/282 58/289/282 41/270/282
f 38/272/283 59/289/283 42/270/283
f 119/273/284 141/288/284 140/271/284
f 40/274/285 54/290/285 37/272/285
f 39/274/286 55/290/286 38/272/286
f 162/281/287 120/276/287 114/275/287
f 121/277/288 161/281/288 164/291/288
f 138/292/289 145/286/289 146/293/289
f 58/289/290 73/294/290 45/287/290
f 59/289/291 74/294/291 46/287/291
f 146/293/292 141/288/292 142/295/292
f 60/296/293 58/289/293 54/290/293
f 61/296/294 59/289/294 55/290/294
f 142/295/295 164/291/295 168/297/295
f 54/290/296 63/298/296 60/296/296
f 55/290/297 62/298/297 61/296/297
f 162/281/298 167/299/298 163/300/298
f 161/281/299 168/297/299 164/291/299
f 81/282/300 165/301/300 161/281/300
f 82/282/300 166/301/300 162/281/300
f 79/283/301 89/302/301 81/282/301
f 80/283/301 90/302/301 82/282/301
f 75/284/302 87/303/302 79/283/302
f 76/284/303 88/303/303 80/283/303
f 45/287/304 83/304/304 75/284/304
f 46/287/305 84/304/305 76/284/305
f 89/302/306 179/305/306 165/301/306
f 90/302/306 180/305/306 166/301/306
f 87/303/307 93/306/307 89/302/307
f 88/303/307 94/306/307 90/302/307
f 83/304/308 91/307/308 87/303/308
f 84/304/308 92/307/308 88/303/308
f 73/294/309 85/308/309 83/304/309
f 74/294/310 86/308/310 84/304/310
f 138/309/311 146/293/311 147/310/311
f 64/311/312 194/312/312 73/294/312
f 65/311/313 195/312/313 74/294/313
f 147/310/314 142/295/314 175/313/314
f 60/296/315 71/314/315 64/311/315
f 61/296/316 72/314/316 65/311/316
f 168/297/317 175/313/317 142/295/317
f 60/296/318 68/315/318 69/316/318
f 61/296/319 68/315/319 70/316/319
f 170/317/320 165/301/320 169/318/320
f 200/319/321 194/312/321 71/314/321
f 201/319/322 195/312/322 72/314/322
f 148/320/323 175/313/323 176/321/323
f 196/322/324 71/314/324 66/323/324
f 197/322/325 72/314/325 67/323/325
f 176/321/326 170/317/326 171/324/326
f 66/323/327 199/325/327 196/322/327
f 67/323/327 198/325/327 197/322/327
f 171/324/328 180/305/328 172/326/328
f 93/306/329 181/327/329 179/305/329
f 94/306/329 182/327/329 180/305/329
f 91/307/330 95/328/330 93/306/330
f 92/307/330 96/328/330 94/306/330
f 85/308/331 226/329/331 91/307/331
f 86/308/331 227/329/331 92/307/331
f 194/312/332 220/330/332 85/308/332
f 195/312/333 221/330/333 86/308/333
f 138/331/334 147/310/334 148/320/334
f 226/329/335 97/332/335 95/328/335
f 227/329/335 98/332/335 96/328/335
f 220/330/336 228/333/336 226/329/336
f 221/330/336 229/333/336 227/329/336
f 214/334/337 222/335/337 220/330/337
f 215/334/337 223/335/337 221/330/337
f 138/336/338 148/320/338 149/337/338
f 200/319/339 216/338/339 214/334/339
f 201/319/340 217/338/340 215/334/340
f 149/337/341 176/321/341 177/339/341
f 202/340/342 200/319/342 196/322/342
f 203/340/343 201/319/343 197/322/343
f 177/339/344 171/324/344 174/341/344
f 196/322/345 205/342/345 202/340/345
f 197/322/345 204/342/345 203/340/345
f 182/327/346 173/343/346 172/326/346
f 181/327/347 174/341/347 171/324/347
f 95/328/348 185/344/348 181/327/348
f 96/328/348 186/344/348 182/327/348
f 150/38/349 177/339/349 178/43/349
f 206/41/350 210/345/350 202/340/350
f 207/41/350 211/345/350 203/340/350
f 178/43/351 174/341/351 183/50/351
f 208/46/94 203/340/94 209/46/94
f 186/344/352 184/52/352 173/343/352
f 185/344/352 183/50/352 174/341/352
f 97/332/353 187/51/353 185/344/353
f 98/332/353 188/51/353 186/344/353
f 228/333/354 232/56/354 97/332/354
f 229/333/354 233/56/354 98/332/354
f 222/335/355 230/57/355 228/333/355
f 223/335/355 231/57/355 229/333/355
f 216/338/356 224/59/356 222/335/356
f 217/338/356 225/59/356 223/335/356
f 138/346/357 149/337/357 150/38/357
f 210/345/358 218/37/358 216/338/358
f 211/345/358 219/37/358 217/338/358
f 973/38/359 507/39/359 974/43/359
f 977/41/360 514/42/360 515/45/360
f 974/43/361 508/44/361 500/50/361
f 505/347/362 515/45/362 516/348/362
f 500/50/363 509/49/363 975/51/363
f 978/349/364 516/348/364 517/350/364
f 975/51/365 510/54/365 501/56/365
f 979/351/366 517/350/366 518/352/366
f 501/56/367 511/55/367 976/57/367
f 980/353/368 518/352/368 519/354/368
f 976/57/369 512/58/369 502/59/369
f 981/355/370 519/354/370 520/356/370
f 502/59/371 513/36/371 503/37/371
f 973/38/372 581/60/372 506/40/372
f 807/357/373 981/355/373 520/356/373
f 504/35/374 513/36/374 514/42/374
f 512/58/375 528/61/375 513/36/375
f 506/40/376 581/62/376 521/63/376
f 807/358/377 520/356/377 535/359/377
f 514/42/378 528/61/378 529/65/378
f 506/40/379 522/64/379 507/39/379
f 515/45/380 529/65/380 530/67/380
f 507/39/381 523/66/381 508/44/381
f 516/348/382 530/67/382 531/360/382
f 508/44/383 524/68/383 509/49/383
f 517/350/384 531/360/384 532/361/384
f 509/49/385 525/69/385 510/54/385
f 518/352/386 532/361/386 533/362/386
f 510/54/387 526/70/387 511/55/387
f 519/354/388 533/362/388 534/363/388
f 511/55/389 527/71/389 512/58/389
f 520/356/390 534/363/390 535/359/390
f 532/361/391 546/364/391 547/365/391
f 524/68/392 540/72/392 525/69/392
f 533/362/393 547/365/393 548/366/393
f 525/69/394 541/74/394 526/70/394
f 534/363/395 548/366/395 549/367/395
f 526/70/396 542/75/396 527/71/396
f 535/359/397 549/367/397 550/368/397
f 527/71/398 543/76/398 528/61/398
f 521/63/399 581/77/399 536/78/399
f 807/369/400 535/359/400 550/368/400
f 529/65/401 543/76/401 544/80/401
f 521/63/402 537/79/402 522/64/402
f 530/67/403 544/80/403 545/82/403
f 522/64/404 538/81/404 523/66/404
f 531/360/405 545/82/405 546/364/405
f 523/66/406 539/73/406 524/68/406
f 807/370/407 550/368/407 565/371/407
f 544/80/408 558/13/408 559/89/408
f 536/78/409 552/90/409 537/79/409
f 545/82/410 559/89/410 560/91/410
f 537/79/411 553/92/411 538/81/411
f 546/364/412 560/91/412 561/372/412
f 538/81/413 554/14/413 539/73/413
f 547/365/414 561/372/414 562/17/414
f 539/73/415 555/95/415 540/72/415
f 548/366/416 562/17/416 563/373/416
f 540/72/417 556/96/417 541/74/417
f 549/367/418 563/373/418 564/374/418
f 541/74/419 557/97/419 542/75/419
f 550/368/420 564/374/420 565/371/420
f 542/75/421 558/13/421 543/76/421
f 536/78/422 581/87/422 551/88/422
f 563/373/423 577/375/423 578/376/423
f 555/95/424 571/100/424 556/96/424
f 564/374/425 578/376/425 579/377/425
f 556/96/426 572/101/426 557/97/426
f 565/371/427 579/377/427 580/378/427
f 557/97/428 573/102/428 558/13/428
f 551/88/429 581/103/429 566/104/429
f 807/379/430 565/371/430 580/378/430
f 559/89/431 573/102/431 574/106/431
f 551/88/432 567/105/432 552/90/432
f 560/91/433 574/106/433 575/108/433
f 552/90/434 568/107/434 553/92/434
f 561/372/435 575/108/435 576/380/435
f 553/92/436 569/99/436 554/14/436
f 562/17/437 576/380/437 577/375/437
f 554/14/438 570/98/438 555/95/438
f 566/104/439 583/113/439 567/105/439
f 575/108/440 590/112/440 591/115/440
f 567/105/441 584/116/441 568/107/441
f 576/380/442 591/115/442 592/381/442
f 568/107/443 585/118/443 569/99/443
f 577/375/444 592/381/444 593/382/444
f 569/99/445 586/120/445 570/98/445
f 578/376/446 593/382/446 594/383/446
f 570/98/447 587/121/447 571/100/447
f 579/377/448 594/383/448 595/384/448
f 571/100/449 588/122/449 572/101/449
f 580/378/450 595/384/450 596/385/450
f 572/101/451 589/111/451 573/102/451
f 566/104/452 581/123/452 582/114/452
f 807/386/453 580/378/453 596/385/453
f 574/106/454 589/111/454 590/112/454
f 586/120/455 602/124/455 587/121/455
f 595/384/456 609/387/456 610/388/456
f 587/121/457 603/125/457 588/122/457
f 596/385/458 610/388/458 611/389/458
f 588/122/459 604/126/459 589/111/459
f 582/114/460 581/127/460 597/128/460
f 807/390/461 596/385/461 611/389/461
f 590/112/462 604/126/462 605/129/462
f 582/114/463 598/130/463 583/113/463
f 591/115/464 605/129/464 606/131/464
f 583/113/465 599/132/465 584/116/465
f 592/381/466 606/131/466 607/391/466
f 584/116/467 600/135/467 585/118/467
f 593/382/468 607/391/468 608/392/468
f 585/118/469 601/136/469 586/120/469
f 594/383/470 608/392/470 609/387/470
f 606/131/471 620/137/471 621/142/471
f 598/130/472 614/140/472 599/132/472
f 607/391/473 621/142/473 622/393/473
f 599/132/474 615/167/474 600/135/474
f 608/392/475 622/393/475 623/394/475
f 600/135/476 616/145/476 601/136/476
f 609/387/477 623/394/477 624/395/477
f 601/136/478 617/146/478 602/124/478
f 610/388/479 624/395/479 625/396/479
f 602/124/480 618/149/480 603/125/480
f 611/389/481 625/396/481 626/397/481
f 603/125/482 619/150/482 604/126/482
f 597/128/483 581/152/483 612/153/483
f 807/398/484 611/389/484 626/397/484
f 605/129/485 619/150/485 620/137/485
f 597/128/486 613/141/486 598/130/486
f 624/395/487 640/399/487 625/396/487
f 618/149/488 632/400/488 633/401/488
f 625/396/489 641/402/489 626/397/489
f 619/150/490 633/401/490 634/403/490
f 612/153/491 581/156/491 627/157/491
f 807/404/492 626/397/492 641/402/492
f 619/150/493 635/405/493 620/137/493
f 613/141/494 627/157/494 628/159/494
f 620/137/495 636/406/495 621/142/495
f 614/140/496 628/159/496 629/407/496
f 621/142/497 637/408/497 622/393/497
f 615/167/498 629/407/498 630/409/498
f 622/393/499 638/410/499 623/394/499
f 616/145/500 630/409/500 631/411/500
f 623/394/501 639/412/501 624/395/501
f 617/146/502 631/411/502 632/400/502
f 629/407/503 643/413/503 644/414/503
f 636/406/504 652/415/504 637/408/504
f 630/409/505 644/414/505 645/416/505
f 637/408/506 653/417/506 638/410/506
f 631/411/507 645/416/507 646/418/507
f 638/410/508 654/419/508 639/412/508
f 632/400/509 646/418/509 647/420/509
f 639/412/510 655/421/510 640/399/510
f 633/401/511 647/420/511 648/422/511
f 640/399/512 656/423/512 641/402/512
f 634/403/513 648/422/513 649/424/513
f 627/157/514 581/169/514 642/170/514
f 807/425/515 641/402/515 656/423/515
f 635/405/516 649/424/516 650/426/516
f 628/159/517 642/170/517 643/413/517
f 635/405/518 651/427/518 636/406/518
f 648/422/519 662/428/519 663/429/519
f 655/421/520 671/430/520 656/423/520
f 649/424/521 663/429/521 664/431/521
f 642/170/522 581/432/522 657/433/522
f 807/434/523 656/423/523 671/430/523
f 649/424/524 665/435/524 650/426/524
f 643/413/525 657/433/525 658/436/525
f 650/426/526 666/437/526 651/427/526
f 644/414/527 658/436/527 659/438/527
f 651/427/528 667/439/528 652/415/528
f 645/416/529 659/438/529 660/440/529
f 652/415/530 668/441/530 653/417/530
f 646/418/531 660/440/531 661/442/531
f 653/417/532 669/443/532 654/419/532
f 647/420/533 661/442/533 662/428/533
f 654/419/534 670/444/534 655/421/534
f 666/437/535 682/445/535 667/439/535
f 660/440/536 674/446/536 675/447/536
f 667/439/537 683/7/537 668/441/537
f 661/442/538 675/447/538 676/448/538
f 668/441/539 684/449/539 669/443/539
f 662/428/540 676/448/540 677/450/540
f 669/443/541 685/451/541 670/444/541
f 663/429/542 677/450/542 678/452/542
f 670/444/543 686/453/543 671/430/543
f 664/431/544 678/452/544 679/454/544
f 657/433/545 581/174/545 672/455/545
f 807/456/546 671/430/546 686/453/546
f 664/431/547 680/457/547 665/435/547
f 658/436/548 672/455/548 673/458/548
f 665/435/549 681/459/549 666/437/549
f 659/438/550 673/458/550 674/446/550
f 685/451/551 701/460/551 686/453/551
f 679/454/552 693/461/552 694/462/552
f 672/455/553 581/177/553 687/463/553
f 807/464/554 686/453/554 701/460/554
f 679/454/555 695/465/555 680/457/555
f 673/458/556 687/463/556 688/466/556
f 680/457/557 696/467/557 681/459/557
f 674/446/558 688/466/558 689/468/558
f 681/459/559 697/469/559 682/445/559
f 675/447/560 689/468/560 690/470/560
f 682/445/561 698/471/561 683/7/561
f 676/448/562 690/470/562 691/472/562
f 683/7/563 699/473/563 684/449/563
f 677/450/564 691/472/564 692/474/564
f 684/449/565 700/475/565 685/451/565
f 678/452/566 692/474/566 693/461/566
f 697/469/567 713/476/567 698/471/567
f 691/472/568 705/477/568 706/478/568
f 698/471/569 714/479/569 699/473/569
f 692/474/570 706/478/570 707/480/570
f 699/473/571 715/481/571 700/475/571
f 693/461/572 707/480/572 708/482/572
f 700/475/573 716/483/573 701/460/573
f 694/462/574 708/482/574 709/484/574
f 687/463/575 581/180/575 702/485/575
f 807/486/576 701/460/576 716/483/576
f 694/462/577 710/487/577 695/465/577
f 688/466/578 702/485/578 703/488/578
f 695/465/579 711/489/579 696/467/579
f 689/468/580 703/488/580 704/490/580
f 696/467/581 712/491/581 697/469/581
f 690/470/582 704/490/582 705/477/582
f 702/485/583 581/183/583 717/492/583
f 807/493/584 716/483/584 731/494/584
f 709/484/585 725/495/585 710/487/585
f 703/488/586 717/492/586 718/496/586
f 710/487/587 726/497/587 711/489/587
f 704/490/588 718/496/588 719/498/588
f 711/489/589 727/499/589 712/491/589
f 705/477/590 719/498/590 720/500/590
f 712/491/591 728/501/591 713/476/591
f 706/478/592 720/500/592 721/502/592
f 713/476/593 729/503/593 714/479/593
f 707/480/594 721/502/594 722/504/594
f 714/479/595 730/505/595 715/481/595
f 708/482/596 722/504/596 723/506/596
f 715/481/597 731/494/597 716/483/597
f 709/484/598 723/506/598 724/507/598
f 721/502/599 735/508/599 736/509/599
f 728/501/600 744/510/600 729/503/600
f 722/504/601 736/509/601 737/511/601
f 729/503/602 745/512/602 730/505/602
f 723/506/603 737/511/603 738/513/603
f 730/505/604 746/514/604 731/494/604
f 724/507/605 738/513/605 739/515/605
f 717/492/606 581/516/606 732/517/606
f 807/518/607 731/494/607 746/514/607
f 724/507/608 740/519/608 725/495/608
f 718/496/609 732/517/609 733/520/609
f 725/495/610 741/521/610 726/497/610
f 719/498/611 733/520/611 734/522/611
f 726/497/612 742/523/612 727/499/612
f 720/500/613 734/522/613 735/508/613
f 727/499/614 743/524/614 728/501/614
f 740/519/615 754/525/615 755/526/615
f 732/517/616 748/527/616 733/520/616
f 741/521/617 755/526/617 756/528/617
f 733/520/618 749/529/618 734/522/618
f 742/523/619 756/528/619 757/530/619
f 734/522/620 750/531/620 735/508/620
f 743/524/621 757/530/621 758/532/621
f 735/508/622 751/533/622 736/509/622
f 744/510/623 758/532/623 759/534/623
f 736/509/624 752/535/624 737/511/624
f 745/512/625 759/534/625 760/536/625
f 737/511/626 753/537/626 738/513/626
f 746/514/627 760/536/627 761/538/627
f 738/513/628 754/525/628 739/515/628
f 732/517/629 581/189/629 747/539/629
f 807/540/630 746/514/630 761/538/630
f 759/534/631 773/541/631 774/542/631
f 751/533/632 767/543/632 752/535/632
f 760/536/633 774/542/633 775/544/633
f 752/535/634 768/545/634 753/537/634
f 761/538/635 775/544/635 776/546/635
f 753/537/636 769/547/636 754/525/636
f 747/539/637 581/192/637 762/548/637
f 807/549/638 761/538/638 776/546/638
f 755/526/639 769/547/639 770/550/639
f 747/539/640 763/551/640 748/527/640
f 756/528/641 770/550/641 771/552/641
f 748/527/642 764/553/642 749/529/642
f 757/530/643 771/552/643 772/554/643
f 749/529/644 765/555/644 750/531/644
f 758/532/645 772/554/645 773/541/645
f 750/531/646 766/556/646 751/533/646
f 762/548/647 778/557/647 763/551/647
f 771/552/648 785/558/648 786/559/648
f 763/551/649 779/560/649 764/553/649
f 772/554/650 786/559/650 787/561/650
f 764/553/651 780/562/651 765/555/651
f 773/541/652 787/561/652 788/563/652
f 765/555/653 781/564/653 766/556/653
f 774/542/654 788/563/654 789/565/654
f 766/556/655 782/566/655 767/543/655
f 775/544/656 789/565/656 790/567/656
f 767/543/657 783/568/657 768/545/657
f 776/546/658 790/567/658 791/569/658
f 768/545/659 784/570/659 769/547/659
f 762/548/660 581/195/660 777/571/660
f 807/572/661 776/546/661 791/569/661
f 770/550/662 784/570/662 785/558/662
f 781/564/663 797/573/663 782/566/663
f 790/567/664 804/574/664 805/575/664
f 782/566/665 798/576/665 783/568/665
f 791/569/666 805/575/666 806/577/666
f 783/568/667 799/578/667 784/570/667
f 777/571/668 581/198/668 792/579/668
f 807/580/669 791/569/669 806/577/669
f 785/558/670 799/578/670 800/581/670
f 777/571/671 793/582/671 778/557/671
f 786/559/672 800/581/672 801/583/672
f 778/557/673 794/584/673 779/560/673
f 787/561/674 801/583/674 802/585/674
f 779/560/675 795/586/675 780/562/675
f 788/563/676 802/585/676 803/587/676
f 780/562/677 796/588/677 781/564/677
f 789/565/678 803/587/678 804/574/678
f 801/583/679 816/589/679 817/590/679
f 793/582/680 810/591/680 794/584/680
f 802/585/681 817/590/681 818/592/681
f 794/584/682 811/593/682 795/586/682
f 803/587/683 818/592/683 819/594/683
f 795/586/684 812/595/684 796/588/684
f 804/574/685 819/594/685 820/596/685
f 796/588/686 813/597/686 797/573/686
f 805/575/687 820/596/687 821/598/687
f 797/573/688 814/599/688 798/576/688
f 806/577/689 821/598/689 822/600/689
f 798/576/690 815/601/690 799/578/690
f 792/579/691 581/201/691 808/602/691
f 807/603/692 806/577/692 822/600/692
f 800/581/693 815/601/693 816/589/693
f 792/579/694 809/604/694 793/582/694
f 821/598/695 835/605/695 836/606/695
f 813/597/696 829/607/696 814/599/696
f 822/600/697 836/606/697 837/608/697
f 814/599/698 830/609/698 815/601/698
f 808/602/699 581/206/699 823/205/699
f 807/610/700 822/600/700 837/608/700
f 816/589/701 830/609/701 831/611/701
f 808/602/702 824/612/702 809/604/702
f 817/590/703 831/611/703 832/613/703
f 809/604/704 825/614/704 810/591/704
f 818/592/705 832/613/705 833/615/705
f 810/591/706 826/616/706 811/593/706
f 819/594/707 833/615/707 834/617/707
f 811/593/708 827/618/708 812/595/708
f 820/596/709 834/617/709 835/605/709
f 812/595/710 828/619/710 813/597/710
f 825/614/711 841/620/711 826/616/711
f 834/617/712 848/621/712 849/622/712
f 835/605/713 849/622/713 850/623/713
f 826/616/714 842/624/714 827/618/714
f 836/606/715 850/623/715 851/625/715
f 827/618/716 843/626/716 828/619/716
f 837/608/717 851/625/717 852/627/717
f 828/619/718 844/628/718 829/607/718
f 807/629/719 837/608/719 852/627/719
f 829/607/720 845/630/720 830/609/720
f 823/205/721 581/213/721 838/212/721
f 831/611/722 845/630/722 846/631/722
f 832/613/723 846/631/723 847/632/723
f 823/205/724 839/209/724 824/612/724
f 824/612/725 840/633/725 825/614/725
f 833/615/726 847/632/726 848/621/726
f 844/628/727 860/222/727 845/630/727
f 838/212/728 581/220/728 853/219/728
f 807/634/729 852/627/729 867/635/729
f 846/631/730 860/222/730 861/221/730
f 838/212/731 854/227/731 839/209/731
f 847/632/732 861/221/732 862/223/732
f 839/209/733 855/226/733 840/633/733
f 848/621/734 862/223/734 863/636/734
f 840/633/735 856/229/735 841/620/735
f 849/622/736 863/636/736 864/637/736
f 841/620/737 857/233/737 842/624/737
f 850/623/738 864/637/738 865/638/738
f 842/624/739 858/214/739 843/626/739
f 851/625/740 865/638/740 866/639/740
f 843/626/741 859/216/741 844/628/741
f 852/627/742 866/639/742 867/635/742
f 863/640/743 879/641/743 864/642/743
f 857/249/744 871/240/744 872/245/744
f 864/642/745 880/643/745 865/644/745
f 858/248/746 872/245/746 873/250/746
f 865/644/747 881/645/747 866/646/747
f 859/252/748 873/250/748 874/253/748
f 866/646/749 882/647/749 867/648/749
f 860/255/750 874/253/750 875/256/750
f 853/258/751 581/260/751 868/259/751
f 807/649/752 867/648/752 882/647/752
f 860/255/753 876/261/753 861/262/753
f 854/264/754 868/259/754 869/265/754
f 861/262/755 877/237/755 862/235/755
f 855/244/756 869/265/756 870/243/756
f 862/235/757 878/650/757 863/640/757
f 856/246/758 870/243/758 871/240/758
f 868/259/759 581/267/759 883/268/759
f 807/651/760 882/647/760 897/652/760
f 875/256/761 891/270/761 876/261/761
f 869/265/762 883/268/762 884/271/762
f 876/261/763 892/272/763 877/237/763
f 870/243/764 884/271/764 885/273/764
f 877/237/765 893/653/765 878/650/765
f 871/240/766 885/273/766 886/275/766
f 878/650/767 894/654/767 879/641/767
f 872/245/768 886/275/768 887/279/768
f 879/641/769 895/655/769 880/643/769
f 873/250/770 887/279/770 888/280/770
f 880/643/771 896/656/771 881/645/771
f 874/253/772 888/280/772 889/266/772
f 881/645/773 897/652/773 882/647/773
f 875/256/774 889/266/774 890/269/774
f 887/279/775 901/281/775 902/282/775
f 894/654/776 910/657/776 895/655/776
f 888/280/777 902/282/777 903/283/777
f 895/655/778 911/658/778 896/656/778
f 889/266/779 903/283/779 904/284/779
f 896/656/780 912/659/780 897/652/780
f 890/269/781 904/284/781 905/287/781
f 883/268/782 581/285/782 898/286/782
f 807/660/783 897/652/783 912/659/783
f 890/269/784 906/289/784 891/270/784
f 884/271/785 898/286/785 899/288/785
f 891/270/786 907/290/786 892/272/786
f 885/273/787 899/288/787 900/291/787
f 892/272/788 908/661/788 893/653/788
f 886/275/789 900/291/789 901/281/789
f 893/653/790 909/662/790 894/654/790
f 905/287/791 921/311/791 906/289/791
f 899/288/792 913/293/792 914/295/792
f 906/289/793 922/296/793 907/290/793
f 900/291/794 914/295/794 915/297/794
f 907/290/795 923/663/795 908/661/795
f 901/281/796 915/297/796 916/301/796
f 908/661/797 924/664/797 909/662/797
f 902/282/798 916/301/798 917/302/798
f 909/662/799 925/665/799 910/657/799
f 903/283/800 917/302/800 918/303/800
f 910/657/801 926/666/801 911/658/801
f 904/284/802 918/303/802 919/304/802
f 911/658/803 927/667/803 912/659/803
f 905/287/804 919/304/804 920/294/804
f 898/286/805 581/292/805 913/293/805
f 807/668/806 912/659/806 927/667/806
f 924/664/807 940/669/807 925/665/807
f 918/303/808 932/306/808 933/307/808
f 925/665/809 941/670/809 926/666/809
f 919/304/810 933/307/810 934/308/810
f 926/666/811 942/671/811 927/667/811
f 920/294/812 934/308/812 935/312/812
f 913/293/813 581/309/813 928/310/813
f 807/672/814 927/667/814 942/671/814
f 920/294/815 936/314/815 921/311/815
f 914/295/816 928/310/816 929/313/816
f 921/311/817 937/323/817 922/296/817
f 915/297/818 929/313/818 930/317/818
f 922/296/819 938/673/819 923/663/819
f 916/301/820 930/317/820 931/305/820
f 923/663/821 939/674/821 924/664/821
f 917/302/822 931/305/822 932/306/822
f 936/314/823 952/322/823 937/323/823
f 930/317/824 944/321/824 945/324/824
f 937/323/825 953/675/825 938/673/825
f 931/305/826 945/324/826 946/327/826
f 938/673/827 954/676/827 939/674/827
f 932/306/828 946/327/828 947/328/828
f 939/674/829 955/677/829 940/669/829
f 933/307/830 947/328/830 948/329/830
f 940/669/831 956/678/831 941/670/831
f 934/308/832 948/329/832 949/330/832
f 941/670/833 957/679/833 942/671/833
f 935/312/834 949/330/834 950/334/834
f 928/310/835 581/331/835 943/320/835
f 807/680/836 942/671/836 957/679/836
f 935/312/837 951/319/837 936/314/837
f 929/313/838 943/320/838 944/321/838
f 955/677/839 971/681/839 956/678/839
f 949/330/840 963/333/840 964/335/840
f 956/678/841 972/682/841 957/679/841
f 950/334/842 964/335/842 965/338/842
f 943/320/843 581/336/843 958/337/843
f 807/683/844 957/679/844 972/682/844
f 950/334/845 966/345/845 951/319/845
f 944/321/846 958/337/846 959/339/846
f 951/319/847 967/340/847 952/322/847
f 945/324/848 959/339/848 960/341/848
f 952/322/849 968/684/849 953/675/849
f 946/327/850 960/341/850 961/344/850
f 953/675/851 969/685/851 954/676/851
f 947/328/852 961/344/852 962/332/852
f 954/676/853 970/686/853 955/677/853
f 948/329/854 962/332/854 963/333/854
f 960/341/855 974/43/855 500/50/855
f 967/340/856 505/347/856 968/684/856
f 961/344/857 500/50/857 975/51/857
f 968/684/858 978/349/858 969/685/858
f 962/332/859 975/51/859 501/56/859
f 969/685/860 979/351/860 970/686/860
f 963/333/861 501/56/861 976/57/861
f 970/686/862 980/353/862 971/681/862
f 964/335/863 976/57/863 502/59/863
f 971/681/864 981/355/864 972/682/864
f 965/338/865 502/59/865 503/37/865
f 958/337/866 581/346/866 973/38/866
f 807/687/867 972/682/867 981/355/867
f 965/338/868 504/35/868 966/345/868
f 959/339/869 973/38/869 974/43/869
f 966/345/870 977/41/870 967/340/870
f 983/56/871 991/49/871 992/54/871
f 1460/349/872 1000/352/872 1461/351/872
f 1458/57/873 992/54/873 993/55/873
f 1461/351/874 1001/354/874 1462/353/874
f 984/59/875 993/55/875 994/58/875
f 1462/353/876 1002/356/876 1463/355/876
f 985/37/877 994/58/877 995/36/877
f 1455/38/878 1063/60/878 988/40/878
f 1289/357/879 1463/355/879 1002/356/879
f 985/37/880 996/42/880 986/35/880
f 1456/43/881 988/40/881 989/39/881
f 986/35/882 997/45/882 1459/41/882
f 982/50/883 989/39/883 990/44/883
f 1459/41/884 998/348/884 987/347/884
f 1457/51/885 990/44/885 991/49/885
f 987/347/886 999/350/886 1460/349/886
f 997/45/887 1013/360/887 998/348/887
f 991/49/888 1005/66/888 1006/68/888
f 998/348/889 1014/361/889 999/350/889
f 992/54/890 1006/68/890 1007/69/890
f 999/350/891 1015/362/891 1000/352/891
f 993/55/892 1007/69/892 1008/70/892
f 1000/352/893 1016/363/893 1001/354/893
f 994/58/894 1008/70/894 1009/71/894
f 1001/354/895 1017/359/895 1002/356/895
f 995/36/896 1009/71/896 1010/61/896
f 988/40/897 1063/62/897 1003/63/897
f 1289/358/898 1002/356/898 1017/359/898
f 995/36/899 1011/65/899 996/42/899
f 989/39/900 1003/63/900 1004/64/900
f 996/42/901 1012/67/901 997/45/901
f 990/44/902 1004/64/902 1005/66/902
f 1016/363/903 1032/368/903 1017/359/903
f 1010/61/904 1024/75/904 1025/76/904
f 1003/63/905 1063/77/905 1018/78/905
f 1289/369/906 1017/359/906 1032/368/906
f 1010/61/907 1026/80/907 1011/65/907
f 1004/64/908 1018/78/908 1019/79/908
f 1011/65/909 1027/82/909 1012/67/909
f 1005/66/910 1019/79/910 1020/81/910
f 1012/67/911 1028/364/911 1013/360/911
f 1006/68/912 1020/81/912 1021/73/912
f 1013/360/913 1029/365/913 1014/361/913
f 1007/69/914 1021/73/914 1022/72/914
f 1014/361/915 1030/366/915 1015/362/915
f 1008/70/916 1022/72/916 1023/74/916
f 1015/362/917 1031/367/917 1016/363/917
f 1009/71/918 1023/74/918 1024/75/918
f 1028/364/919 1044/17/919 1029/365/919
f 1022/72/920 1036/14/920 1037/95/920
f 1029/365/921 1045/373/921 1030/366/921
f 1023/74/922 1037/95/922 1038/96/922
f 1030/366/923 1046/374/923 1031/367/923
f 1024/75/924 1038/96/924 1039/97/924
f 1031/367/925 1047/371/925 1032/368/925
f 1025/76/926 1039/97/926 1040/13/926
f 1018/78/927 1063/87/927 1033/88/927
f 1289/370/928 1032/368/928 1047/371/928
f 1025/76/929 1041/89/929 1026/80/929
f 1019/79/930 1033/88/930 1034/90/930
f 1026/80/931 1042/91/931 1027/82/931
f 1020/81/932 1034/90/932 1035/92/932
f 1027/82/933 1043/372/933 1028/364/933
f 1021/73/934 1035/92/934 1036/14/934
f 1033/88/935 1063/103/935 1048/104/935
f 1289/379/936 1047/371/936 1062/378/936
f 1040/13/937 1056/106/937 1041/89/937
f 1034/90/938 1048/104/938 1049/105/938
f 1041/89/939 1057/108/939 1042/91/939
f 1035/92/940 1049/105/940 1050/107/940
f 1042/91/941 1058/380/941 1043/372/941
f 1036/14/942 1050/107/942 1051/99/942
f 1043/372/943 1059/375/943 1044/17/943
f 1037/95/944 1051/99/944 1052/98/944
f 1044/17/945 1060/376/945 1045/373/945
f 1038/96/946 1052/98/946 1053/100/946
f 1045/373/947 1061/377/947 1046/374/947
f 1039/97/948 1053/100/948 1054/101/948
f 1046/374/949 1062/378/949 1047/371/949
f 1040/13/950 1054/101/950 1055/102/950
f 1052/98/951 1067/118/951 1068/120/951
f 1059/375/952 1076/383/952 1060/376/952
f 1053/100/953 1068/120/953 1069/121/953
f 1060/376/954 1077/384/954 1061/377/954
f 1054/101/955 1069/121/955 1070/122/955
f 1061/377/956 1078/385/956 1062/378/956
f 1055/102/957 1070/122/957 1071/111/957
f 1048/104/958 1063/123/958 1064/114/958
f 1289/386/959 1062/378/959 1078/385/959
f 1055/102/960 1072/112/960 1056/106/960
f 1049/105/961 1064/114/961 1065/113/961
f 1056/106/962 1073/115/962 1057/108/962
f 1050/107/963 1065/113/963 1066/116/963
f 1057/108/964 1074/381/964 1058/380/964
f 1051/99/965 1066/116/965 1067/118/965
f 1058/380/966 1075/382/966 1059/375/966
f 1071/111/967 1087/129/967 1072/112/967
f 1065/113/968 1079/128/968 1080/130/968
f 1072/112/969 1088/131/969 1073/115/969
f 1066/116/970 1080/130/970 1081/132/970
f 1073/115/971 1089/391/971 1074/381/971
f 1067/118/972 1081/132/972 1082/135/972
f 1074/381/973 1090/392/973 1075/382/973
f 1068/120/974 1082/135/974 1083/136/974
f 1075/382/975 1091/387/975 1076/383/975
f 1069/121/976 1083/136/976 1084/124/976
f 1076/383/977 1092/388/977 1077/384/977
f 1070/122/978 1084/124/978 1085/125/978
f 1077/384/979 1093/389/979 1078/385/979
f 1071/111/980 1085/125/980 1086/126/980
f 1064/114/981 1063/127/981 1079/128/981
f 1289/390/982 1078/385/982 1093/389/982
f 1090/392/983 1106/395/983 1091/387/983
f 1084/124/984 1098/145/984 1099/146/984
f 1091/387/985 1107/396/985 1092/388/985
f 1085/125/986 1099/146/986 1100/149/986
f 1092/388/987 1108/397/987 1093/389/987
f 1086/126/988 1100/149/988 1101/150/988
f 1079/128/989 1063/152/989 1094/153/989
f 1289/398/990 1093/389/990 1108/397/990
f 1086/126/991 1102/137/991 1087/129/991
f 1080/130/992 1094/153/992 1095/141/992
f 1087/129/993 1103/142/993 1088/131/993
f 1081/132/994 1095/141/994 1096/140/994
f 1088/131/995 1104/393/995 1089/391/995
f 1082/135/996 1096/140/996 1097/167/996
f 1089/391/997 1105/394/997 1090/392/997
f 1083/136/998 1097/167/998 1098/145/998
f 1094/153/999 1110/159/999 1095/141/999
f 1103/142/1000 1117/405/1000 1118/406/1000
f 1095/141/1001 1111/407/1001 1096/140/1001
f 1104/393/1002 1118/406/1002 1119/408/1002
f 1096/140/1003 1112/409/1003 1097/167/1003
f 1105/394/1004 1119/408/1004 1120/410/1004
f 1097/167/1005 1113/411/1005 1098/145/1005
f 1106/395/1006 1120/410/1006 1121/412/1006
f 1098/145/1007 1114/400/1007 1099/146/1007
f 1107/396/1008 1121/412/1008 1122/399/1008
f 1099/146/1009 1115/401/1009 1100/149/1009
f 1108/397/1010 1122/399/1010 1123/402/1010
f 1100/149/1011 1116/403/1011 1101/150/1011
f 1094/153/1012 1063/156/1012 1109/157/1012
f 1289/404/1013 1108/397/1013 1123/402/1013
f 1102/137/1014 1116/403/1014 1117/405/1014
f 1113/411/1015 1129/420/1015 1114/400/1015
f 1122/399/1016 1136/419/1016 1137/421/1016
f 1114/400/1017 1130/422/1017 1115/401/1017
f 1123/402/1018 1137/421/1018 1138/423/1018
f 1115/401/1019 1131/424/1019 1116/403/1019
f 1109/157/1020 1063/169/1020 1124/170/1020
f 1289/425/1021 1123/402/1021 1138/423/1021
f 1117/405/1022 1131/424/1022 1132/426/1022
f 1109/157/1023 1125/413/1023 1110/159/1023
f 1118/406/1024 1132/426/1024 1133/427/1024
f 1110/159/1025 1126/414/1025 1111/407/1025
f 1119/408/1026 1133/427/1026 1134/415/1026
f 1111/407/1027 1127/416/1027 1112/409/1027
f 1120/410/1028 1134/415/1028 1135/417/1028
f 1112/409/1029 1128/418/1029 1113/411/1029
f 1121/412/1030 1135/417/1030 1136/419/1030
f 1133/427/1031 1147/435/1031 1148/437/1031
f 1125/413/1032 1141/438/1032 1126/414/1032
f 1134/415/1033 1148/437/1033 1149/439/1033
f 1126/414/1034 1142/440/1034 1127/416/1034
f 1135/417/1035 1149/439/1035 1150/441/1035
f 1127/416/1036 1143/442/1036 1128/418/1036
f 1136/419/1037 1150/441/1037 1151/443/1037
f 1128/418/1038 1144/428/1038 1129/420/1038
f 1137/421/1039 1151/443/1039 1152/444/1039
f 1129/420/1040 1145/429/1040 1130/422/1040
f 1138/423/1041 1152/444/1041 1153/430/1041
f 1130/422/1042 1146/431/1042 1131/424/1042
f 1124/170/1043 1063/432/1043 1139/433/1043
f 1289/434/1044 1138/423/1044 1153/430/1044
f 1132/426/1045 1146/431/1045 1147/435/1045
f 1124/170/1046 1140/436/1046 1125/413/1046
f 1152/444/1047 1166/449/1047 1167/451/1047
f 1144/428/1048 1160/452/1048 1145/429/1048
f 1153/430/1049 1167/451/1049 1168/453/1049
f 1145/429/1050 1161/454/1050 1146/431/1050
f 1139/433/1051 1063/174/1051 1154/455/1051
f 1289/456/1052 1153/430/1052 1168/453/1052
f 1147/435/1053 1161/454/1053 1162/457/1053
f 1139/433/1054 1155/458/1054 1140/436/1054
f 1148/437/1055 1162/457/1055 1163/459/1055
f 1140/436/1056 1156/446/1056 1141/438/1056
f 1149/439/1057 1163/459/1057 1164/445/1057
f 1141/438/1058 1157/447/1058 1142/440/1058
f 1150/441/1059 1164/445/1059 1165/7/1059
f 1142/440/1060 1158/448/1060 1143/442/1060
f 1151/443/1061 1165/7/1061 1166/449/1061
f 1143/442/1062 1159/450/1062 1144/428/1062
f 1164/445/1063 1178/467/1063 1179/469/1063
f 1156/446/1064 1172/470/1064 1157/447/1064
f 1165/7/1065 1179/469/1065 1180/471/1065
f 1157/447/1066 1173/472/1066 1158/448/1066
f 1166/449/1067 1180/471/1067 1181/473/1067
f 1158/448/1068 1174/474/1068 1159/450/1068
f 1167/451/1069 1181/473/1069 1182/475/1069
f 1159/450/1070 1175/461/1070 1160/452/1070
f 1168/453/1071 1182/475/1071 1183/460/1071
f 1160/452/1072 1176/462/1072 1161/454/1072
f 1154/455/1073 1063/177/1073 1169/463/1073
f 1289/464/1074 1168/453/1074 1183/460/1074
f 1162/457/1075 1176/462/1075 1177/465/1075
f 1154/455/1076 1170/466/1076 1155/458/1076
f 1163/459/1077 1177/465/1077 1178/467/1077
f 1155/458/1078 1171/468/1078 1156/446/1078
f 1183/460/1079 1197/481/1079 1198/483/1079
f 1175/461/1080 1191/484/1080 1176/462/1080
f 1169/463/1081 1063/180/1081 1184/485/1081
f 1289/486/1082 1183/460/1082 1198/483/1082
f 1177/465/1083 1191/484/1083 1192/487/1083
f 1169/463/1084 1185/488/1084 1170/466/1084
f 1178/467/1085 1192/487/1085 1193/489/1085
f 1170/466/1086 1186/490/1086 1171/468/1086
f 1179/469/1087 1193/489/1087 1194/491/1087
f 1171/468/1088 1187/477/1088 1172/470/1088
f 1180/471/1089 1194/491/1089 1195/476/1089
f 1172/470/1090 1188/478/1090 1173/472/1090
f 1181/473/1091 1195/476/1091 1196/479/1091
f 1173/472/1092 1189/480/1092 1174/474/1092
f 1182/475/1093 1196/479/1093 1197/481/1093
f 1174/474/1094 1190/482/1094 1175/461/1094
f 1186/490/1095 1202/500/1095 1187/477/1095
f 1195/476/1096 1209/499/1096 1210/501/1096
f 1187/477/1097 1203/502/1097 1188/478/1097
f 1196/479/1098 1210/501/1098 1211/503/1098
f 1188/478/1099 1204/504/1099 1189/480/1099
f 1197/481/1100 1211/503/1100 1212/505/1100
f 1189/480/1101 1205/506/1101 1190/482/1101
f 1198/483/1102 1212/505/1102 1213/494/1102
f 1190/482/1103 1206/507/1103 1191/484/1103
f 1184/485/1104 1063/183/1104 1199/492/1104
f 1289/493/1105 1198/483/1105 1213/494/1105
f 1192/487/1106 1206/507/1106 1207/495/1106
f 1184/485/1107 1200/496/1107 1185/488/1107
f 1193/489/1108 1207/495/1108 1208/497/1108
f 1185/488/1109 1201/498/1109 1186/490/1109
f 1194/491/1110 1208/497/1110 1209/499/1110
f 1205/506/1111 1221/515/1111 1206/507/1111
f 1199/492/1112 1063/516/1112 1214/517/1112
f 1289/518/1113 1213/494/1113 1228/514/1113
f 1207/495/1114 1221/515/1114 1222/519/1114
f 1199/492/1115 1215/520/1115 1200/496/1115
f 1208/497/1116 1222/519/1116 1223/521/1116
f 1200/496/1117 1216/522/1117 1201/498/1117
f 1209/499/1118 1223/521/1118 1224/523/1118
f 1201/498/1119 1217/508/1119 1202/500/1119
f 1210/501/1120 1224/523/1120 1225/524/1120
f 1202/500/1121 1218/509/1121 1203/502/1121
f 1211/503/1122 1225/524/1122 1226/510/1122
f 1203/502/1123 1219/511/1123 1204/504/1123
f 1212/505/1124 1226/510/1124 1227/512/1124
f 1204/504/1125 1220/513/1125 1205/506/1125
f 1213/494/1126 1227/512/1126 1228/514/1126
f 1224/523/1127 1240/532/1127 1225/524/1127
f 1218/509/1128 1232/531/1128 1233/533/1128
f 1225/524/1129 1241/534/1129 1226/510/1129
f 1219/511/1130 1233/533/1130 1234/535/1130
f 1226/510/1131 1242/536/1131 1227/512/1131
f 1220/513/1132 1234/535/1132 1235/537/1132
f 1227/512/1133 1243/538/1133 1228/514/1133
f 1221/515/1134 1235/537/1134 1236/525/1134
f 1214/517/1135 1063/189/1135 1229/539/1135
f 1289/540/1136 1228/514/1136 1243/538/1136
f 1221/515/1137 1237/526/1137 1222/519/1137
f 1215/520/1138 1229/539/1138 1230/527/1138
f 1222/519/1139 1238/528/1139 1223/521/1139
f 1216/522/1140 1230/527/1140 1231/529/1140
f 1223/521/1141 1239/530/1141 1224/523/1141
f 1217/508/1142 1231/529/1142 1232/531/1142
f 1229/539/1143 1063/192/1143 1244/548/1143
f 1289/549/1144 1243/538/1144 1258/546/1144
f 1236/525/1145 1252/550/1145 1237/526/1145
f 1230/527/1146 1244/548/1146 1245/551/1146
f 1237/526/1147 1253/552/1147 1238/528/1147
f 1231/529/1148 1245/551/1148 1246/553/1148
f 1238/528/1149 1254/554/1149 1239/530/1149
f 1232/531/1150 1246/553/1150 1247/555/1150
f 1239/530/1151 1255/541/1151 1240/532/1151
f 1233/533/1152 1247/555/1152 1248/556/1152
f 1240/532/1153 1256/542/1153 1241/534/1153
f 1234/535/1154 1248/556/1154 1249/543/1154
f 1241/534/1155 1257/544/1155 1242/536/1155
f 1235/537/1156 1249/543/1156 1250/545/1156
f 1242/536/1157 1258/546/1157 1243/538/1157
f 1236/525/1158 1250/545/1158 1251/547/1158
f 1248/556/1159 1262/562/1159 1263/564/1159
f 1255/541/1160 1271/565/1160 1256/542/1160
f 1249/543/1161 1263/564/1161 1264/566/1161
f 1256/542/1162 1272/567/1162 1257/544/1162
f 1250/545/1163 1264/566/1163 1265/568/1163
f 1257/544/1164 1273/569/1164 1258/546/1164
f 1251/547/1165 1265/568/1165 1266/570/1165
f 1244/548/1166 1063/195/1166 1259/571/1166
f 1289/572/1167 1258/546/1167 1273/569/1167
f 1251/547/1168 1267/558/1168 1252/550/1168
f 1245/551/1169 1259/571/1169 1260/557/1169
f 1252/550/1170 1268/559/1170 1253/552/1170
f 1246/553/1171 1260/557/1171 1261/560/1171
f 1253/552/1172 1269/561/1172 1254/554/1172
f 1247/555/1173 1261/560/1173 1262/562/1173
f 1254/554/1174 1270/563/1174 1255/541/1174
f 1266/570/1175 1282/581/1175 1267/558/1175
f 1260/557/1176 1274/579/1176 1275/582/1176
f 1267/558/1177 1283/583/1177 1268/559/1177
f 1261/560/1178 1275/582/1178 1276/584/1178
f 1268/559/1179 1284/585/1179 1269/561/1179
f 1262/562/1180 1276/584/1180 1277/586/1180
f 1269/561/1181 1285/587/1181 1270/563/1181
f 1263/564/1182 1277/586/1182 1278/588/1182
f 1270/563/1183 1286/574/1183 1271/565/1183
f 1264/566/1184 1278/588/1184 1279/573/1184
f 1271/565/1185 1287/575/1185 1272/567/1185
f 1265/568/1186 1279/573/1186 1280/576/1186
f 1272/567/1187 1288/577/1187 1273/569/1187
f 1266/570/1188 1280/576/1188 1281/578/1188
f 1259/571/1189 1063/198/1189 1274/579/1189
f 1289/580/1190 1273/569/1190 1288/577/1190
f 1285/587/1191 1302/596/1191 1286/574/1191
f 1279/573/1192 1294/595/1192 1295/597/1192
f 1286/574/1193 1303/598/1193 1287/575/1193
f 1280/576/1194 1295/597/1194 1296/599/1194
f 1287/575/1195 1304/600/1195 1288/577/1195
f 1281/578/1196 1296/599/1196 1297/601/1196
f 1274/579/1197 1063/201/1197 1290/602/1197
f 1289/603/1198 1288/577/1198 1304/600/1198
f 1281/578/1199 1298/589/1199 1282/581/1199
f 1275/582/1200 1290/602/1200 1291/604/1200
f 1282/581/1201 1299/590/1201 1283/583/1201
f 1276/584/1202 1291/604/1202 1292/591/1202
f 1283/583/1203 1300/592/1203 1284/585/1203
f 1277/586/1204 1292/591/1204 1293/593/1204
f 1284/585/1205 1301/594/1205 1285/587/1205
f 1278/588/1206 1293/593/1206 1294/595/1206
f 1298/589/1207 1314/613/1207 1299/590/1207
f 1292/591/1208 1306/612/1208 1307/614/1208
f 1299/590/1209 1315/615/1209 1300/592/1209
f 1293/593/1210 1307/614/1210 1308/616/1210
f 1300/592/1211 1316/617/1211 1301/594/1211
f 1294/595/1212 1308/616/1212 1309/618/1212
f 1301/594/1213 1317/605/1213 1302/596/1213
f 1295/597/1214 1309/618/1214 1310/619/1214
f 1302/596/1215 1318/606/1215 1303/598/1215
f 1296/599/1216 1310/619/1216 1311/607/1216
f 1303/598/1217 1319/608/1217 1304/600/1217
f 1297/601/1218 1311/607/1218 1312/609/1218
f 1290/602/1219 1063/206/1219 1305/205/1219
f 1289/610/1220 1304/600/1220 1319/608/1220
f 1297/601/1221 1313/611/1221 1298/589/1221
f 1291/604/1222 1305/205/1222 1306/612/1222
f 1317/605/1223 1333/625/1223 1318/606/1223
f 1311/607/1224 1325/626/1224 1326/628/1224
f 1318/606/1225 1334/627/1225 1319/608/1225
f 1312/609/1226 1326/628/1226 1327/630/1226
f 1305/205/1227 1063/213/1227 1320/212/1227
f 1289/629/1228 1319/608/1228 1334/627/1228
f 1312/609/1229 1328/631/1229 1313/611/1229
f 1306/612/1230 1320/212/1230 1321/209/1230
f 1313/611/1231 1329/632/1231 1314/613/1231
f 1307/614/1232 1321/209/1232 1322/633/1232
f 1314/613/1233 1330/621/1233 1315/615/1233
f 1308/616/1234 1322/633/1234 1323/620/1234
f 1315/615/1235 1331/622/1235 1316/617/1235
f 1309/618/1236 1323/620/1236 1324/624/1236
f 1316/617/1237 1332/623/1237 1317/605/1237
f 1310/619/1238 1324/624/1238 1325/626/1238
f 1322/633/1239 1336/227/1239 1337/226/1239
f 1329/632/1240 1345/636/1240 1330/621/1240
f 1323/620/1241 1337/226/1241 1338/229/1241
f 1330/621/1242 1346/637/1242 1331/622/1242
f 1324/624/1243 1338/229/1243 1339/233/1243
f 1331/622/1244 1347/638/1244 1332/623/1244
f 1325/626/1245 1339/233/1245 1340/214/1245
f 1332/623/1246 1348/639/1246 1333/625/1246
f 1326/628/1247 1340/214/1247 1341/216/1247
f 1333/625/1248 1349/635/1248 1334/627/1248
f 1327/630/1249 1341/216/1249 1342/222/1249
f 1320/212/1250 1063/220/1250 1335/219/1250
f 1289/634/1251 1334/627/1251 1349/635/1251
f 1327/630/1252 1343/221/1252 1328/631/1252
f 1321/209/1253 1335/219/1253 1336/227/1253
f 1328/631/1254 1344/223/1254 1329/632/1254
f 1340/248/1255 1356/253/1255 1341/252/1255
f 1349/648/1256 1363/645/1256 1364/647/1256
f 1341/252/1257 1357/256/1257 1342/255/1257
f 1335/258/1258 1063/260/1258 1350/259/1258
f 1289/649/1259 1349/648/1259 1364/647/1259
f 1343/262/1260 1357/256/1260 1358/261/1260
f 1335/258/1261 1351/265/1261 1336/264/1261
f 1344/235/1262 1358/261/1262 1359/237/1262
f 1336/264/1263 1352/243/1263 1337/244/1263
f 1345/640/1264 1359/237/1264 1360/650/1264
f 1337/244/1265 1353/240/1265 1338/246/1265
f 1346/642/1266 1360/650/1266 1361/641/1266
f 1338/246/1267 1354/245/1267 1339/249/1267
f 1347/644/1268 1361/641/1268 1362/643/1268
f 1339/249/1269 1355/250/1269 1340/248/1269
f 1348/646/1270 1362/643/1270 1363/645/1270
f 1360/650/1271 1374/272/1271 1375/653/1271
f 1352/243/1272 1368/275/1272 1353/240/1272
f 1361/641/1273 1375/653/1273 1376/654/1273
f 1353/240/1274 1369/279/1274 1354/245/1274
f 1362/643/1275 1376/654/1275 1377/655/1275
f 1354/245/1276 1370/280/1276 1355/250/1276
f 1363/645/1277 1377/655/1277 1378/656/1277
f 1355/250/1278 1371/266/1278 1356/253/1278
f 1364/647/1279 1378/656/1279 1379/652/1279
f 1356/253/1280 1372/269/1280 1357/256/1280
f 1350/259/1281 1063/267/1281 1365/268/1281
f 1289/651/1282 1364/647/1282 1379/652/1282
f 1358/261/1283 1372/269/1283 1373/270/1283
f 1350/259/1284 1366/271/1284 1351/265/1284
f 1359/237/1285 1373/270/1285 1374/272/1285
f 1351/265/1286 1367/273/1286 1352/243/1286
f 1379/652/1287 1393/658/1287 1394/659/1287
f 1371/266/1288 1387/287/1288 1372/269/1288
f 1365/268/1289 1063/285/1289 1380/286/1289
f 1289/660/1290 1379/652/1290 1394/659/1290
f 1373/270/1291 1387/287/1291 1388/289/1291
f 1365/268/1292 1381/288/1292 1366/271/1292
f 1374/272/1293 1388/289/1293 1389/290/1293
f 1366/271/1294 1382/291/1294 1367/273/1294
f 1375/653/1295 1389/290/1295 1390/661/1295
f 1367/273/1296 1383/281/1296 1368/275/1296
f 1376/654/1297 1390/661/1297 1391/662/1297
f 1368/275/1298 1384/282/1298 1369/279/1298
f 1377/655/1299 1391/662/1299 1392/657/1299
f 1369/279/1300 1385/283/1300 1370/280/1300
f 1378/656/1301 1392/657/1301 1393/658/1301
f 1370/280/1302 1386/284/1302 1371/266/1302
f 1382/291/1303 1398/301/1303 1383/281/1303
f 1391/662/1304 1405/663/1304 1406/664/1304
f 1383/281/1305 1399/302/1305 1384/282/1305
f 1392/657/1306 1406/664/1306 1407/665/1306
f 1384/282/1307 1400/303/1307 1385/283/1307
f 1393/658/1308 1407/665/1308 1408/666/1308
f 1385/283/1309 1401/304/1309 1386/284/1309
f 1394/659/1310 1408/666/1310 1409/667/1310
f 1386/284/1311 1402/294/1311 1387/287/1311
f 1380/286/1312 1063/292/1312 1395/293/1312
f 1289/668/1313 1394/659/1313 1409/667/1313
f 1388/289/1314 1402/294/1314 1403/311/1314
f 1380/286/1315 1396/295/1315 1381/288/1315
f 1389/290/1316 1403/311/1316 1404/296/1316
f 1381/288/1317 1397/297/1317 1382/291/1317
f 1390/661/1318 1404/296/1318 1405/663/1318
f 1401/304/1319 1417/312/1319 1402/294/1319
f 1395/293/1320 1063/309/1320 1410/310/1320
f 1289/672/1321 1409/667/1321 1424/671/1321
f 1403/311/1322 1417/312/1322 1418/314/1322
f 1395/293/1323 1411/313/1323 1396/295/1323
f 1404/296/1324 1418/314/1324 1419/323/1324
f 1396/295/1325 1412/317/1325 1397/297/1325
f 1405/663/1326 1419/323/1326 1420/673/1326
f 1397/297/1327 1413/305/1327 1398/301/1327
f 1406/664/1328 1420/673/1328 1421/674/1328
f 1398/301/1329 1414/306/1329 1399/302/1329
f 1407/665/1330 1421/674/1330 1422/669/1330
f 1399/302/1331 1415/307/1331 1400/303/1331
f 1408/666/1332 1422/669/1332 1423/670/1332
f 1400/303/1333 1416/308/1333 1401/304/1333
f 1409/667/1334 1423/670/1334 1424/671/1334
f 1421/674/1335 1435/675/1335 1436/676/1335
f 1413/305/1336 1429/328/1336 1414/306/1336
f 1422/669/1337 1436/676/1337 1437/677/1337
f 1414/306/1338 1430/329/1338 1415/307/1338
f 1423/670/1339 1437/677/1339 1438/678/1339
f 1415/307/1340 1431/330/1340 1416/308/1340
f 1424/671/1341 1438/678/1341 1439/679/1341
f 1416/308/1342 1432/334/1342 1417/312/1342
f 1410/310/1343 1063/331/1343 1425/320/1343
f 1289/680/1344 1424/671/1344 1439/679/1344
f 1418/314/1345 1432/334/1345 1433/319/1345
f 1410/310/1346 1426/321/1346 1411/313/1346
f 1419/323/1347 1433/319/1347 1434/322/1347
f 1411/313/1348 1427/324/1348 1412/317/1348
f 1420/673/1349 1434/322/1349 1435/675/1349
f 1412/317/1350 1428/327/1350 1413/305/1350
f 1289/683/1351 1439/679/1351 1454/682/1351
f 1433/319/1352 1447/338/1352 1448/345/1352
f 1425/320/1353 1441/339/1353 1426/321/1353
f 1434/322/1354 1448/345/1354 1449/340/1354
f 1426/321/1355 1442/341/1355 1427/324/1355
f 1435/675/1356 1449/340/1356 1450/684/1356
f 1427/324/1357 1443/344/1357 1428/327/1357
f 1436/676/1358 1450/684/1358 1451/685/1358
f 1428/327/1359 1444/332/1359 1429/328/1359
f 1437/677/1360 1451/685/1360 1452/686/1360
f 1429/328/1361 1445/333/1361 1430/329/1361
f 1438/678/1362 1452/686/1362 1453/681/1362
f 1430/329/1363 1446/335/1363 1431/330/1363
f 1439/679/1364 1453/681/1364 1454/682/1364
f 1431/330/1365 1447/338/1365 1432/334/1365
f 1425/320/1366 1063/336/1366 1440/337/1366
f 1452/686/1367 1460/349/1367 1461/351/1367
f 1444/332/1368 1458/57/1368 1445/333/1368
f 1453/681/1369 1461/351/1369 1462/353/1369
f 1445/333/1370 984/59/1370 1446/335/1370
f 1454/682/1371 1462/353/1371 1463/355/1371
f 1446/335/1372 985/37/1372 1447/338/1372
f 1440/337/1373 1063/346/1373 1455/38/1373
f 1289/687/1374 1454/682/1374 1463/355/1374
f 1448/345/1375 985/37/1375 986/35/1375
f 1440/337/1376 1456/43/1376 1441/339/1376
f 1449/340/1377 986/35/1377 1459/41/1377
f 1441/339/1378 982/50/1378 1442/341/1378
f 1450/684/1379 1459/41/1379 987/347/1379
f 1442/341/1380 1457/51/1380 1443/344/1380
f 1451/685/1381 987/347/1381 1460/349/1381
f 1443/344/1382 983/56/1382 1444/332/1382
f 1939/51/1383 1472/44/1383 1473/49/1383
f 1942/349/1384 1480/348/1384 1481/350/1384
f 1465/56/1385 1473/49/1385 1474/54/1385
f 1942/349/1386 1482/352/1386 1943/351/1386
f 1940/57/1387 1474/54/1387 1475/55/1387
f 1943/351/1388 1483/354/1388 1944/353/1388
f 1940/57/1389 1476/58/1389 1466/59/1389
f 1944/353/1390 1484/356/1390 1945/355/1390
f 1466/59/1391 1477/36/1391 1467/37/1391
f 1937/38/1392 1545/60/1392 1470/40/1392
f 1771/357/1393 1945/355/1393 1484/356/1393
f 1468/35/1394 1477/36/1394 1478/42/1394
f 1937/38/1395 1471/39/1395 1938/43/1395
f 1941/41/1396 1478/42/1396 1479/45/1396
f 1464/50/1397 1471/39/1397 1472/44/1397
f 1941/41/1398 1480/348/1398 1469/347/1398
f 1479/45/1399 1493/65/1399 1494/67/1399
f 1472/44/1400 1486/64/1400 1487/66/1400
f 1480/348/1401 1494/67/1401 1495/360/1401
f 1473/49/1402 1487/66/1402 1488/68/1402
f 1480/348/1403 1496/361/1403 1481/350/1403
f 1473/49/1404 1489/69/1404 1474/54/1404
f 1481/350/1405 1497/362/1405 1482/352/1405
f 1474/54/1406 1490/70/1406 1475/55/1406
f 1483/354/1407 1497/362/1407 1498/363/1407
f 1475/55/1408 1491/71/1408 1476/58/1408
f 1484/356/1409 1498/363/1409 1499/359/1409
f 1476/58/1410 1492/61/1410 1477/36/1410
f 1470/40/1411 1545/62/1411 1485/63/1411
f 1771/358/1412 1484/356/1412 1499/359/1412
f 1478/42/1413 1492/61/1413 1493/65/1413
f 1471/39/1414 1485/63/1414 1486/64/1414
f 1498/363/1415 1512/366/1415 1513/367/1415
f 1490/70/1416 1506/75/1416 1491/71/1416
f 1498/363/1417 1514/368/1417 1499/359/1417
f 1492/61/1418 1506/75/1418 1507/76/1418
f 1485/63/1419 1545/77/1419 1500/78/1419
f 1771/369/1420 1499/359/1420 1514/368/1420
f 1492/61/1421 1508/80/1421 1493/65/1421
f 1486/64/1422 1500/78/1422 1501/79/1422
f 1494/67/1423 1508/80/1423 1509/82/1423
f 1486/64/1424 1502/81/1424 1487/66/1424
f 1494/67/1425 1510/364/1425 1495/360/1425
f 1488/68/1426 1502/81/1426 1503/73/1426
f 1495/360/1427 1511/365/1427 1496/361/1427
f 1489/69/1428 1503/73/1428 1504/72/1428
f 1496/361/1429 1512/366/1429 1497/362/1429
f 1490/70/1430 1504/72/1430 1505/74/1430
f 1509/82/1431 1525/372/1431 1510/364/1431
f 1502/81/1432 1518/14/1432 1503/73/1432
f 1510/364/1433 1526/17/1433 1511/365/1433
f 1504/72/1434 1518/14/1434 1519/95/1434
f 1512/366/1435 1526/17/1435 1527/373/1435
f 1505/74/1436 1519/95/1436 1520/96/1436
f 1512/366/1437 1528/374/1437 1513/367/1437
f 1505/74/1438 1521/97/1438 1506/75/1438
f 1513/367/1439 1529/371/1439 1514/368/1439
f 1506/75/1440 1522/13/1440 1507/76/1440
f 1500/78/1441 1545/87/1441 1515/88/1441
f 1771/370/1442 1514/368/1442 1529/371/1442
f 1507/76/1443 1523/89/1443 1508/80/1443
f 1500/78/1444 1516/90/1444 1501/79/1444
f 1509/82/1445 1523/89/1445 1524/91/1445
f 1502/81/1446 1516/90/1446 1517/92/1446
f 1528/374/1447 1544/378/1447 1529/371/1447
f 1521/97/1448 1537/102/1448 1522/13/1448
f 1515/88/1449 1545/103/1449 1530/104/1449
f 1771/379/1450 1529/371/1450 1544/378/1450
f 1523/89/1451 1537/102/1451 1538/106/1451
f 1515/88/1452 1531/105/1452 1516/90/1452
f 1523/89/1453 1539/108/1453 1524/91/1453
f 1517/92/1454 1531/105/1454 1532/107/1454
f 1524/91/1455 1540/380/1455 1525/372/1455
f 1518/14/1456 1532/107/1456 1533/99/1456
f 1525/372/1457 1541/375/1457 1526/17/1457
f 1518/14/1458 1534/98/1458 1519/95/1458
f 1526/17/1459 1542/376/1459 1527/373/1459
f 1519/95/1460 1535/100/1460 1520/96/1460
f 1528/374/1461 1542/376/1461 1543/377/1461
f 1521/97/1462 1535/100/1462 1536/101/1462
f 1532/107/1463 1549/118/1463 1533/99/1463
f 1540/380/1464 1557/382/1464 1541/375/1464
f 1533/99/1465 1550/120/1465 1534/98/1465
f 1542/376/1466 1557/382/1466 1558/383/1466
f 1534/98/1467 1551/121/1467 1535/100/1467
f 1542/376/1468 1559/384/1468 1543/377/1468
f 1536/101/1469 1551/121/1469 1552/122/1469
f 1544/378/1470 1559/384/1470 1560/385/1470
f 1536/101/1471 1553/111/1471 1537/102/1471
f 1530/104/1472 1545/123/1472 1546/114/1472
f 1771/386/1473 1544/378/1473 1560/385/1473
f 1538/106/1474 1553/111/1474 1554/112/1474
f 1530/104/1475 1547/113/1475 1531/105/1475
f 1538/106/1476 1555/115/1476 1539/108/1476
f 1531/105/1477 1548/116/1477 1532/107/1477
f 1539/108/1478 1556/381/1478 1540/380/1478
f 1552/122/1479 1568/126/1479 1553/111/1479
f 1546/114/1480 1545/127/1480 1561/128/1480
f 1771/390/1481 1560/385/1481 1575/389/1481
f 1553/111/1482 1569/129/1482 1554/112/1482
f 1546/114/1483 1562/130/1483 1547/113/1483
f 1554/112/1484 1570/131/1484 1555/115/1484
f 1548/116/1485 1562/130/1485 1563/132/1485
f 1556/381/1486 1570/131/1486 1571/391/1486
f 1548/116/1487 1564/135/1487 1549/118/1487
f 1556/381/1488 1572/392/1488 1557/382/1488
f 1550/120/1489 1564/135/1489 1565/136/1489
f 1558/383/1490 1572/392/1490 1573/387/1490
f 1550/120/1491 1566/124/1491 1551/121/1491
f 1558/383/1492 1574/388/1492 1559/384/1492
f 1551/121/1493 1567/125/1493 1552/122/1493
f 1560/385/1494 1574/388/1494 1575/389/1494
f 1571/391/1495 1587/394/1495 1572/392/1495
f 1565/136/1496 1579/167/1496 1580/145/1496
f 1573/387/1497 1587/394/1497 1588/395/1497
f 1565/136/1498 1581/146/1498 1566/124/1498
f 1573/387/1499 1589/396/1499 1574/388/1499
f 1566/124/1500 1582/149/1500 1567/125/1500
f 1575/389/1501 1589/396/1501 1590/397/1501
f 1567/125/1502 1583/150/1502 1568/126/1502
f 1561/128/1503 1545/152/1503 1576/153/1503
f 1771/398/1504 1575/389/1504 1590/397/1504
f 1569/129/1505 1583/150/1505 1584/137/1505
f 1561/128/1506 1577/141/1506 1562/130/1506
f 1569/129/1507 1585/142/1507 1570/131/1507
f 1562/130/1508 1578/140/1508 1563/132/1508
f 1570/131/1509 1586/393/1509 1571/391/1509
f 1563/132/1510 1579/167/1510 1564/135/1510
f 1576/153/1511 1545/156/1511 1591/157/1511
f 1771/404/1512 1590/397/1512 1605/402/1512
f 1583/150/1513 1599/405/1513 1584/137/1513
f 1576/153/1514 1592/159/1514 1577/141/1514
f 1584/137/1515 1600/406/1515 1585/142/1515
f 1578/140/1516 1592/159/1516 1593/407/1516
f 1586/393/1517 1600/406/1517 1601/408/1517
f 1579/167/1518 1593/407/1518 1594/409/1518
f 1587/394/1519 1601/408/1519 1602/410/1519
f 1579/167/1520 1595/411/1520 1580/145/1520
f 1587/394/1521 1603/412/1521 1588/395/1521
f 1580/145/1522 1596/400/1522 1581/146/1522
f 1588/395/1523 1604/399/1523 1589/396/1523
f 1581/146/1524 1597/401/1524 1582/149/1524
f 1590/397/1525 1604/399/1525 1605/402/1525
f 1583/150/1526 1597/401/1526 1598/403/1526
f 1594/409/1527 1610/418/1527 1595/411/1527
f 1602/410/1528 1618/419/1528 1603/412/1528
f 1595/411/1529 1611/420/1529 1596/400/1529
f 1604/399/1530 1618/419/1530 1619/421/1530
f 1596/400/1531 1612/422/1531 1597/401/1531
f 1604/399/1532 1620/423/1532 1605/402/1532
f 1597/401/1533 1613/424/1533 1598/403/1533
f 1591/157/1534 1545/169/1534 1606/170/1534
f 1771/425/1535 1605/402/1535 1620/423/1535
f 1599/405/1536 1613/424/1536 1614/426/1536
f 1592/159/1537 1606/170/1537 1607/413/1537
f 1599/405/1538 1615/427/1538 1600/406/1538
f 1592/159/1539 1608/414/1539 1593/407/1539
f 1601/408/1540 1615/427/1540 1616/415/1540
f 1593/407/1541 1609/416/1541 1594/409/1541
f 1601/408/1542 1617/417/1542 1602/410/1542
f 1613/424/1543 1629/435/1543 1614/426/1543
f 1607/413/1544 1621/433/1544 1622/436/1544
f 1614/426/1545 1630/437/1545 1615/427/1545
f 1608/414/1546 1622/436/1546 1623/438/1546
f 1616/415/1547 1630/437/1547 1631/439/1547
f 1608/414/1548 1624/440/1548 1609/416/1548
f 1617/417/1549 1631/439/1549 1632/441/1549
f 1609/416/1550 1625/442/1550 1610/418/1550
f 1618/419/1551 1632/441/1551 1633/443/1551
f 1610/418/1552 1626/428/1552 1611/420/1552
f 1618/419/1553 1634/444/1553 1619/421/1553
f 1612/422/1554 1626/428/1554 1627/429/1554
f 1619/421/1555 1635/430/1555 1620/423/1555
f 1612/422/1556 1628/431/1556 1613/424/1556
f 1606/170/1557 1545/432/1557 1621/433/1557
f 1771/434/1558 1620/423/1558 1635/430/1558
f 1633/443/1559 1647/7/1559 1648/449/1559
f 1625/442/1560 1641/450/1560 1626/428/1560
f 1633/443/1561 1649/451/1561 1634/444/1561
f 1627/429/1562 1641/450/1562 1642/452/1562
f 1634/444/1563 1650/453/1563 1635/430/1563
f 1627/429/1564 1643/454/1564 1628/431/1564
f 1621/433/1565 1545/174/1565 1636/455/1565
f 1771/456/1566 1635/430/1566 1650/453/1566
f 1628/431/1567 1644/457/1567 1629/435/1567
f 1621/433/1568 1637/458/1568 1622/436/1568
f 1629/435/1569 1645/459/1569 1630/437/1569
f 1623/438/1570 1637/458/1570 1638/446/1570
f 1631/439/1571 1645/459/1571 1646/445/1571
f 1623/438/1572 1639/447/1572 1624/440/1572
f 1631/439/1573 1647/7/1573 1632/441/1573
f 1625/442/1574 1639/447/1574 1640/448/1574
f 1640/448/1575 1654/470/1575 1655/472/1575
f 1647/7/1576 1663/473/1576 1648/449/1576
f 1640/448/1577 1656/474/1577 1641/450/1577
f 1648/449/1578 1664/475/1578 1649/451/1578
f 1642/452/1579 1656/474/1579 1657/461/1579
f 1650/453/1580 1664/475/1580 1665/460/1580
f 1642/452/1581 1658/462/1581 1643/454/1581
f 1636/455/1582 1545/177/1582 1651/463/1582
f 1771/464/1583 1650/453/1583 1665/460/1583
f 1644/457/1584 1658/462/1584 1659/465/1584
f 1636/455/1585 1652/466/1585 1637/458/1585
f 1644/457/1586 1660/467/1586 1645/459/1586
f 1638/446/1587 1652/466/1587 1653/468/1587
f 1645/459/1588 1661/469/1588 1646/445/1588
f 1639/447/1589 1653/468/1589 1654/470/1589
f 1646/445/1590 1662/471/1590 1647/7/1590
f 1659/465/1591 1673/484/1591 1674/487/1591
f 1652/466/1592 1666/485/1592 1667/488/1592
f 1659/465/1593 1675/489/1593 1660/467/1593
f 1652/466/1594 1668/490/1594 1653/468/1594
f 1661/469/1595 1675/489/1595 1676/491/1595
f 1653/468/1596 1669/477/1596 1654/470/1596
f 1661/469/1597 1677/476/1597 1662/471/1597
f 1655/472/1598 1669/477/1598 1670/478/1598
f 1663/473/1599 1677/476/1599 1678/479/1599
f 1655/472/1600 1671/480/1600 1656/474/1600
f 1664/475/1601 1678/479/1601 1679/481/1601
f 1657/461/1602 1671/480/1602 1672/482/1602
f 1664/475/1603 1680/483/1603 1665/460/1603
f 1657/461/1604 1673/484/1604 1658/462/1604
f 1651/463/1605 1545/180/1605 1666/485/1605
f 1771/486/1606 1665/460/1606 1680/483/1606
f 1677/476/1607 1693/503/1607 1678/479/1607
f 1670/478/1608 1686/504/1608 1671/480/1608
f 1679/481/1609 1693/503/1609 1694/505/1609
f 1672/482/1610 1686/504/1610 1687/506/1610
f 1680/483/1611 1694/505/1611 1695/494/1611
f 1673/484/1612 1687/506/1612 1688/507/1612
f 1666/485/1613 1545/183/1613 1681/492/1613
f 1771/493/1614 1680/483/1614 1695/494/1614
f 1673/484/1615 1689/495/1615 1674/487/1615
f 1666/485/1616 1682/496/1616 1667/488/1616
f 1674/487/1617 1690/497/1617 1675/489/1617
f 1667/488/1618 1683/498/1618 1668/490/1618
f 1676/491/1619 1690/497/1619 1691/499/1619
f 1669/477/1620 1683/498/1620 1684/500/1620
f 1677/476/1621 1691/499/1621 1692/501/1621
f 1670/478/1622 1684/500/1622 1685/502/1622
f 1682/496/1623 1696/517/1623 1697/520/1623
f 1689/495/1624 1705/521/1624 1690/497/1624
f 1683/498/1625 1697/520/1625 1698/522/1625
f 1691/499/1626 1705/521/1626 1706/523/1626
f 1683/498/1627 1699/508/1627 1684/500/1627
f 1692/501/1628 1706/523/1628 1707/524/1628
f 1684/500/1629 1700/509/1629 1685/502/1629
f 1693/503/1630 1707/524/1630 1708/510/1630
f 1685/502/1631 1701/511/1631 1686/504/1631
f 1693/503/1632 1709/512/1632 1694/505/1632
f 1687/506/1633 1701/511/1633 1702/513/1633
f 1694/505/1634 1710/514/1634 1695/494/1634
f 1688/507/1635 1702/513/1635 1703/515/1635
f 1681/492/1636 1545/516/1636 1696/517/1636
f 1771/518/1637 1695/494/1637 1710/514/1637
f 1688/507/1638 1704/519/1638 1689/495/1638
f 1700/509/1639 1716/535/1639 1701/511/1639
f 1709/512/1640 1723/534/1640 1724/536/1640
f 1702/513/1641 1716/535/1641 1717/537/1641
f 1709/512/1642 1725/538/1642 1710/514/1642
f 1703/515/1643 1717/537/1643 1718/525/1643
f 1696/517/1644 1545/189/1644 1711/539/1644
f 1771/540/1645 1710/514/1645 1725/538/1645
f 1703/515/1646 1719/526/1646 1704/519/1646
f 1697/520/1647 1711/539/1647 1712/527/1647
f 1704/519/1648 1720/528/1648 1705/521/1648
f 1697/520/1649 1713/529/1649 1698/522/1649
f 1706/523/1650 1720/528/1650 1721/530/1650
f 1699/508/1651 1713/529/1651 1714/531/1651
f 1706/523/1652 1722/532/1652 1707/524/1652
f 1700/509/1653 1714/531/1653 1715/533/1653
f 1707/524/1654 1723/534/1654 1708/510/1654
f 1719/526/1655 1735/552/1655 1720/528/1655
f 1713/529/1656 1727/551/1656 1728/553/1656
f 1721/530/1657 1735/552/1657 1736/554/1657
f 1713/529/1658 1729/555/1658 1714/531/1658
f 1721/530/1659 1737/541/1659 1722/532/1659
f 1714/531/1660 1730/556/1660 1715/533/1660
f 1723/534/1661 1737/541/1661 1738/542/1661
f 1715/533/1662 1731/543/1662 1716/535/1662
f 1723/534/1663 1739/544/1663 1724/536/1663
f 1717/537/1664 1731/543/1664 1732/545/1664
f 1724/536/1665 1740/546/1665 1725/538/1665
f 1718/525/1666 1732/545/1666 1733/547/1666
f 1711/539/1667 1545/192/1667 1726/548/1667
f 1771/549/1668 1725/538/1668 1740/546/1668
f 1718/525/1669 1734/550/1669 1719/526/1669
f 1712/527/1670 1726/548/1670 1727/551/1670
f 1738/542/1671 1754/567/1671 1739/544/1671
f 1732/545/1672 1746/566/1672 1747/568/1672
f 1739/544/1673 1755/569/1673 1740/546/1673
f 1732/545/1674 1748/570/1674 1733/547/1674
f 1726/548/1675 1545/195/1675 1741/571/1675
f 1771/572/1676 1740/546/1676 1755/569/1676
f 1733/547/1677 1749/558/1677 1734/550/1677
f 1727/551/1678 1741/571/1678 1742/557/1678
f 1734/550/1679 1750/559/1679 1735/552/1679
f 1728/553/1680 1742/557/1680 1743/560/1680
f 1735/552/1681 1751/561/1681 1736/554/1681
f 1728/553/1682 1744/562/1682 1729/555/1682
f 1737/541/1683 1751/561/1683 1752/563/1683
f 1729/555/1684 1745/564/1684 1730/556/1684
f 1738/542/1685 1752/563/1685 1753/565/1685
f 1731/543/1686 1745/564/1686 1746/566/1686
f 1751/561/1687 1765/583/1687 1766/585/1687
f 1744/562/1688 1758/584/1688 1759/586/1688
f 1751/561/1689 1767/587/1689 1752/563/1689
f 1744/562/1690 1760/588/1690 1745/564/1690
f 1753/565/1691 1767/587/1691 1768/574/1691
f 1745/564/1692 1761/573/1692 1746/566/1692
f 1753/565/1693 1769/575/1693 1754/567/1693
f 1747/568/1694 1761/573/1694 1762/576/1694
f 1754/567/1695 1770/577/1695 1755/569/1695
f 1748/570/1696 1762/576/1696 1763/578/1696
f 1741/571/1697 1545/198/1697 1756/579/1697
f 1771/580/1698 1755/569/1698 1770/577/1698
f 1748/570/1699 1764/581/1699 1749/558/1699
f 1742/557/1700 1756/579/1700 1757/582/1700
f 1749/558/1701 1765/583/1701 1750/559/1701
f 1743/560/1702 1757/582/1702 1758/584/1702
f 1770/577/1703 1785/598/1703 1786/600/1703
f 1762/576/1704 1779/601/1704 1763/578/1704
f 1756/579/1705 1545/201/1705 1772/602/1705
f 1771/603/1706 1770/577/1706 1786/600/1706
f 1763/578/1707 1780/589/1707 1764/581/1707
f 1756/579/1708 1773/604/1708 1757/582/1708
f 1764/581/1709 1781/590/1709 1765/583/1709
f 1757/582/1710 1774/591/1710 1758/584/1710
f 1765/583/1711 1782/592/1711 1766/585/1711
f 1758/584/1712 1775/593/1712 1759/586/1712
f 1766/585/1713 1783/594/1713 1767/587/1713
f 1760/588/1714 1775/593/1714 1776/595/1714
f 1768/574/1715 1783/594/1715 1784/596/1715
f 1760/588/1716 1777/597/1716 1761/573/1716
f 1769/575/1717 1784/596/1717 1785/598/1717
f 1762/576/1718 1777/597/1718 1778/599/1718
f 1774/591/1719 1790/616/1719 1775/593/1719
f 1782/592/1720 1798/617/1720 1783/594/1720
f 1775/593/1721 1791/618/1721 1776/595/1721
f 1784/596/1722 1798/617/1722 1799/605/1722
f 1777/597/1723 1791/618/1723 1792/619/1723
f 1784/596/1724 1800/606/1724 1785/598/1724
f 1778/599/1725 1792/619/1725 1793/607/1725
f 1785/598/1726 1801/608/1726 1786/600/1726
f 1779/601/1727 1793/607/1727 1794/609/1727
f 1772/602/1728 1545/206/1728 1787/205/1728
f 1771/610/1729 1786/600/1729 1801/608/1729
f 1779/601/1730 1795/611/1730 1780/589/1730
f 1773/604/1731 1787/205/1731 1788/612/1731
f 1780/589/1732 1796/613/1732 1781/590/1732
f 1773/604/1733 1789/614/1733 1774/591/1733
f 1781/590/1734 1797/615/1734 1782/592/1734
f 1793/607/1735 1809/630/1735 1794/609/1735
f 1787/205/1736 1545/213/1736 1802/212/1736
f 1771/629/1737 1801/608/1737 1816/627/1737
f 1794/609/1738 1810/631/1738 1795/611/1738
f 1787/205/1739 1803/209/1739 1788/612/1739
f 1795/611/1740 1811/632/1740 1796/613/1740
f 1788/612/1741 1804/633/1741 1789/614/1741
f 1797/615/1742 1811/632/1742 1812/621/1742
f 1789/614/1743 1805/620/1743 1790/616/1743
f 1797/615/1744 1813/622/1744 1798/617/1744
f 1791/618/1745 1805/620/1745 1806/624/1745
f 1799/605/1746 1813/622/1746 1814/623/1746
f 1792/619/1747 1806/624/1747 1807/626/1747
f 1800/606/1748 1814/623/1748 1815/625/1748
f 1793/607/1749 1807/626/1749 1808/628/1749
f 1801/608/1750 1815/625/1750 1816/627/1750
f 1812/621/1751 1828/637/1751 1813/622/1751
f 1805/620/1752 1821/233/1752 1806/624/1752
f 1814/623/1753 1828/637/1753 1829/638/1753
f 1806/624/1754 1822/214/1754 1807/626/1754
f 1815/625/1755 1829/638/1755 1830/639/1755
f 1808/628/1756 1822/214/1756 1823/216/1756
f 1816/627/1757 1830/639/1757 1831/635/1757
f 1808/628/1758 1824/222/1758 1809/630/1758
f 1802/212/1759 1545/220/1759 1817/219/1759
f 1771/634/1760 1816/627/1760 1831/635/1760
f 1809/630/1761 1825/221/1761 1810/631/1761
f 1803/209/1762 1817/219/1762 1818/227/1762
f 1810/631/1763 1826/223/1763 1811/632/1763
f 1804/633/1764 1818/227/1764 1819/226/1764
f 1812/621/1765 1826/223/1765 1827/636/1765
f 1804/633/1766 1820/229/1766 1805/620/1766
f 1817/258/1767 1545/260/1767 1832/259/1767
f 1771/649/1768 1831/648/1768 1846/647/1768
f 1824/255/1769 1840/261/1769 1825/262/1769
f 1817/258/1770 1833/265/1770 1818/264/1770
f 1825/262/1771 1841/237/1771 1826/235/1771
f 1818/264/1772 1834/243/1772 1819/244/1772
f 1827/640/1773 1841/237/1773 1842/650/1773
f 1820/246/1774 1834/243/1774 1835/240/1774
f 1827/640/1775 1843/641/1775 1828/642/1775
f 1821/249/1776 1835/240/1776 1836/245/1776
f 1828/642/1777 1844/643/1777 1829/644/1777
f 1821/249/1778 1837/250/1778 1822/248/1778
f 1829/644/1779 1845/645/1779 1830/646/1779
f 1823/252/1780 1837/250/1780 1838/253/1780
f 1830/646/1781 1846/647/1781 1831/648/1781
f 1823/252/1782 1839/256/1782 1824/255/1782
f 1836/245/1783 1850/275/1783 1851/279/1783
f 1844/643/1784 1858/654/1784 1859/655/1784
f 1836/245/1785 1852/280/1785 1837/250/1785
f 1844/643/1786 1860/656/1786 1845/645/1786
f 1838/253/1787 1852/280/1787 1853/266/1787
f 1845/645/1788 1861/652/1788 1846/647/1788
f 1839/256/1789 1853/266/1789 1854/269/1789
f 1832/259/1790 1545/267/1790 1847/268/1790
f 1771/651/1791 1846/647/1791 1861/652/1791
f 1839/256/1792 1855/270/1792 1840/261/1792
f 1833/265/1793 1847/268/1793 1848/271/1793
f 1840/261/1794 1856/272/1794 1841/237/1794
f 1833/265/1795 1849/273/1795 1834/243/1795
f 1841/237/1796 1857/653/1796 1842/650/1796
f 1834/243/1797 1850/275/1797 1835/240/1797
f 1842/650/1798 1858/654/1798 1843/641/1798
f 1854/269/1799 1870/289/1799 1855/270/1799
f 1848/271/1800 1862/286/1800 1863/288/1800
f 1855/270/1801 1871/290/1801 1856/272/1801
f 1848/271/1802 1864/291/1802 1849/273/1802
f 1856/272/1803 1872/661/1803 1857/653/1803
f 1849/273/1804 1865/281/1804 1850/275/1804
f 1857/653/1805 1873/662/1805 1858/654/1805
f 1851/279/1806 1865/281/1806 1866/282/1806
f 1859/655/1807 1873/662/1807 1874/657/1807
f 1851/279/1808 1867/283/1808 1852/280/1808
f 1859/655/1809 1875/658/1809 1860/656/1809
f 1852/280/1810 1868/284/1810 1853/266/1810
f 1860/656/1811 1876/659/1811 1861/652/1811
f 1854/269/1812 1868/284/1812 1869/287/1812
f 1847/268/1813 1545/285/1813 1862/286/1813
f 1771/660/1814 1861/652/1814 1876/659/1814
f 1873/662/1815 1889/665/1815 1874/657/1815
f 1866/282/1816 1882/303/1816 1867/283/1816
f 1875/658/1817 1889/665/1817 1890/666/1817
f 1867/283/1818 1883/304/1818 1868/284/1818
f 1875/658/1819 1891/667/1819 1876/659/1819
f 1869/287/1820 1883/304/1820 1884/294/1820
f 1862/286/1821 1545/292/1821 1877/293/1821
f 1771/668/1822 1876/659/1822 1891/667/1822
f 1869/287/1823 1885/311/1823 1870/289/1823
f 1862/286/1824 1878/295/1824 1863/288/1824
f 1870/289/1825 1886/296/1825 1871/290/1825
f 1864/291/1826 1878/295/1826 1879/297/1826
f 1871/290/1827 1887/663/1827 1872/661/1827
f 1865/281/1828 1879/297/1828 1880/301/1828
f 1872/661/1829 1888/664/1829 1873/662/1829
f 1865/281/1830 1881/302/1830 1866/282/1830
f 1885/311/1831 1901/323/1831 1886/296/1831
f 1879/297/1832 1893/313/1832 1894/317/1832
f 1887/663/1833 1901/323/1833 1902/673/1833
f 1879/297/1834 1895/305/1834 1880/301/1834
f 1888/664/1835 1902/673/1835 1903/674/1835
f 1880/301/1836 1896/306/1836 1881/302/1836
f 1888/664/1837 1904/669/1837 1889/665/1837
f 1881/302/1838 1897/307/1838 1882/303/1838
f 1889/665/1839 1905/670/1839 1890/666/1839
f 1883/304/1840 1897/307/1840 1898/308/1840
f 1890/666/1841 1906/671/1841 1891/667/1841
f 1884/294/1842 1898/308/1842 1899/312/1842
f 1877/293/1843 1545/309/1843 1892/310/1843
f 1771/672/1844 1891/667/1844 1906/671/1844
f 1884/294/1845 1900/314/1845 1885/311/1845
f 1878/295/1846 1892/310/1846 1893/313/1846
f 1904/669/1847 1920/678/1847 1905/670/1847
f 1898/308/1848 1912/329/1848 1913/330/1848
f 1905/670/1849 1921/679/1849 1906/671/1849
f 1899/312/1850 1913/330/1850 1914/334/1850
f 1892/310/1851 1545/331/1851 1907/320/1851
f 1771/680/1852 1906/671/1852 1921/679/1852
f 1899/312/1853 1915/319/1853 1900/314/1853
f 1893/313/1854 1907/320/1854 1908/321/1854
f 1900/314/1855 1916/322/1855 1901/323/1855
f 1894/317/1856 1908/321/1856 1909/324/1856
f 1901/323/1857 1917/675/1857 1902/673/1857
f 1894/317/1858 1910/327/1858 1895/305/1858
f 1902/673/1859 1918/676/1859 1903/674/1859
f 1896/306/1860 1910/327/1860 1911/328/1860
f 1904/669/1861 1918/676/1861 1919/677/1861
f 1896/306/1862 1912/329/1862 1897/307/1862
f 1909/324/1863 1923/339/1863 1924/341/1863
f 1916/322/1864 1932/684/1864 1917/675/1864
f 1909/324/1865 1925/344/1865 1910/327/1865
f 1917/675/1866 1933/685/1866 1918/676/1866
f 1911/328/1867 1925/344/1867 1926/332/1867
f 1919/677/1868 1933/685/1868 1934/686/1868
f 1911/328/1869 1927/333/1869 1912/329/1869
f 1919/677/1870 1935/681/1870 1920/678/1870
f 1913/330/1871 1927/333/1871 1928/335/1871
f 1921/679/1872 1935/681/1872 1936/682/1872
f 1914/334/1873 1928/335/1873 1929/338/1873
f 1907/320/1874 1545/336/1874 1922/337/1874
f 1771/683/1875 1921/679/1875 1936/682/1875
f 1914/334/1876 1930/345/1876 1915/319/1876
f 1907/320/1877 1923/339/1877 1908/321/1877
f 1915/319/1878 1931/340/1878 1916/322/1878
f 1928/335/1879 1940/57/1879 1466/59/1879
f 1935/681/1880 1945/355/1880 1936/682/1880
f 1929/338/1881 1466/59/1881 1467/37/1881
f 1922/337/1882 1545/346/1882 1937/38/1882
f 1771/687/1883 1936/682/1883 1945/355/1883
f 1929/338/1884 1468/35/1884 1930/345/1884
f 1923/339/1885 1937/38/1885 1938/43/1885
f 1931/340/1886 1468/35/1886 1941/41/1886
f 1924/341/1887 1938/43/1887 1464/50/1887
f 1931/340/1888 1469/347/1888 1932/684/1888
f 1925/344/1889 1464/50/1889 1939/51/1889
f 1932/684/1890 1942/349/1890 1933/685/1890
f 1925/344/1891 1465/56/1891 1926/332/1891
f 1934/686/1892 1942/349/1892 1943/351/1892
f 1927/333/1893 1465/56/1893 1940/57/1893
f 1934/686/1894 1944/353/1894 1935/681/1894
f 2423/41/1895 1960/42/1895 1961/45/1895
f 2420/43/1896 1954/44/1896 1946/50/1896
f 1951/347/1897 1961/45/1897 1962/348/1897
f 1946/50/1898 1955/49/1898 2421/51/1898
f 2424/349/1899 1962/348/1899 1963/350/1899
f 2421/51/1900 1956/54/1900 1947/56/1900
f 2425/351/1901 1963/350/1901 1964/352/1901
f 1947/56/1902 1957/55/1902 2422/57/1902
f 2426/353/1903 1964/352/1903 1965/354/1903
f 2422/57/1904 1958/58/1904 1948/59/1904
f 2427/355/1905 1965/354/1905 1966/356/1905
f 1948/59/1906 1959/36/1906 1949/37/1906
f 2419/38/1907 2027/60/1907 1952/40/1907
f 2253/357/1908 2427/355/1908 1966/356/1908
f 1950/35/1909 1959/36/1909 1960/42/1909
f 2419/38/1910 1953/39/1910 2420/43/1910
f 1960/42/1911 1974/61/1911 1975/65/1911
f 1952/40/1912 1968/64/1912 1953/39/1912
f 1961/45/1913 1975/65/1913 1976/67/1913
f 1953/39/1914 1969/66/1914 1954/44/1914
f 1962/348/1915 1976/67/1915 1977/360/1915
f 1954/44/1916 1970/68/1916 1955/49/1916
f 1963/350/1917 1977/360/1917 1978/361/1917
f 1955/49/1918 1971/69/1918 1956/54/1918
f 1964/352/1919 1978/361/1919 1979/362/1919
f 1956/54/1920 1972/70/1920 1957/55/1920
f 1965/354/1921 1979/362/1921 1980/363/1921
f 1957/55/1922 1973/71/1922 1958/58/1922
f 1966/356/1923 1980/363/1923 1981/359/1923
f 1958/58/1924 1974/61/1924 1959/36/1924
f 1952/40/1925 2027/62/1925 1967/63/1925
f 2253/358/1926 1966/356/1926 1981/359/1926
f 1979/362/1927 1993/365/1927 1994/366/1927
f 1971/69/1928 1987/74/1928 1972/70/1928
f 1980/363/1929 1994/366/1929 1995/367/1929
f 1972/70/1930 1988/75/1930 1973/71/1930
f 1981/359/1931 1995/367/1931 1996/368/1931
f 1973/71/1932 1989/76/1932 1974/61/1932
f 1967/63/1933 2027/77/1933 1982/78/1933
f 2253/369/1934 1981/359/1934 1996/368/1934
f 1975/65/1935 1989/76/1935 1990/80/1935
f 1967/63/1936 1983/79/1936 1968/64/1936
f 1976/67/1937 1990/80/1937 1991/82/1937
f 1968/64/1938 1984/81/1938 1969/66/1938
f 1977/360/1939 1991/82/1939 1992/364/1939
f 1969/66/1940 1985/73/1940 1970/68/1940
f 1978/361/1941 1992/364/1941 1993/365/1941
f 1970/68/1942 1986/72/1942 1971/69/1942
f 1982/78/1943 1998/90/1943 1983/79/1943
f 1991/82/1944 2005/89/1944 2006/91/1944
f 1983/79/1945 1999/92/1945 1984/81/1945
f 1992/364/1946 2006/91/1946 2007/372/1946
f 1984/81/1947 2000/14/1947 1985/73/1947
f 1993/365/1948 2007/372/1948 2008/17/1948
f 1985/73/1949 2001/95/1949 1986/72/1949
f 1994/366/1950 2008/17/1950 2009/373/1950
f 1986/72/1951 2002/96/1951 1987/74/1951
f 1995/367/1952 2009/373/1952 2010/374/1952
f 1987/74/1953 2003/97/1953 1988/75/1953
f 1996/368/1954 2010/374/1954 2011/371/1954
f 1988/75/1955 2004/13/1955 1989/76/1955
f 1982/78/1956 2027/87/1956 1997/88/1956
f 2253/370/1957 1996/368/1957 2011/371/1957
f 1990/80/1958 2004/13/1958 2005/89/1958
f 2001/95/1959 2017/100/1959 2002/96/1959
f 2010/374/1960 2024/376/1960 2025/377/1960
f 2002/96/1961 2018/101/1961 2003/97/1961
f 2011/371/1962 2025/377/1962 2026/378/1962
f 2003/97/1963 2019/102/1963 2004/13/1963
f 1997/88/1964 2027/103/1964 2012/104/1964
f 2253/379/1965 2011/371/1965 2026/378/1965
f 2005/89/1966 2019/102/1966 2020/106/1966
f 1997/88/1967 2013/105/1967 1998/90/1967
f 2006/91/1968 2020/106/1968 2021/108/1968
f 1998/90/1969 2014/107/1969 1999/92/1969
f 2007/372/1970 2021/108/1970 2022/380/1970
f 1999/92/1971 2015/99/1971 2000/14/1971
f 2008/17/1972 2022/380/1972 2023/375/1972
f 2000/14/1973 2016/98/1973 2001/95/1973
f 2009/373/1974 2023/375/1974 2024/376/1974
f 2021/108/1975 2036/112/1975 2037/115/1975
f 2013/105/1976 2030/116/1976 2014/107/1976
f 2022/380/1977 2037/115/1977 2038/381/1977
f 2014/107/1978 2031/118/1978 2015/99/1978
f 2023/375/1979 2038/381/1979 2039/382/1979
f 2015/99/1980 2032/120/1980 2016/98/1980
f 2024/376/1981 2039/382/1981 2040/383/1981
f 2016/98/1982 2033/121/1982 2017/100/1982
f 2025/377/1983 2040/383/1983 2041/384/1983
f 2017/100/1984 2034/122/1984 2018/101/1984
f 2026/378/1985 2041/384/1985 2042/385/1985
f 2018/101/1986 2035/111/1986 2019/102/1986
f 2012/104/1987 2027/123/1987 2028/114/1987
f 2253/386/1988 2026/378/1988 2042/385/1988
f 2020/106/1989 2035/111/1989 2036/112/1989
f 2012/104/1990 2029/113/1990 2013/105/1990
f 2041/384/1991 2055/387/1991 2056/388/1991
f 2033/121/1992 2049/125/1992 2034/122/1992
f 2042/385/1993 2056/388/1993 2057/389/1993
f 2034/122/1994 2050/126/1994 2035/111/1994
f 2028/114/1995 2027/127/1995 2043/128/1995
f 2253/390/1996 2042/385/1996 2057/389/1996
f 2036/112/1997 2050/126/1997 2051/129/1997
f 2028/114/1998 2044/130/1998 2029/113/1998
f 2037/115/1999 2051/129/1999 2052/131/1999
f 2029/113/2000 2045/132/2000 2030/116/2000
f 2038/381/2001 2052/131/2001 2053/391/2001
f 2030/116/2002 2046/135/2002 2031/118/2002
f 2039/382/2003 2053/391/2003 2054/392/2003
f 2031/118/2004 2047/136/2004 2032/120/2004
f 2040/383/2005 2054/392/2005 2055/387/2005
f 2032/120/2006 2048/124/2006 2033/121/2006
f 2053/391/2007 2067/142/2007 2068/393/2007
f 2045/132/2008 2061/167/2008 2046/135/2008
f 2054/392/2009 2068/393/2009 2069/394/2009
f 2046/135/2010 2062/145/2010 2047/136/2010
f 2055/387/2011 2069/394/2011 2070/395/2011
f 2047/136/2012 2063/146/2012 2048/124/2012
f 2056/388/2013 2070/395/2013 2071/396/2013
f 2048/124/2014 2064/149/2014 2049/125/2014
f 2057/389/2015 2071/396/2015 2072/397/2015
f 2049/125/2016 2065/150/2016 2050/126/2016
f 2043/128/2017 2027/152/2017 2058/153/2017
f 2253/398/2018 2057/389/2018 2072/397/2018
f 2051/129/2019 2065/150/2019 2066/137/2019
f 2043/128/2020 2059/141/2020 2044/130/2020
f 2052/131/2021 2066/137/2021 2067/142/2021
f 2044/130/2022 2060/140/2022 2045/132/2022
f 2071/396/2023 2087/402/2023 2072/397/2023
f 2065/150/2024 2079/401/2024 2080/403/2024
f 2058/153/2025 2027/156/2025 2073/157/2025
f 2253/404/2026 2072/397/2026 2087/402/2026
f 2065/150/2027 2081/405/2027 2066/137/2027
f 2059/141/2028 2073/157/2028 2074/159/2028
f 2066/137/2029 2082/406/2029 2067/142/2029
f 2060/140/2030 2074/159/2030 2075/407/2030
f 2067/142/2031 2083/408/2031 2068/393/2031
f 2061/167/2032 2075/407/2032 2076/409/2032
f 2068/393/2033 2084/410/2033 2069/394/2033
f 2062/145/2034 2076/409/2034 2077/411/2034
f 2069/394/2035 2085/412/2035 2070/395/2035
f 2063/146/2036 2077/411/2036 2078/400/2036
f 2070/395/2037 2086/399/2037 2071/396/2037
f 2064/149/2038 2078/400/2038 2079/401/2038
f 2076/409/2039 2090/414/2039 2091/416/2039
f 2083/408/2040 2099/417/2040 2084/410/2040
f 2077/411/2041 2091/416/2041 2092/418/2041
f 2084/410/2042 2100/419/2042 2085/412/2042
f 2078/400/2043 2092/418/2043 2093/420/2043
f 2085/412/2044 2101/421/2044 2086/399/2044
f 2079/401/2045 2093/420/2045 2094/422/2045
f 2086/399/2046 2102/423/2046 2087/402/2046
f 2080/403/2047 2094/422/2047 2095/424/2047
f 2073/157/2048 2027/169/2048 2088/170/2048
f 2253/425/2049 2087/402/2049 2102/423/2049
f 2080/403/2050 2096/426/2050 2081/405/2050
f 2074/159/2051 2088/170/2051 2089/413/2051
f 2081/405/2052 2097/427/2052 2082/406/2052
f 2075/407/2053 2089/413/2053 2090/414/2053
f 2082/406/2054 2098/415/2054 2083/408/2054
f 2095/424/2055 2109/429/2055 2110/431/2055
f 2088/170/2056 2027/432/2056 2103/433/2056
f 2253/434/2057 2102/423/2057 2117/430/2057
f 2095/424/2058 2111/435/2058 2096/426/2058
f 2089/413/2059 2103/433/2059 2104/436/2059
f 2096/426/2060 2112/437/2060 2097/427/2060
f 2090/414/2061 2104/436/2061 2105/438/2061
f 2097/427/2062 2113/439/2062 2098/415/2062
f 2091/416/2063 2105/438/2063 2106/440/2063
f 2098/415/2064 2114/441/2064 2099/417/2064
f 2092/418/2065 2106/440/2065 2107/442/2065
f 2099/417/2066 2115/443/2066 2100/419/2066
f 2093/420/2067 2107/442/2067 2108/428/2067
f 2100/419/2068 2116/444/2068 2101/421/2068
f 2094/422/2069 2108/428/2069 2109/429/2069
f 2101/421/2070 2117/430/2070 2102/423/2070
f 2113/439/2071 2129/7/2071 2114/441/2071
f 2107/442/2072 2121/447/2072 2122/448/2072
f 2114/441/2073 2130/449/2073 2115/443/2073
f 2108/428/2074 2122/448/2074 2123/450/2074
f 2115/443/2075 2131/451/2075 2116/444/2075
f 2109/429/2076 2123/450/2076 2124/452/2076
f 2116/444/2077 2132/453/2077 2117/430/2077
f 2110/431/2078 2124/452/2078 2125/454/2078
f 2103/433/2079 2027/174/2079 2118/455/2079
f 2253/456/2080 2117/430/2080 2132/453/2080
f 2110/431/2081 2126/457/2081 2111/435/2081
f 2104/436/2082 2118/455/2082 2119/458/2082
f 2111/435/2083 2127/459/2083 2112/437/2083
f 2105/438/2084 2119/458/2084 2120/446/2084
f 2112/437/2085 2128/445/2085 2113/439/2085
f 2106/440/2086 2120/446/2086 2121/447/2086
f 2118/455/2087 2027/177/2087 2133/463/2087
f 2253/464/2088 2132/453/2088 2147/460/2088
f 2125/454/2089 2141/465/2089 2126/457/2089
f 2119/458/2090 2133/463/2090 2134/466/2090
f 2126/457/2091 2142/467/2091 2127/459/2091
f 2120/446/2092 2134/466/2092 2135/468/2092
f 2127/459/2093 2143/469/2093 2128/445/2093
f 2121/447/2094 2135/468/2094 2136/470/2094
f 2128/445/2095 2144/471/2095 2129/7/2095
f 2122/448/2096 2136/470/2096 2137/472/2096
f 2129/7/2097 2145/473/2097 2130/449/2097
f 2123/450/2098 2137/472/2098 2138/474/2098
f 2130/449/2099 2146/475/2099 2131/451/2099
f 2124/452/2100 2138/474/2100 2139/461/2100
f 2131/451/2101 2147/460/2101 2132/453/2101
f 2125/454/2102 2139/461/2102 2140/462/2102
f 2137/472/2103 2151/477/2103 2152/478/2103
f 2144/471/2104 2160/479/2104 2145/473/2104
f 2138/474/2105 2152/478/2105 2153/480/2105
f 2145/473/2106 2161/481/2106 2146/475/2106
f 2139/461/2107 2153/480/2107 2154/482/2107
f 2146/475/2108 2162/483/2108 2147/460/2108
f 2140/462/2109 2154/482/2109 2155/484/2109
f 2133/463/2110 2027/180/2110 2148/485/2110
f 2253/486/2111 2147/460/2111 2162/483/2111
f 2140/462/2112 2156/487/2112 2141/465/2112
f 2134/466/2113 2148/485/2113 2149/488/2113
f 2141/465/2114 2157/489/2114 2142/467/2114
f 2135/468/2115 2149/488/2115 2150/490/2115
f 2142/467/2116 2158/491/2116 2143/469/2116
f 2136/470/2117 2150/490/2117 2151/477/2117
f 2143/469/2118 2159/476/2118 2144/471/2118
f 2155/484/2119 2171/495/2119 2156/487/2119
f 2149/488/2120 2163/492/2120 2164/496/2120
f 2156/487/2121 2172/497/2121 2157/489/2121
f 2150/490/2122 2164/496/2122 2165/498/2122
f 2157/489/2123 2173/499/2123 2158/491/2123
f 2151/477/2124 2165/498/2124 2166/500/2124
f 2158/491/2125 2174/501/2125 2159/476/2125
f 2152/478/2126 2166/500/2126 2167/502/2126
f 2159/476/2127 2175/503/2127 2160/479/2127
f 2153/480/2128 2167/502/2128 2168/504/2128
f 2160/479/2129 2176/505/2129 2161/481/2129
f 2154/482/2130 2168/504/2130 2169/506/2130
f 2161/481/2131 2177/494/2131 2162/483/2131
f 2155/484/2132 2169/506/2132 2170/507/2132
f 2148/485/2133 2027/183/2133 2163/492/2133
f 2253/493/2134 2162/483/2134 2177/494/2134
f 2174/501/2135 2190/510/2135 2175/503/2135
f 2168/504/2136 2182/509/2136 2183/511/2136
f 2175/503/2137 2191/512/2137 2176/505/2137
f 2169/506/2138 2183/511/2138 2184/513/2138
f 2176/505/2139 2192/514/2139 2177/494/2139
f 2170/507/2140 2184/513/2140 2185/515/2140
f 2163/492/2141 2027/516/2141 2178/517/2141
f 2253/518/2142 2177/494/2142 2192/514/2142
f 2170/507/2143 2186/519/2143 2171/495/2143
f 2164/496/2144 2178/517/2144 2179/520/2144
f 2171/495/2145 2187/521/2145 2172/497/2145
f 2165/498/2146 2179/520/2146 2180/522/2146
f 2172/497/2147 2188/523/2147 2173/499/2147
f 2166/500/2148 2180/522/2148 2181/508/2148
f 2173/499/2149 2189/524/2149 2174/501/2149
f 2167/502/2150 2181/508/2150 2182/509/2150
f 2187/521/2151 2201/526/2151 2202/528/2151
f 2179/520/2152 2195/529/2152 2180/522/2152
f 2188/523/2153 2202/528/2153 2203/530/2153
f 2180/522/2154 2196/531/2154 2181/508/2154
f 2189/524/2155 2203/530/2155 2204/532/2155
f 2181/508/2156 2197/533/2156 2182/509/2156
f 2190/510/2157 2204/532/2157 2205/534/2157
f 2182/509/2158 2198/535/2158 2183/511/2158
f 2191/512/2159 2205/534/2159 2206/536/2159
f 2183/511/2160 2199/537/2160 2184/513/2160
f 2192/514/2161 2206/536/2161 2207/538/2161
f 2184/513/2162 2200/525/2162 2185/515/2162
f 2178/517/2163 2027/189/2163 2193/539/2163
f 2253/540/2164 2192/514/2164 2207/538/2164
f 2186/519/2165 2200/525/2165 2201/526/2165
f 2178/517/2166 2194/527/2166 2179/520/2166
f 2206/536/2167 2220/542/2167 2221/544/2167
f 2198/535/2168 2214/545/2168 2199/537/2168
f 2207/538/2169 2221/544/2169 2222/546/2169
f 2199/537/2170 2215/547/2170 2200/525/2170
f 2193/539/2171 2027/192/2171 2208/548/2171
f 2253/549/2172 2207/538/2172 2222/546/2172
f 2201/526/2173 2215/547/2173 2216/550/2173
f 2193/539/2174 2209/551/2174 2194/527/2174
f 2202/528/2175 2216/550/2175 2217/552/2175
f 2194/527/2176 2210/553/2176 2195/529/2176
f 2203/530/2177 2217/552/2177 2218/554/2177
f 2195/529/2178 2211/555/2178 2196/531/2178
f 2204/532/2179 2218/554/2179 2219/541/2179
f 2196/531/2180 2212/556/2180 2197/533/2180
f 2205/534/2181 2219/541/2181 2220/542/2181
f 2197/533/2182 2213/543/2182 2198/535/2182
f 2209/551/2183 2225/560/2183 2210/553/2183
f 2218/554/2184 2232/559/2184 2233/561/2184
f 2210/553/2185 2226/562/2185 2211/555/2185
f 2219/541/2186 2233/561/2186 2234/563/2186
f 2211/555/2187 2227/564/2187 2212/556/2187
f 2220/542/2188 2234/563/2188 2235/565/2188
f 2212/556/2189 2228/566/2189 2213/543/2189
f 2221/544/2190 2235/565/2190 2236/567/2190
f 2213/543/2191 2229/568/2191 2214/545/2191
f 2222/546/2192 2236/567/2192 2237/569/2192
f 2214/545/2193 2230/570/2193 2215/547/2193
f 2208/548/2194 2027/195/2194 2223/571/2194
f 2253/572/2195 2222/546/2195 2237/569/2195
f 2216/550/2196 2230/570/2196 2231/558/2196
f 2208/548/2197 2224/557/2197 2209/551/2197
f 2217/552/2198 2231/558/2198 2232/559/2198
f 2228/566/2199 2244/576/2199 2229/568/2199
f 2237/569/2200 2251/575/2200 2252/577/2200
f 2229/568/2201 2245/578/2201 2230/570/2201
f 2223/571/2202 2027/198/2202 2238/579/2202
f 2253/580/2203 2237/569/2203 2252/577/2203
f 2231/558/2204 2245/578/2204 2246/581/2204
f 2223/571/2205 2239/582/2205 2224/557/2205
f 2232/559/2206 2246/581/2206 2247/583/2206
f 2224/557/2207 2240/584/2207 2225/560/2207
f 2233/561/2208 2247/583/2208 2248/585/2208
f 2225/560/2209 2241/586/2209 2226/562/2209
f 2234/563/2210 2248/585/2210 2249/587/2210
f 2226/562/2211 2242/588/2211 2227/564/2211
f 2235/565/2212 2249/587/2212 2250/574/2212
f 2227/564/2213 2243/573/2213 2228/566/2213
f 2236/567/2214 2250/574/2214 2251/575/2214
f 2248/585/2215 2263/590/2215 2264/592/2215
f 2240/584/2216 2257/593/2216 2241/586/2216
f 2249/587/2217 2264/592/2217 2265/594/2217
f 2241/586/2218 2258/595/2218 2242/588/2218
f 2250/574/2219 2265/594/2219 2266/596/2219
f 2242/588/2220 2259/597/2220 2243/573/2220
f 2251/575/2221 2266/596/2221 2267/598/2221
f 2243/573/2222 2260/599/2222 2244/576/2222
f 2252/577/2223 2267/598/2223 2268/600/2223
f 2244/576/2224 2261/601/2224 2245/578/2224
f 2238/579/2225 2027/201/2225 2254/602/2225
f 2253/603/2226 2252/577/2226 2268/600/2226
f 2246/581/2227 2261/601/2227 2262/589/2227
f 2238/579/2228 2255/604/2228 2239/582/2228
f 2247/583/2229 2262/589/2229 2263/590/2229
f 2239/582/2230 2256/591/2230 2240/584/2230
f 2268/600/2231 2282/606/2231 2283/608/2231
f 2260/599/2232 2276/609/2232 2261/601/2232
f 2254/602/2233 2027/206/2233 2269/205/2233
f 2253/610/2234 2268/600/2234 2283/608/2234
f 2262/589/2235 2276/609/2235 2277/611/2235
f 2254/602/2236 2270/612/2236 2255/604/2236
f 2263/590/2237 2277/611/2237 2278/613/2237
f 2255/604/2238 2271/614/2238 2256/591/2238
f 2264/592/2239 2278/613/2239 2279/615/2239
f 2256/591/2240 2272/616/2240 2257/593/2240
f 2265/594/2241 2279/615/2241 2280/617/2241
f 2257/593/2242 2273/618/2242 2258/595/2242
f 2266/596/2243 2280/617/2243 2281/605/2243
f 2258/595/2244 2274/619/2244 2259/597/2244
f 2267/598/2245 2281/605/2245 2282/606/2245
f 2259/597/2246 2275/607/2246 2260/599/2246
f 2271/614/2247 2287/620/2247 2272/616/2247
f 2280/617/2248 2294/621/2248 2295/622/2248
f 2272/616/2249 2288/624/2249 2273/618/2249
f 2281/605/2250 2295/622/2250 2296/623/2250
f 2273/618/2251 2289/626/2251 2274/619/2251
f 2282/606/2252 2296/623/2252 2297/625/2252
f 2274/619/2253 2290/628/2253 2275/607/2253
f 2283/608/2254 2297/625/2254 2298/627/2254
f 2275/607/2255 2291/630/2255 2276/609/2255
f 2269/205/2256 2027/213/2256 2284/212/2256
f 2253/629/2257 2283/608/2257 2298/627/2257
f 2277/611/2258 2291/630/2258 2292/631/2258
f 2269/205/2259 2285/209/2259 2270/612/2259
f 2278/613/2260 2292/631/2260 2293/632/2260
f 2270/612/2261 2286/633/2261 2271/614/2261
f 2279/615/2262 2293/632/2262 2294/621/2262
f 2290/628/2263 2306/222/2263 2291/630/2263
f 2284/212/2264 2027/220/2264 2299/219/2264
f 2253/634/2265 2298/627/2265 2313/635/2265
f 2292/631/2266 2306/222/2266 2307/221/2266
f 2284/212/2267 2300/227/2267 2285/209/2267
f 2293/632/2268 2307/221/2268 2308/223/2268
f 2285/209/2269 2301/226/2269 2286/633/2269
f 2294/621/2270 2308/223/2270 2309/636/2270
f 2286/633/2271 2302/229/2271 2287/620/2271
f 2295/622/2272 2309/636/2272 2310/637/2272
f 2287/620/2273 2303/233/2273 2288/624/2273
f 2296/623/2274 2310/637/2274 2311/638/2274
f 2288/624/2275 2304/214/2275 2289/626/2275
f 2297/625/2276 2311/638/2276 2312/639/2276
f 2289/626/2277 2305/216/2277 2290/628/2277
f 2298/627/2278 2312/639/2278 2313/635/2278
f 2309/640/2279 2325/641/2279 2310/642/2279
f 2303/249/2280 2317/240/2280 2318/245/2280
f 2310/642/2281 2326/643/2281 2311/644/2281
f 2304/248/2282 2318/245/2282 2319/250/2282
f 2311/644/2283 2327/645/2283 2312/646/2283
f 2305/252/2284 2319/250/2284 2320/253/2284
f 2312/646/2285 2328/647/2285 2313/648/2285
f 2306/255/2286 2320/253/2286 2321/256/2286
f 2299/258/2287 2027/260/2287 2314/259/2287
f 2253/649/2288 2313/648/2288 2328/647/2288
f 2306/255/2289 2322/261/2289 2307/262/2289
f 2300/264/2290 2314/259/2290 2315/265/2290
f 2307/262/2291 2323/237/2291 2308/235/2291
f 2301/244/2292 2315/265/2292 2316/243/2292
f 2308/235/2293 2324/650/2293 2309/640/2293
f 2302/246/2294 2316/243/2294 2317/240/2294
f 2253/651/2295 2328/647/2295 2343/652/2295
f 2321/256/2296 2337/270/2296 2322/261/2296
f 2315/265/2297 2329/268/2297 2330/271/2297
f 2322/261/2298 2338/272/2298 2323/237/2298
f 2316/243/2299 2330/271/2299 2331/273/2299
f 2323/237/2300 2339/653/2300 2324/650/2300
f 2317/240/2301 2331/273/2301 2332/275/2301
f 2324/650/2302 2340/654/2302 2325/641/2302
f 2318/245/2303 2332/275/2303 2333/279/2303
f 2325/641/2304 2341/655/2304 2326/643/2304
f 2319/250/2305 2333/279/2305 2334/280/2305
f 2326/643/2306 2342/656/2306 2327/645/2306
f 2320/253/2307 2334/280/2307 2335/266/2307
f 2327/645/2308 2343/652/2308 2328/647/2308
f 2321/256/2309 2335/266/2309 2336/269/2309
f 2314/259/2310 2027/267/2310 2329/268/2310
f 2340/654/2311 2356/657/2311 2341/655/2311
f 2334/280/2312 2348/282/2312 2349/283/2312
f 2341/655/2313 2357/658/2313 2342/656/2313
f 2335/266/2314 2349/283/2314 2350/284/2314
f 2342/656/2315 2358/659/2315 2343/652/2315
f 2336/269/2316 2350/284/2316 2351/287/2316
f 2329/268/2317 2027/285/2317 2344/286/2317
f 2253/660/2318 2343/652/2318 2358/659/2318
f 2336/269/2319 2352/289/2319 2337/270/2319
f 2330/271/2320 2344/286/2320 2345/288/2320
f 2337/270/2321 2353/290/2321 2338/272/2321
f 2331/273/2322 2345/288/2322 2346/291/2322
f 2338/272/2323 2354/661/2323 2339/653/2323
f 2332/275/2324 2346/291/2324 2347/281/2324
f 2339/653/2325 2355/662/2325 2340/654/2325
f 2333/279/2326 2347/281/2326 2348/282/2326
f 2345/288/2327 2359/293/2327 2360/295/2327
f 2352/289/2328 2368/296/2328 2353/290/2328
f 2346/291/2329 2360/295/2329 2361/297/2329
f 2353/290/2330 2369/663/2330 2354/661/2330
f 2347/281/2331 2361/297/2331 2362/301/2331
f 2354/661/2332 2370/664/2332 2355/662/2332
f 2348/282/2333 2362/301/2333 2363/302/2333
f 2355/662/2334 2371/665/2334 2356/657/2334
f 2349/283/2335 2363/302/2335 2364/303/2335
f 2356/657/2336 2372/666/2336 2357/658/2336
f 2350/284/2337 2364/303/2337 2365/304/2337
f 2357/658/2338 2373/667/2338 2358/659/2338
f 2351/287/2339 2365/304/2339 2366/294/2339
f 2344/286/2340 2027/292/2340 2359/293/2340
f 2253/668/2341 2358/659/2341 2373/667/2341
f 2351/287/2342 2367/311/2342 2352/289/2342
f 2364/303/2343 2378/306/2343 2379/307/2343
f 2371/665/2344 2387/670/2344 2372/666/2344
f 2365/304/2345 2379/307/2345 2380/308/2345
f 2372/666/2346 2388/671/2346 2373/667/2346
f 2366/294/2347 2380/308/2347 2381/312/2347
f 2359/293/2348 2027/309/2348 2374/310/2348
f 2253/672/2349 2373/667/2349 2388/671/2349
f 2366/294/2350 2382/314/2350 2367/311/2350
f 2360/295/2351 2374/310/2351 2375/313/2351
f 2367/311/2352 2383/323/2352 2368/296/2352
f 2361/297/2353 2375/313/2353 2376/317/2353
f 2368/296/2354 2384/673/2354 2369/663/2354
f 2362/301/2355 2376/317/2355 2377/305/2355
f 2369/663/2356 2385/674/2356 2370/664/2356
f 2363/302/2357 2377/305/2357 2378/306/2357
f 2370/664/2358 2386/669/2358 2371/665/2358
f 2382/314/2359 2398/322/2359 2383/323/2359
f 2376/317/2360 2390/321/2360 2391/324/2360
f 2383/323/2361 2399/675/2361 2384/673/2361
f 2377/305/2362 2391/324/2362 2392/327/2362
f 2384/673/2363 2400/676/2363 2385/674/2363
f 2378/306/2364 2392/327/2364 2393/328/2364
f 2385/674/2365 2401/677/2365 2386/669/2365
f 2379/307/2366 2393/328/2366 2394/329/2366
f 2386/669/2367 2402/678/2367 2387/670/2367
f 2380/308/2368 2394/329/2368 2395/330/2368
f 2387/670/2369 2403/679/2369 2388/671/2369
f 2381/312/2370 2395/330/2370 2396/334/2370
f 2374/310/2371 2027/331/2371 2389/320/2371
f 2253/680/2372 2388/671/2372 2403/679/2372
f 2381/312/2373 2397/319/2373 2382/314/2373
f 2375/313/2374 2389/320/2374 2390/321/2374
f 2401/677/2375 2417/681/2375 2402/678/2375
f 2395/330/2376 2409/333/2376 2410/335/2376
f 2402/678/2377 2418/682/2377 2403/679/2377
f 2396/334/2378 2410/335/2378 2411/338/2378
f 2389/320/2379 2027/336/2379 2404/337/2379
f 2253/683/2380 2403/679/2380 2418/682/2380
f 2396/334/2381 2412/345/2381 2397/319/2381
f 2390/321/2382 2404/337/2382 2405/339/2382
f 2397/319/2383 2413/340/2383 2398/322/2383
f 2391/324/2384 2405/339/2384 2406/341/2384
f 2398/322/2385 2414/684/2385 2399/675/2385
f 2392/327/2386 2406/341/2386 2407/344/2386
f 2399/675/2387 2415/685/2387 2400/676/2387
f 2393/328/2388 2407/344/2388 2408/332/2388
f 2400/676/2389 2416/686/2389 2401/677/2389
f 2394/329/2390 2408/332/2390 2409/333/2390
f 2406/341/2391 2420/43/2391 1946/50/2391
f 2413/340/2392 1951/347/2392 2414/684/2392
f 2407/344/2393 1946/50/2393 2421/51/2393
f 2414/684/2394 2424/349/2394 2415/685/2394
f 2408/332/2395 2421/51/2395 1947/56/2395
f 2415/685/2396 2425/351/2396 2416/686/2396
f 2409/333/2397 1947/56/2397 2422/57/2397
f 2416/686/2398 2426/353/2398 2417/681/2398
f 2410/335/2399 2422/57/2399 1948/59/2399
f 2417/681/2400 2427/355/2400 2418/682/2400
f 2411/338/2401 1948/59/2401 1949/37/2401
f 2404/337/2402 2027/346/2402 2419/38/2402
f 2253/687/2403 2418/682/2403 2427/355/2403
f 2411/338/2404 1950/35/2404 2412/345/2404
f 2405/339/2405 2419/38/2405 2420/43/2405
f 2412/345/2406 2423/41/2406 2413/340/2406
f 2429/56/2407 2437/49/2407 2438/54/2407
f 2907/351/2408 2445/350/2408 2446/352/2408
f 2904/57/2409 2438/54/2409 2439/55/2409
f 2908/353/2410 2446/352/2410 2447/354/2410
f 2430/59/2411 2439/55/2411 2440/58/2411
f 2909/355/2412 2447/354/2412 2448/356/2412
f 2431/37/2413 2440/58/2413 2441/36/2413
f 2901/38/2414 2509/60/2414 2434/40/2414
f 2735/357/2415 2909/355/2415 2448/356/2415
f 2432/35/2416 2441/36/2416 2442/42/2416
f 2902/43/2417 2434/40/2417 2435/39/2417
f 2905/41/2418 2442/42/2418 2443/45/2418
f 2428/50/2419 2435/39/2419 2436/44/2419
f 2433/347/2420 2443/45/2420 2444/348/2420
f 2903/51/2421 2436/44/2421 2437/49/2421
f 2906/349/2422 2444/348/2422 2445/350/2422
f 2437/49/2423 2451/66/2423 2452/68/2423
f 2444/348/2424 2458/67/2424 2459/360/2424
f 2438/54/2425 2452/68/2425 2453/69/2425
f 2445/350/2426 2459/360/2426 2460/361/2426
f 2439/55/2427 2453/69/2427 2454/70/2427
f 2446/352/2428 2460/361/2428 2461/362/2428
f 2440/58/2429 2454/70/2429 2455/71/2429
f 2447/354/2430 2461/362/2430 2462/363/2430
f 2441/36/2431 2455/71/2431 2456/61/2431
f 2448/356/2432 2462/363/2432 2463/359/2432
f 2434/40/2433 2509/62/2433 2449/63/2433
f 2442/42/2434 2456/61/2434 2457/65/2434
f 2735/358/2435 2448/356/2435 2463/359/2435
f 2434/40/2436 2450/64/2436 2435/39/2436
f 2436/44/2437 2450/64/2437 2451/66/2437
f 2443/45/2438 2457/65/2438 2458/67/2438
f 2455/71/2439 2469/74/2439 2470/75/2439
f 2463/359/2440 2477/367/2440 2478/368/2440
f 2456/61/2441 2470/75/2441 2471/76/2441
f 2449/63/2442 2509/77/2442 2464/78/2442
f 2735/369/2443 2463/359/2443 2478/368/2443
f 2457/65/2444 2471/76/2444 2472/80/2444
f 2449/63/2445 2465/79/2445 2450/64/2445
f 2458/67/2446 2472/80/2446 2473/82/2446
f 2450/64/2447 2466/81/2447 2451/66/2447
f 2459/360/2448 2473/82/2448 2474/364/2448
f 2452/68/2449 2466/81/2449 2467/73/2449
f 2460/361/2450 2474/364/2450 2475/365/2450
f 2453/69/2451 2467/73/2451 2468/72/2451
f 2461/362/2452 2475/365/2452 2476/366/2452
f 2454/70/2453 2468/72/2453 2469/74/2453
f 2462/363/2454 2476/366/2454 2477/367/2454
f 2474/364/2455 2488/91/2455 2489/372/2455
f 2467/73/2456 2481/92/2456 2482/14/2456
f 2475/365/2457 2489/372/2457 2490/17/2457
f 2468/72/2458 2482/14/2458 2483/95/2458
f 2476/366/2459 2490/17/2459 2491/373/2459
f 2469/74/2460 2483/95/2460 2484/96/2460
f 2477/367/2461 2491/373/2461 2492/374/2461
f 2470/75/2462 2484/96/2462 2485/97/2462
f 2478/368/2463 2492/374/2463 2493/371/2463
f 2471/76/2464 2485/97/2464 2486/13/2464
f 2464/78/2465 2509/87/2465 2479/88/2465
f 2735/370/2466 2478/368/2466 2493/371/2466
f 2472/80/2467 2486/13/2467 2487/89/2467
f 2464/78/2468 2480/90/2468 2465/79/2468
f 2473/82/2469 2487/89/2469 2488/91/2469
f 2465/79/2470 2481/92/2470 2466/81/2470
f 2493/371/2471 2507/377/2471 2508/378/2471
f 2486/13/2472 2500/101/2472 2501/102/2472
f 2479/88/2473 2509/103/2473 2494/104/2473
f 2735/379/2474 2493/371/2474 2508/378/2474
f 2487/89/2475 2501/102/2475 2502/106/2475
f 2479/88/2476 2495/105/2476 2480/90/2476
f 2488/91/2477 2502/106/2477 2503/108/2477
f 2480/90/2478 2496/107/2478 2481/92/2478
f 2489/372/2479 2503/108/2479 2504/380/2479
f 2481/92/2480 2497/99/2480 2482/14/2480
f 2490/17/2481 2504/380/2481 2505/375/2481
f 2483/95/2482 2497/99/2482 2498/98/2482
f 2491/373/2483 2505/375/2483 2506/376/2483
f 2484/96/2484 2498/98/2484 2499/100/2484
f 2492/374/2485 2506/376/2485 2507/377/2485
f 2485/97/2486 2499/100/2486 2500/101/2486
f 2505/375/2487 2520/381/2487 2521/382/2487
f 2498/98/2488 2513/118/2488 2514/120/2488
f 2506/376/2489 2521/382/2489 2522/383/2489
f 2499/100/2490 2514/120/2490 2515/121/2490
f 2507/377/2491 2522/383/2491 2523/384/2491
f 2500/101/2492 2515/121/2492 2516/122/2492
f 2508/378/2493 2523/384/2493 2524/385/2493
f 2501/102/2494 2516/122/2494 2517/111/2494
f 2494/104/2495 2509/123/2495 2510/114/2495
f 2735/386/2496 2508/378/2496 2524/385/2496
f 2502/106/2497 2517/111/2497 2518/112/2497
f 2494/104/2498 2511/113/2498 2495/105/2498
f 2503/108/2499 2518/112/2499 2519/115/2499
f 2495/105/2500 2512/116/2500 2496/107/2500
f 2504/380/2501 2519/115/2501 2520/381/2501
f 2496/107/2502 2513/118/2502 2497/99/2502
f 2510/114/2503 2509/127/2503 2525/128/2503
f 2735/390/2504 2524/385/2504 2539/389/2504
f 2518/112/2505 2532/126/2505 2533/129/2505
f 2510/114/2506 2526/130/2506 2511/113/2506
f 2519/115/2507 2533/129/2507 2534/131/2507
f 2511/113/2508 2527/132/2508 2512/116/2508
f 2520/381/2509 2534/131/2509 2535/391/2509
f 2512/116/2510 2528/135/2510 2513/118/2510
f 2521/382/2511 2535/391/2511 2536/392/2511
f 2514/120/2512 2528/135/2512 2529/136/2512
f 2522/383/2513 2536/392/2513 2537/387/2513
f 2515/121/2514 2529/136/2514 2530/124/2514
f 2523/384/2515 2537/387/2515 2538/388/2515
f 2516/122/2516 2530/124/2516 2531/125/2516
f 2524/385/2517 2538/388/2517 2539/389/2517
f 2517/111/2518 2531/125/2518 2532/126/2518
f 2529/136/2519 2543/167/2519 2544/145/2519
f 2537/387/2520 2551/394/2520 2552/395/2520
f 2530/124/2521 2544/145/2521 2545/146/2521
f 2538/388/2522 2552/395/2522 2553/396/2522
f 2531/125/2523 2545/146/2523 2546/149/2523
f 2539/389/2524 2553/396/2524 2554/397/2524
f 2532/126/2525 2546/149/2525 2547/150/2525
f 2525/128/2526 2509/152/2526 2540/153/2526
f 2735/398/2527 2539/389/2527 2554/397/2527
f 2533/129/2528 2547/150/2528 2548/137/2528
f 2525/128/2529 2541/141/2529 2526/130/2529
f 2534/131/2530 2548/137/2530 2549/142/2530
f 2526/130/2531 2542/140/2531 2527/132/2531
f 2535/391/2532 2549/142/2532 2550/393/2532
f 2527/132/2533 2543/167/2533 2528/135/2533
f 2536/392/2534 2550/393/2534 2551/394/2534
f 2547/150/2535 2563/405/2535 2548/137/2535
f 2541/141/2536 2555/157/2536 2556/159/2536
f 2548/137/2537 2564/406/2537 2549/142/2537
f 2542/140/2538 2556/159/2538 2557/407/2538
f 2549/142/2539 2565/408/2539 2550/393/2539
f 2543/167/2540 2557/407/2540 2558/409/2540
f 2550/393/2541 2566/410/2541 2551/394/2541
f 2543/167/2542 2559/411/2542 2544/145/2542
f 2551/394/2543 2567/412/2543 2552/395/2543
f 2544/145/2544 2560/400/2544 2545/146/2544
f 2552/395/2545 2568/399/2545 2553/396/2545
f 2545/146/2546 2561/401/2546 2546/149/2546
f 2553/396/2547 2569/402/2547 2554/397/2547
f 2546/149/2548 2562/403/2548 2547/150/2548
f 2540/153/2549 2509/156/2549 2555/157/2549
f 2735/404/2550 2554/397/2550 2569/402/2550
f 2566/410/2551 2582/419/2551 2567/412/2551
f 2559/411/2552 2575/420/2552 2560/400/2552
f 2567/412/2553 2583/421/2553 2568/399/2553
f 2560/400/2554 2576/422/2554 2561/401/2554
f 2568/399/2555 2584/423/2555 2569/402/2555
f 2561/401/2556 2577/424/2556 2562/403/2556
f 2555/157/2557 2509/169/2557 2570/170/2557
f 2735/425/2558 2569/402/2558 2584/423/2558
f 2562/403/2559 2578/426/2559 2563/405/2559
f 2556/159/2560 2570/170/2560 2571/413/2560
f 2563/405/2561 2579/427/2561 2564/406/2561
f 2557/407/2562 2571/413/2562 2572/414/2562
f 2564/406/2563 2580/415/2563 2565/408/2563
f 2558/409/2564 2572/414/2564 2573/416/2564
f 2565/408/2565 2581/417/2565 2566/410/2565
f 2558/409/2566 2574/418/2566 2559/411/2566
f 2571/413/2567 2585/433/2567 2586/436/2567
f 2578/426/2568 2594/437/2568 2579/427/2568
f 2572/414/2569 2586/436/2569 2587/438/2569
f 2579/427/2570 2595/439/2570 2580/415/2570
f 2573/416/2571 2587/438/2571 2588/440/2571
f 2580/415/2572 2596/441/2572 2581/417/2572
f 2573/416/2573 2589/442/2573 2574/418/2573
f 2581/417/2574 2597/443/2574 2582/419/2574
f 2574/418/2575 2590/428/2575 2575/420/2575
f 2582/419/2576 2598/444/2576 2583/421/2576
f 2575/420/2577 2591/429/2577 2576/422/2577
f 2583/421/2578 2599/430/2578 2584/423/2578
f 2576/422/2579 2592/431/2579 2577/424/2579
f 2570/170/2580 2509/432/2580 2585/433/2580
f 2735/434/2581 2584/423/2581 2599/430/2581
f 2577/424/2582 2593/435/2582 2578/426/2582
f 2589/442/2583 2605/450/2583 2590/428/2583
f 2597/443/2584 2613/451/2584 2598/444/2584
f 2590/428/2585 2606/452/2585 2591/429/2585
f 2598/444/2586 2614/453/2586 2599/430/2586
f 2591/429/2587 2607/454/2587 2592/431/2587
f 2585/433/2588 2509/174/2588 2600/455/2588
f 2735/456/2589 2599/430/2589 2614/453/2589
f 2592/431/2590 2608/457/2590 2593/435/2590
f 2586/436/2591 2600/455/2591 2601/458/2591
f 2593/435/2592 2609/459/2592 2594/437/2592
f 2587/438/2593 2601/458/2593 2602/446/2593
f 2594/437/2594 2610/445/2594 2595/439/2594
f 2588/440/2595 2602/446/2595 2603/447/2595
f 2595/439/2596 2611/7/2596 2596/441/2596
f 2588/440/2597 2604/448/2597 2589/442/2597
f 2596/441/2598 2612/449/2598 2597/443/2598
f 2608/457/2599 2624/467/2599 2609/459/2599
f 2602/446/2600 2616/466/2600 2617/468/2600
f 2609/459/2601 2625/469/2601 2610/445/2601
f 2602/446/2602 2618/470/2602 2603/447/2602
f 2610/445/2603 2626/471/2603 2611/7/2603
f 2603/447/2604 2619/472/2604 2604/448/2604
f 2611/7/2605 2627/473/2605 2612/449/2605
f 2604/448/2606 2620/474/2606 2605/450/2606
f 2612/449/2607 2628/475/2607 2613/451/2607
f 2605/450/2608 2621/461/2608 2606/452/2608
f 2613/451/2609 2629/460/2609 2614/453/2609
f 2606/452/2610 2622/462/2610 2607/454/2610
f 2600/455/2611 2509/177/2611 2615/463/2611
f 2735/464/2612 2614/453/2612 2629/460/2612
f 2607/454/2613 2623/465/2613 2608/457/2613
f 2601/458/2614 2615/463/2614 2616/466/2614
f 2627/473/2615 2643/481/2615 2628/475/2615
f 2620/474/2616 2636/482/2616 2621/461/2616
f 2628/475/2617 2644/483/2617 2629/460/2617
f 2621/461/2618 2637/484/2618 2622/462/2618
f 2615/463/2619 2509/180/2619 2630/485/2619
f 2735/486/2620 2629/460/2620 2644/483/2620
f 2622/462/2621 2638/487/2621 2623/465/2621
f 2616/466/2622 2630/485/2622 2631/488/2622
f 2623/465/2623 2639/489/2623 2624/467/2623
f 2617/468/2624 2631/488/2624 2632/490/2624
f 2624/467/2625 2640/491/2625 2625/469/2625
f 2617/468/2626 2633/477/2626 2618/470/2626
f 2625/469/2627 2641/476/2627 2626/471/2627
f 2618/470/2628 2634/478/2628 2619/472/2628
f 2626/471/2629 2642/479/2629 2627/473/2629
f 2619/472/2630 2635/480/2630 2620/474/2630
f 2639/489/2631 2655/499/2631 2640/491/2631
f 2632/490/2632 2648/500/2632 2633/477/2632
f 2640/491/2633 2656/501/2633 2641/476/2633
f 2633/477/2634 2649/502/2634 2634/478/2634
f 2641/476/2635 2657/503/2635 2642/479/2635
f 2634/478/2636 2650/504/2636 2635/480/2636
f 2642/479/2637 2658/505/2637 2643/481/2637
f 2635/480/2638 2651/506/2638 2636/482/2638
f 2643/481/2639 2659/494/2639 2644/483/2639
f 2636/482/2640 2652/507/2640 2637/484/2640
f 2630/485/2641 2509/183/2641 2645/492/2641
f 2735/493/2642 2644/483/2642 2659/494/2642
f 2637/484/2643 2653/495/2643 2638/487/2643
f 2631/488/2644 2645/492/2644 2646/496/2644
f 2638/487/2645 2654/497/2645 2639/489/2645
f 2631/488/2646 2647/498/2646 2632/490/2646
f 2658/505/2647 2674/514/2647 2659/494/2647
f 2651/506/2648 2667/515/2648 2652/507/2648
f 2645/492/2649 2509/516/2649 2660/517/2649
f 2735/518/2650 2659/494/2650 2674/514/2650
f 2652/507/2651 2668/519/2651 2653/495/2651
f 2645/492/2652 2661/520/2652 2646/496/2652
f 2653/495/2653 2669/521/2653 2654/497/2653
f 2646/496/2654 2662/522/2654 2647/498/2654
f 2654/497/2655 2670/523/2655 2655/499/2655
f 2647/498/2656 2663/508/2656 2648/500/2656
f 2655/499/2657 2671/524/2657 2656/501/2657
f 2648/500/2658 2664/509/2658 2649/502/2658
f 2656/501/2659 2672/510/2659 2657/503/2659
f 2649/502/2660 2665/511/2660 2650/504/2660
f 2657/503/2661 2673/512/2661 2658/505/2661
f 2650/504/2662 2666/513/2662 2651/506/2662
f 2662/522/2663 2678/531/2663 2663/508/2663
f 2670/523/2664 2686/532/2664 2671/524/2664
f 2663/508/2665 2679/533/2665 2664/509/2665
f 2671/524/2666 2687/534/2666 2672/510/2666
f 2664/509/2667 2680/535/2667 2665/511/2667
f 2672/510/2668 2688/536/2668 2673/512/2668
f 2665/511/2669 2681/537/2669 2666/513/2669
f 2673/512/2670 2689/538/2670 2674/514/2670
f 2666/513/2671 2682/525/2671 2667/515/2671
f 2660/517/2672 2509/189/2672 2675/539/2672
f 2735/540/2673 2674/514/2673 2689/538/2673
f 2667/515/2674 2683/526/2674 2668/519/2674
f 2660/517/2675 2676/527/2675 2661/520/2675
f 2668/519/2676 2684/528/2676 2669/521/2676
f 2661/520/2677 2677/529/2677 2662/522/2677
f 2669/521/2678 2685/530/2678 2670/523/2678
f 2681/537/2679 2697/547/2679 2682/525/2679
f 2675/539/2680 2509/192/2680 2690/548/2680
f 2735/549/2681 2689/538/2681 2704/546/2681
f 2682/525/2682 2698/550/2682 2683/526/2682
f 2675/539/2683 2691/551/2683 2676/527/2683
f 2683/526/2684 2699/552/2684 2684/528/2684
f 2676/527/2685 2692/553/2685 2677/529/2685
f 2684/528/2686 2700/554/2686 2685/530/2686
f 2677/529/2687 2693/555/2687 2678/531/2687
f 2685/530/2688 2701/541/2688 2686/532/2688
f 2678/531/2689 2694/556/2689 2679/533/2689
f 2686/532/2690 2702/542/2690 2687/534/2690
f 2679/533/2691 2695/543/2691 2680/535/2691
f 2687/534/2692 2703/544/2692 2688/536/2692
f 2680/535/2693 2696/545/2693 2681/537/2693
f 2689/538/2694 2703/544/2694 2704/546/2694
f 2700/554/2695 2716/563/2695 2701/541/2695
f 2693/555/2696 2709/564/2696 2694/556/2696
f 2701/541/2697 2717/565/2697 2702/542/2697
f 2694/556/2698 2710/566/2698 2695/543/2698
f 2703/544/2699 2717/565/2699 2718/567/2699
f 2695/543/2700 2711/568/2700 2696/545/2700
f 2704/546/2701 2718/567/2701 2719/569/2701
f 2696/545/2702 2712/570/2702 2697/547/2702
f 2690/548/2703 2509/195/2703 2705/571/2703
f 2735/572/2704 2704/546/2704 2719/569/2704
f 2697/547/2705 2713/558/2705 2698/550/2705
f 2690/548/2706 2706/557/2706 2691/551/2706
f 2698/550/2707 2714/559/2707 2699/552/2707
f 2691/551/2708 2707/560/2708 2692/553/2708
f 2699/552/2709 2715/561/2709 2700/554/2709
f 2692/553/2710 2708/562/2710 2693/555/2710
f 2705/571/2711 2509/198/2711 2720/579/2711
f 2735/580/2712 2719/569/2712 2734/577/2712
f 2712/570/2713 2728/581/2713 2713/558/2713
f 2705/571/2714 2721/582/2714 2706/557/2714
f 2713/558/2715 2729/583/2715 2714/559/2715
f 2706/557/2716 2722/584/2716 2707/560/2716
f 2714/559/2717 2730/585/2717 2715/561/2717
f 2707/560/2718 2723/586/2718 2708/562/2718
f 2715/561/2719 2731/587/2719 2716/563/2719
f 2708/562/2720 2724/588/2720 2709/564/2720
f 2716/563/2721 2732/574/2721 2717/565/2721
f 2709/564/2722 2725/573/2722 2710/566/2722
f 2718/567/2723 2732/574/2723 2733/575/2723
f 2710/566/2724 2726/576/2724 2711/568/2724
f 2719/569/2725 2733/575/2725 2734/577/2725
f 2711/568/2726 2727/578/2726 2712/570/2726
f 2723/586/2727 2740/595/2727 2724/588/2727
f 2732/574/2728 2747/594/2728 2748/596/2728
f 2724/588/2729 2741/597/2729 2725/573/2729
f 2733/575/2730 2748/596/2730 2749/598/2730
f 2725/573/2731 2742/599/2731 2726/576/2731
f 2734/577/2732 2749/598/2732 2750/600/2732
f 2726/576/2733 2743/601/2733 2727/578/2733
f 2720/579/2734 2509/201/2734 2736/602/2734
f 2735/603/2735 2734/577/2735 2750/600/2735
f 2727/578/2736 2744/589/2736 2728/581/2736
f 2720/579/2737 2737/604/2737 2721/582/2737
f 2728/581/2738 2745/590/2738 2729/583/2738
f 2721/582/2739 2738/591/2739 2722/584/2739
f 2729/583/2740 2746/592/2740 2730/585/2740
f 2722/584/2741 2739/593/2741 2723/586/2741
f 2730/585/2742 2747/594/2742 2731/587/2742
f 2743/601/2743 2759/611/2743 2744/589/2743
f 2736/602/2744 2752/612/2744 2737/604/2744
f 2744/589/2745 2760/613/2745 2745/590/2745
f 2737/604/2746 2753/614/2746 2738/591/2746
f 2745/590/2747 2761/615/2747 2746/592/2747
f 2738/591/2748 2754/616/2748 2739/593/2748
f 2746/592/2749 2762/617/2749 2747/594/2749
f 2739/593/2750 2755/618/2750 2740/595/2750
f 2748/596/2751 2762/617/2751 2763/605/2751
f 2740/595/2752 2756/619/2752 2741/597/2752
f 2749/598/2753 2763/605/2753 2764/606/2753
f 2741/597/2754 2757/607/2754 2742/599/2754
f 2750/600/2755 2764/606/2755 2765/608/2755
f 2742/599/2756 2758/609/2756 2743/601/2756
f 2736/602/2757 2509/206/2757 2751/205/2757
f 2735/610/2758 2750/600/2758 2765/608/2758
f 2763/605/2759 2777/622/2759 2778/623/2759
f 2755/618/2760 2771/626/2760 2756/619/2760
f 2764/606/2761 2778/623/2761 2779/625/2761
f 2756/619/2762 2772/628/2762 2757/607/2762
f 2765/608/2763 2779/625/2763 2780/627/2763
f 2757/607/2764 2773/630/2764 2758/609/2764
f 2751/205/2765 2509/213/2765 2766/212/2765
f 2735/629/2766 2765/608/2766 2780/627/2766
f 2758/609/2767 2774/631/2767 2759/611/2767
f 2751/205/2768 2767/209/2768 2752/612/2768
f 2759/611/2769 2775/632/2769 2760/613/2769
f 2752/612/2770 2768/633/2770 2753/614/2770
f 2760/613/2771 2776/621/2771 2761/615/2771
f 2753/614/2772 2769/620/2772 2754/616/2772
f 2761/615/2773 2777/622/2773 2762/617/2773
f 2754/616/2774 2770/624/2774 2755/618/2774
f 2774/631/2775 2790/223/2775 2775/632/2775
f 2767/209/2776 2783/226/2776 2768/633/2776
f 2775/632/2777 2791/636/2777 2776/621/2777
f 2768/633/2778 2784/229/2778 2769/620/2778
f 2776/621/2779 2792/637/2779 2777/622/2779
f 2769/620/2780 2785/233/2780 2770/624/2780
f 2778/623/2781 2792/637/2781 2793/638/2781
f 2770/624/2782 2786/214/2782 2771/626/2782
f 2779/625/2783 2793/638/2783 2794/639/2783
f 2771/626/2784 2787/216/2784 2772/628/2784
f 2780/627/2785 2794/639/2785 2795/635/2785
f 2772/628/2786 2788/222/2786 2773/630/2786
f 2766/212/2787 2509/220/2787 2781/219/2787
f 2735/634/2788 2780/627/2788 2795/635/2788
f 2773/630/2789 2789/221/2789 2774/631/2789
f 2766/212/2790 2782/227/2790 2767/209/2790
f 2793/644/2791 2809/645/2791 2794/646/2791
f 2787/252/2792 2801/250/2792 2802/253/2792
f 2794/646/2793 2810/647/2793 2795/648/2793
f 2788/255/2794 2802/253/2794 2803/256/2794
f 2781/258/2795 2509/260/2795 2796/259/2795
f 2735/649/2796 2795/648/2796 2810/647/2796
f 2789/262/2797 2803/256/2797 2804/261/2797
f 2782/264/2798 2796/259/2798 2797/265/2798
f 2790/235/2799 2804/261/2799 2805/237/2799
f 2783/244/2800 2797/265/2800 2798/243/2800
f 2791/640/2801 2805/237/2801 2806/650/2801
f 2784/246/2802 2798/243/2802 2799/240/2802
f 2792/642/2803 2806/650/2803 2807/641/2803
f 2785/249/2804 2799/240/2804 2800/245/2804
f 2792/642/2805 2808/643/2805 2793/644/2805
f 2786/248/2806 2800/245/2806 2801/250/2806
f 2798/243/2807 2812/271/2807 2813/273/2807
f 2806/650/2808 2820/272/2808 2821/653/2808
f 2799/240/2809 2813/273/2809 2814/275/2809
f 2807/641/2810 2821/653/2810 2822/654/2810
f 2800/245/2811 2814/275/2811 2815/279/2811
f 2807/641/2812 2823/655/2812 2808/643/2812
f 2801/250/2813 2815/279/2813 2816/280/2813
f 2808/643/2814 2824/656/2814 2809/645/2814
f 2802/253/2815 2816/280/2815 2817/266/2815
f 2809/645/2816 2825/652/2816 2810/647/2816
f 2803/256/2817 2817/266/2817 2818/269/2817
f 2796/259/2818 2509/267/2818 2811/268/2818
f 2735/651/2819 2810/647/2819 2825/652/2819
f 2804/261/2820 2818/269/2820 2819/270/2820
f 2797/265/2821 2811/268/2821 2812/271/2821
f 2805/237/2822 2819/270/2822 2820/272/2822
f 2817/266/2823 2831/283/2823 2832/284/2823
f 2824/656/2824 2840/659/2824 2825/652/2824
f 2818/269/2825 2832/284/2825 2833/287/2825
f 2811/268/2826 2509/285/2826 2826/286/2826
f 2735/660/2827 2825/652/2827 2840/659/2827
f 2819/270/2828 2833/287/2828 2834/289/2828
f 2812/271/2829 2826/286/2829 2827/288/2829
f 2820/272/2830 2834/289/2830 2835/290/2830
f 2813/273/2831 2827/288/2831 2828/291/2831
f 2821/653/2832 2835/290/2832 2836/661/2832
f 2814/275/2833 2828/291/2833 2829/281/2833
f 2822/654/2834 2836/661/2834 2837/662/2834
f 2815/279/2835 2829/281/2835 2830/282/2835
f 2822/654/2836 2838/657/2836 2823/655/2836
f 2816/280/2837 2830/282/2837 2831/283/2837
f 2823/655/2838 2839/658/2838 2824/656/2838
f 2836/661/2839 2850/296/2839 2851/663/2839
f 2829/281/2840 2843/297/2840 2844/301/2840
f 2837/662/2841 2851/663/2841 2852/664/2841
f 2830/282/2842 2844/301/2842 2845/302/2842
f 2837/662/2843 2853/665/2843 2838/657/2843
f 2831/283/2844 2845/302/2844 2846/303/2844
f 2838/657/2845 2854/666/2845 2839/658/2845
f 2832/284/2846 2846/303/2846 2847/304/2846
f 2839/658/2847 2855/667/2847 2840/659/2847
f 2833/287/2848 2847/304/2848 2848/294/2848
f 2826/286/2849 2509/292/2849 2841/293/2849
f 2735/668/2850 2840/659/2850 2855/667/2850
f 2834/289/2851 2848/294/2851 2849/311/2851
f 2827/288/2852 2841/293/2852 2842/295/2852
f 2835/290/2853 2849/311/2853 2850/296/2853
f 2828/291/2854 2842/295/2854 2843/297/2854
f 2854/666/2855 2870/671/2855 2855/667/2855
f 2848/294/2856 2862/308/2856 2863/312/2856
f 2841/293/2857 2509/309/2857 2856/310/2857
f 2735/672/2858 2855/667/2858 2870/671/2858
f 2849/311/2859 2863/312/2859 2864/314/2859
f 2842/295/2860 2856/310/2860 2857/313/2860
f 2850/296/2861 2864/314/2861 2865/323/2861
f 2843/297/2862 2857/313/2862 2858/317/2862
f 2851/663/2863 2865/323/2863 2866/673/2863
f 2844/301/2864 2858/317/2864 2859/305/2864
f 2852/664/2865 2866/673/2865 2867/674/2865
f 2845/302/2866 2859/305/2866 2860/306/2866
f 2853/665/2867 2867/674/2867 2868/669/2867
f 2846/303/2868 2860/306/2868 2861/307/2868
f 2853/665/2869 2869/670/2869 2854/666/2869
f 2847/304/2870 2861/307/2870 2862/308/2870
f 2859/305/2871 2873/324/2871 2874/327/2871
f 2867/674/2872 2881/675/2872 2882/676/2872
f 2860/306/2873 2874/327/2873 2875/328/2873
f 2868/669/2874 2882/676/2874 2883/677/2874
f 2861/307/2875 2875/328/2875 2876/329/2875
f 2868/669/2876 2884/678/2876 2869/670/2876
f 2862/308/2877 2876/329/2877 2877/330/2877
f 2869/670/2878 2885/679/2878 2870/671/2878
f 2863/312/2879 2877/330/2879 2878/334/2879
f 2856/310/2880 2509/331/2880 2871/320/2880
f 2735/680/2881 2870/671/2881 2885/679/2881
f 2864/314/2882 2878/334/2882 2879/319/2882
f 2857/313/2883 2871/320/2883 2872/321/2883
f 2865/323/2884 2879/319/2884 2880/322/2884
f 2858/317/2885 2872/321/2885 2873/324/2885
f 2866/673/2886 2880/322/2886 2881/675/2886
f 2878/334/2887 2892/335/2887 2893/338/2887
f 2871/320/2888 2509/336/2888 2886/337/2888
f 2735/683/2889 2885/679/2889 2900/682/2889
f 2879/319/2890 2893/338/2890 2894/345/2890
f 2872/321/2891 2886/337/2891 2887/339/2891
f 2880/322/2892 2894/345/2892 2895/340/2892
f 2873/324/2893 2887/339/2893 2888/341/2893
f 2881/675/2894 2895/340/2894 2896/684/2894
f 2874/327/2895 2888/341/2895 2889/344/2895
f 2882/676/2896 2896/684/2896 2897/685/2896
f 2875/328/2897 2889/344/2897 2890/332/2897
f 2883/677/2898 2897/685/2898 2898/686/2898
f 2876/329/2899 2890/332/2899 2891/333/2899
f 2884/678/2900 2898/686/2900 2899/681/2900
f 2877/330/2901 2891/333/2901 2892/335/2901
f 2884/678/2902 2900/682/2902 2885/679/2902
f 2897/685/2903 2433/347/2903 2906/349/2903
f 2890/332/2904 2903/51/2904 2429/56/2904
f 2898/686/2905 2906/349/2905 2907/351/2905
f 2891/333/2906 2429/56/2906 2904/57/2906
f 2899/681/2907 2907/351/2907 2908/353/2907
f 2892/335/2908 2904/57/2908 2430/59/2908
f 2900/682/2909 2908/353/2909 2909/355/2909
f 2893/338/2910 2430/59/2910 2431/37/2910
f 2886/337/2911 2509/346/2911 2901/38/2911
f 2735/687/2912 2900/682/2912 2909/355/2912
f 2894/345/2913 2431/37/2913 2432/35/2913
f 2887/339/2914 2901/38/2914 2902/43/2914
f 2895/340/2915 2432/35/2915 2905/41/2915
f 2888/341/2916 2902/43/2916 2428/50/2916
f 2896/684/2917 2905/41/2917 2433/347/2917
f 2889/344/2918 2428/50/2918 2903/51/2918
f 2914/35/2919 2923/36/2919 2924/42/2919
f 3383/38/2920 2917/39/2920 3384/43/2920
f 3387/41/2921 2924/42/2921 2925/45/2921
f 3384/43/2922 2918/44/2922 2910/50/2922
f 2915/347/2923 2925/45/2923 2926/348/2923
f 2910/50/2924 2919/49/2924 3385/51/2924
f 3388/349/2925 2926/348/2925 2927/350/2925
f 3385/51/2926 2920/54/2926 2911/56/2926
f 3389/351/2927 2927/350/2927 2928/352/2927
f 2911/56/2928 2921/55/2928 3386/57/2928
f 3390/353/2929 2928/352/2929 2929/354/2929
f 3386/57/2930 2922/58/2930 2912/59/2930
f 3391/355/2931 2929/354/2931 2930/356/2931
f 2912/59/2932 2923/36/2932 2913/37/2932
f 3383/38/2933 2991/60/2933 2916/40/2933
f 3217/357/2934 3391/355/2934 2930/356/2934
f 2930/356/2935 2944/363/2935 2945/359/2935
f 2922/58/2936 2938/61/2936 2923/36/2936
f 2916/40/2937 2991/62/2937 2931/63/2937
f 3217/358/2938 2930/356/2938 2945/359/2938
f 2924/42/2939 2938/61/2939 2939/65/2939
f 2916/40/2940 2932/64/2940 2917/39/2940
f 2925/45/2941 2939/65/2941 2940/67/2941
f 2917/39/2942 2933/66/2942 2918/44/2942
f 2926/348/2943 2940/67/2943 2941/360/2943
f 2918/44/2944 2934/68/2944 2919/49/2944
f 2927/350/2945 2941/360/2945 2942/361/2945
f 2919/49/2946 2935/69/2946 2920/54/2946
f 2928/352/2947 2942/361/2947 2943/362/2947
f 2920/54/2948 2936/70/2948 2921/55/2948
f 2929/354/2949 2943/362/2949 2944/363/2949
f 2921/55/2950 2937/71/2950 2922/58/2950
f 2942/361/2951 2956/364/2951 2957/365/2951
f 2934/68/2952 2950/72/2952 2935/69/2952
f 2943/362/2953 2957/365/2953 2958/366/2953
f 2935/69/2954 2951/74/2954 2936/70/2954
f 2944/363/2955 2958/366/2955 2959/367/2955
f 2936/70/2956 2952/75/2956 2937/71/2956
f 2945/359/2957 2959/367/2957 2960/368/2957
f 2937/71/2958 2953/76/2958 2938/61/2958
f 2931/63/2959 2991/77/2959 2946/78/2959
f 3217/369/2960 2945/359/2960 2960/368/2960
f 2939/65/2961 2953/76/2961 2954/80/2961
f 2931/63/2962 2947/79/2962 2932/64/2962
f 2940/67/2963 2954/80/2963 2955/82/2963
f 2932/64/2964 2948/81/2964 2933/66/2964
f 2941/360/2965 2955/82/2965 2956/364/2965
f 2933/66/2966 2949/73/2966 2934/68/2966
f 2946/78/2967 2991/87/2967 2961/88/2967
f 3217/370/2968 2960/368/2968 2975/371/2968
f 2954/80/2969 2968/13/2969 2969/89/2969
f 2946/78/2970 2962/90/2970 2947/79/2970
f 2955/82/2971 2969/89/2971 2970/91/2971
f 2947/79/2972 2963/92/2972 2948/81/2972
f 2956/364/2973 2970/91/2973 2971/372/2973
f 2948/81/2974 2964/14/2974 2949/73/2974
f 2957/365/2975 2971/372/2975 2972/17/2975
f 2949/73/2976 2965/95/2976 2950/72/2976
f 2958/366/2977 2972/17/2977 2973/373/2977
f 2950/72/2978 2966/96/2978 2951/74/2978
f 2959/367/2979 2973/373/2979 2974/374/2979
f 2951/74/2980 2967/97/2980 2952/75/2980
f 2960/368/2981 2974/374/2981 2975/371/2981
f 2952/75/2982 2968/13/2982 2953/76/2982
f 2964/14/2983 2980/98/2983 2965/95/2983
f 2973/373/2984 2987/375/2984 2988/376/2984
f 2965/95/2985 2981/100/2985 2966/96/2985
f 2974/374/2986 2988/376/2986 2989/377/2986
f 2966/96/2987 2982/101/2987 2967/97/2987
f 2975/371/2988 2989/377/2988 2990/378/2988
f 2967/97/2989 2983/102/2989 2968/13/2989
f 2961/88/2990 2991/103/2990 2976/104/2990
f 3217/379/2991 2975/371/2991 2990/378/2991
f 2969/89/2992 2983/102/2992 2984/106/2992
f 2961/88/2993 2977/105/2993 2962/90/2993
f 2970/91/2994 2984/106/2994 2985/108/2994
f 2962/90/2995 2978/107/2995 2963/92/2995
f 2971/372/2996 2985/108/2996 2986/380/2996
f 2963/92/2997 2979/99/2997 2964/14/2997
f 2972/17/2998 2986/380/2998 2987/375/2998
f 2984/106/2999 2999/111/2999 3000/112/2999
f 2976/104/3000 2993/113/3000 2977/105/3000
f 2985/108/3001 3000/112/3001 3001/115/3001
f 2977/105/3002 2994/116/3002 2978/107/3002
f 2986/380/3003 3001/115/3003 3002/381/3003
f 2978/107/3004 2995/118/3004 2979/99/3004
f 2987/375/3005 3002/381/3005 3003/382/3005
f 2979/99/3006 2996/120/3006 2980/98/3006
f 2988/376/3007 3003/382/3007 3004/383/3007
f 2980/98/3008 2997/121/3008 2981/100/3008
f 2989/377/3009 3004/383/3009 3005/384/3009
f 2981/100/3010 2998/122/3010 2982/101/3010
f 2990/378/3011 3005/384/3011 3006/385/3011
f 2982/101/3012 2999/111/3012 2983/102/3012
f 2976/104/3013 2991/123/3013 2992/114/3013
f 3217/386/3014 2990/378/3014 3006/385/3014
f 3004/383/3015 3018/392/3015 3019/387/3015
f 2996/120/3016 3012/124/3016 2997/121/3016
f 3005/384/3017 3019/387/3017 3020/388/3017
f 2997/121/3018 3013/125/3018 2998/122/3018
f 3006/385/3019 3020/388/3019 3021/389/3019
f 2998/122/3020 3014/126/3020 2999/111/3020
f 2992/114/3021 2991/127/3021 3007/128/3021
f 3217/390/3022 3006/385/3022 3021/389/3022
f 3000/112/3023 3014/126/3023 3015/129/3023
f 2992/114/3024 3008/130/3024 2993/113/3024
f 3001/115/3025 3015/129/3025 3016/131/3025
f 2993/113/3026 3009/132/3026 2994/116/3026
f 3002/381/3027 3016/131/3027 3017/391/3027
f 2994/116/3028 3010/135/3028 2995/118/3028
f 3003/382/3029 3017/391/3029 3018/392/3029
f 2995/118/3030 3011/136/3030 2996/120/3030
f 3007/128/3031 3023/141/3031 3008/130/3031
f 3016/131/3032 3030/137/3032 3031/142/3032
f 3008/130/3033 3024/140/3033 3009/132/3033
f 3017/391/3034 3031/142/3034 3032/393/3034
f 3009/132/3035 3025/167/3035 3010/135/3035
f 3018/392/3036 3032/393/3036 3033/394/3036
f 3010/135/3037 3026/145/3037 3011/136/3037
f 3019/387/3038 3033/394/3038 3034/395/3038
f 3011/136/3039 3027/146/3039 3012/124/3039
f 3020/388/3040 3034/395/3040 3035/396/3040
f 3012/124/3041 3028/149/3041 3013/125/3041
f 3021/389/3042 3035/396/3042 3036/397/3042
f 3013/125/3043 3029/150/3043 3014/126/3043
f 3007/128/3044 2991/152/3044 3022/153/3044
f 3217/398/3045 3021/389/3045 3036/397/3045
f 3015/129/3046 3029/150/3046 3030/137/3046
f 3027/146/3047 3041/411/3047 3042/400/3047
f 3034/395/3048 3050/399/3048 3035/396/3048
f 3028/149/3049 3042/400/3049 3043/401/3049
f 3035/396/3050 3051/402/3050 3036/397/3050
f 3029/150/3051 3043/401/3051 3044/403/3051
f 3022/153/3052 2991/156/3052 3037/157/3052
f 3217/404/3053 3036/397/3053 3051/402/3053
f 3029/150/3054 3045/405/3054 3030/137/3054
f 3023/141/3055 3037/157/3055 3038/159/3055
f 3030/137/3056 3046/406/3056 3031/142/3056
f 3024/140/3057 3038/159/3057 3039/407/3057
f 3031/142/3058 3047/408/3058 3032/393/3058
f 3025/167/3059 3039/407/3059 3040/409/3059
f 3032/393/3060 3048/410/3060 3033/394/3060
f 3026/145/3061 3040/409/3061 3041/411/3061
f 3033/394/3062 3049/412/3062 3034/395/3062
f 3045/405/3063 3061/427/3063 3046/406/3063
f 3039/407/3064 3053/413/3064 3054/414/3064
f 3046/406/3065 3062/415/3065 3047/408/3065
f 3040/409/3066 3054/414/3066 3055/416/3066
f 3047/408/3067 3063/417/3067 3048/410/3067
f 3041/411/3068 3055/416/3068 3056/418/3068
f 3048/410/3069 3064/419/3069 3049/412/3069
f 3042/400/3070 3056/418/3070 3057/420/3070
f 3049/412/3071 3065/421/3071 3050/399/3071
f 3043/401/3072 3057/420/3072 3058/422/3072
f 3050/399/3073 3066/423/3073 3051/402/3073
f 3044/403/3074 3058/422/3074 3059/424/3074
f 3037/157/3075 2991/169/3075 3052/170/3075
f 3217/425/3076 3051/402/3076 3066/423/3076
f 3044/403/3077 3060/426/3077 3045/405/3077
f 3038/159/3078 3052/170/3078 3053/413/3078
f 3064/419/3079 3080/444/3079 3065/421/3079
f 3058/422/3080 3072/428/3080 3073/429/3080
f 3065/421/3081 3081/430/3081 3066/423/3081
f 3059/424/3082 3073/429/3082 3074/431/3082
f 3052/170/3083 2991/432/3083 3067/433/3083
f 3217/434/3084 3066/423/3084 3081/430/3084
f 3059/424/3085 3075/435/3085 3060/426/3085
f 3053/413/3086 3067/433/3086 3068/436/3086
f 3060/426/3087 3076/437/3087 3061/427/3087
f 3054/414/3088 3068/436/3088 3069/438/3088
f 3061/427/3089 3077/439/3089 3062/415/3089
f 3055/416/3090 3069/438/3090 3070/440/3090
f 3062/415/3091 3078/441/3091 3063/417/3091
f 3056/418/3092 3070/440/3092 3071/442/3092
f 3063/417/3093 3079/443/3093 3064/419/3093
f 3057/420/3094 3071/442/3094 3072/428/3094
f 3076/437/3095 3092/445/3095 3077/439/3095
f 3070/440/3096 3084/446/3096 3085/447/3096
f 3077/439/3097 3093/7/3097 3078/441/3097
f 3071/442/3098 3085/447/3098 3086/448/3098
f 3078/441/3099 3094/449/3099 3079/443/3099
f 3072/428/3100 3086/448/3100 3087/450/3100
f 3079/443/3101 3095/451/3101 3080/444/3101
f 3073/429/3102 3087/450/3102 3088/452/3102
f 3080/444/3103 3096/453/3103 3081/430/3103
f 3074/431/3104 3088/452/3104 3089/454/3104
f 3067/433/3105 2991/174/3105 3082/455/3105
f 3217/456/3106 3081/430/3106 3096/453/3106
f 3074/431/3107 3090/457/3107 3075/435/3107
f 3068/436/3108 3082/455/3108 3083/458/3108
f 3075/435/3109 3091/459/3109 3076/437/3109
f 3069/438/3110 3083/458/3110 3084/446/3110
f 3095/451/3111 3111/460/3111 3096/453/3111
f 3089/454/3112 3103/461/3112 3104/462/3112
f 3082/455/3113 2991/177/3113 3097/463/3113
f 3217/464/3114 3096/453/3114 3111/460/3114
f 3089/454/3115 3105/465/3115 3090/457/3115
f 3083/458/3116 3097/463/3116 3098/466/3116
f 3090/457/3117 3106/467/3117 3091/459/3117
f 3084/446/3118 3098/466/3118 3099/468/3118
f 3091/459/3119 3107/469/3119 3092/445/3119
f 3085/447/3120 3099/468/3120 3100/470/3120
f 3092/445/3121 3108/471/3121 3093/7/3121
f 3086/448/3122 3100/470/3122 3101/472/3122
f 3093/7/3123 3109/473/3123 3094/449/3123
f 3087/450/3124 3101/472/3124 3102/474/3124
f 3094/449/3125 3110/475/3125 3095/451/3125
f 3088/452/3126 3102/474/3126 3103/461/3126
f 3100/470/3127 3114/490/3127 3115/477/3127
f 3107/469/3128 3123/476/3128 3108/471/3128
f 3101/472/3129 3115/477/3129 3116/478/3129
f 3108/471/3130 3124/479/3130 3109/473/3130
f 3102/474/3131 3116/478/3131 3117/480/3131
f 3109/473/3132 3125/481/3132 3110/475/3132
f 3103/461/3133 3117/480/3133 3118/482/3133
f 3110/475/3134 3126/483/3134 3111/460/3134
f 3104/462/3135 3118/482/3135 3119/484/3135
f 3097/463/3136 2991/180/3136 3112/485/3136
f 3217/486/3137 3111/460/3137 3126/483/3137
f 3104/462/3138 3120/487/3138 3105/465/3138
f 3098/466/3139 3112/485/3139 3113/488/3139
f 3105/465/3140 3121/489/3140 3106/467/3140
f 3099/468/3141 3113/488/3141 3114/490/3141
f 3106/467/3142 3122/491/3142 3107/469/3142
f 3119/484/3143 3133/506/3143 3134/507/3143
f 3112/485/3144 2991/183/3144 3127/492/3144
f 3217/493/3145 3126/483/3145 3141/494/3145
f 3119/484/3146 3135/495/3146 3120/487/3146
f 3113/488/3147 3127/492/3147 3128/496/3147
f 3120/487/3148 3136/497/3148 3121/489/3148
f 3114/490/3149 3128/496/3149 3129/498/3149
f 3121/489/3150 3137/499/3150 3122/491/3150
f 3115/477/3151 3129/498/3151 3130/500/3151
f 3122/491/3152 3138/501/3152 3123/476/3152
f 3116/478/3153 3130/500/3153 3131/502/3153
f 3123/476/3154 3139/503/3154 3124/479/3154
f 3117/480/3155 3131/502/3155 3132/504/3155
f 3124/479/3156 3140/505/3156 3125/481/3156
f 3118/482/3157 3132/504/3157 3133/506/3157
f 3125/481/3158 3141/494/3158 3126/483/3158
f 3137/499/3159 3153/524/3159 3138/501/3159
f 3131/502/3160 3145/508/3160 3146/509/3160
f 3138/501/3161 3154/510/3161 3139/503/3161
f 3132/504/3162 3146/509/3162 3147/511/3162
f 3139/503/3163 3155/512/3163 3140/505/3163
f 3133/506/3164 3147/511/3164 3148/513/3164
f 3140/505/3165 3156/514/3165 3141/494/3165
f 3134/507/3166 3148/513/3166 3149/515/3166
f 3127/492/3167 2991/516/3167 3142/517/3167
f 3217/518/3168 3141/494/3168 3156/514/3168
f 3134/507/3169 3150/519/3169 3135/495/3169
f 3128/496/3170 3142/517/3170 3143/520/3170
f 3135/495/3171 3151/521/3171 3136/497/3171
f 3129/498/3172 3143/520/3172 3144/522/3172
f 3136/497/3173 3152/523/3173 3137/499/3173
f 3130/500/3174 3144/522/3174 3145/508/3174
f 3142/517/3175 2991/189/3175 3157/539/3175
f 3217/540/3176 3156/514/3176 3171/538/3176
f 3150/519/3177 3164/525/3177 3165/526/3177
f 3142/517/3178 3158/527/3178 3143/520/3178
f 3151/521/3179 3165/526/3179 3166/528/3179
f 3143/520/3180 3159/529/3180 3144/522/3180
f 3152/523/3181 3166/528/3181 3167/530/3181
f 3144/522/3182 3160/531/3182 3145/508/3182
f 3153/524/3183 3167/530/3183 3168/532/3183
f 3145/508/3184 3161/533/3184 3146/509/3184
f 3154/510/3185 3168/532/3185 3169/534/3185
f 3146/509/3186 3162/535/3186 3147/511/3186
f 3155/512/3187 3169/534/3187 3170/536/3187
f 3147/511/3188 3163/537/3188 3148/513/3188
f 3156/514/3189 3170/536/3189 3171/538/3189
f 3148/513/3190 3164/525/3190 3149/515/3190
f 3160/531/3191 3176/556/3191 3161/533/3191
f 3169/534/3192 3183/541/3192 3184/542/3192
f 3161/533/3193 3177/543/3193 3162/535/3193
f 3170/536/3194 3184/542/3194 3185/544/3194
f 3162/535/3195 3178/545/3195 3163/537/3195
f 3171/538/3196 3185/544/3196 3186/546/3196
f 3163/537/3197 3179/547/3197 3164/525/3197
f 3157/539/3198 2991/192/3198 3172/548/3198
f 3217/549/3199 3171/538/3199 3186/546/3199
f 3165/526/3200 3179/547/3200 3180/550/3200
f 3157/539/3201 3173/551/3201 3158/527/3201
f 3166/528/3202 3180/550/3202 3181/552/3202
f 3158/527/3203 3174/553/3203 3159/529/3203
f 3167/530/3204 3181/552/3204 3182/554/3204
f 3159/529/3205 3175/555/3205 3160/531/3205
f 3168/532/3206 3182/554/3206 3183/541/3206
f 3180/550/3207 3194/570/3207 3195/558/3207
f 3172/548/3208 3188/557/3208 3173/551/3208
f 3181/552/3209 3195/558/3209 3196/559/3209
f 3173/551/3210 3189/560/3210 3174/553/3210
f 3182/554/3211 3196/559/3211 3197/561/3211
f 3174/553/3212 3190/562/3212 3175/555/3212
f 3183/541/3213 3197/561/3213 3198/563/3213
f 3175/555/3214 3191/564/3214 3176/556/3214
f 3184/542/3215 3198/563/3215 3199/565/3215
f 3176/556/3216 3192/566/3216 3177/543/3216
f 3185/544/3217 3199/565/3217 3200/567/3217
f 3177/543/3218 3193/568/3218 3178/545/3218
f 3186/546/3219 3200/567/3219 3201/569/3219
f 3178/545/3220 3194/570/3220 3179/547/3220
f 3172/548/3221 2991/195/3221 3187/571/3221
f 3217/572/3222 3186/546/3222 3201/569/3222
f 3199/565/3223 3213/587/3223 3214/574/3223
f 3191/564/3224 3207/573/3224 3192/566/3224
f 3200/567/3225 3214/574/3225 3215/575/3225
f 3192/566/3226 3208/576/3226 3193/568/3226
f 3201/569/3227 3215/575/3227 3216/577/3227
f 3193/568/3228 3209/578/3228 3194/570/3228
f 3187/571/3229 2991/198/3229 3202/579/3229
f 3217/580/3230 3201/569/3230 3216/577/3230
f 3195/558/3231 3209/578/3231 3210/581/3231
f 3187/571/3232 3203/582/3232 3188/557/3232
f 3196/559/3233 3210/581/3233 3211/583/3233
f 3188/557/3234 3204/584/3234 3189/560/3234
f 3197/561/3235 3211/583/3235 3212/585/3235
f 3189/560/3236 3205/586/3236 3190/562/3236
f 3198/563/3237 3212/585/3237 3213/587/3237
f 3190/562/3238 3206/588/3238 3191/564/3238
f 3211/583/3239 3226/589/3239 3227/590/3239
f 3203/582/3240 3220/591/3240 3204/584/3240
f 3212/585/3241 3227/590/3241 3228/592/3241
f 3204/584/3242 3221/593/3242 3205/586/3242
f 3213/587/3243 3228/592/3243 3229/594/3243
f 3205/586/3244 3222/595/3244 3206/588/3244
f 3214/574/3245 3229/594/3245 3230/596/3245
f 3206/588/3246 3223/597/3246 3207/573/3246
f 3215/575/3247 3230/596/3247 3231/598/3247
f 3207/573/3248 3224/599/3248 3208/576/3248
f 3216/577/3249 3231/598/3249 3232/600/3249
f 3208/576/3250 3225/601/3250 3209/578/3250
f 3202/579/3251 2991/201/3251 3218/602/3251
f 3217/603/3252 3216/577/3252 3232/600/3252
f 3210/581/3253 3225/601/3253 3226/589/3253
f 3202/579/3254 3219/604/3254 3203/582/3254
f 3230/596/3255 3244/617/3255 3245/605/3255
f 3222/595/3256 3238/619/3256 3223/597/3256
f 3231/598/3257 3245/605/3257 3246/606/3257
f 3223/597/3258 3239/607/3258 3224/599/3258
f 3232/600/3259 3246/606/3259 3247/608/3259
f 3224/599/3260 3240/609/3260 3225/601/3260
f 3218/602/3261 2991/206/3261 3233/205/3261
f 3217/610/3262 3232/600/3262 3247/608/3262
f 3226/589/3263 3240/609/3263 3241/611/3263
f 3218/602/3264 3234/612/3264 3219/604/3264
f 3227/590/3265 3241/611/3265 3242/613/3265
f 3219/604/3266 3235/614/3266 3220/591/3266
f 3228/592/3267 3242/613/3267 3243/615/3267
f 3220/591/3268 3236/616/3268 3221/593/3268
f 3229/594/3269 3243/615/3269 3244/617/3269
f 3221/593/3270 3237/618/3270 3222/595/3270
f 3242/613/3271 3256/631/3271 3257/632/3271
f 3234/612/3272 3250/633/3272 3235/614/3272
f 3243/615/3273 3257/632/3273 3258/621/3273
f 3235/614/3274 3251/620/3274 3236/616/3274
f 3244/617/3275 3258/621/3275 3259/622/3275
f 3236/616/3276 3252/624/3276 3237/618/3276
f 3245/605/3277 3259/622/3277 3260/623/3277
f 3237/618/3278 3253/626/3278 3238/619/3278
f 3246/606/3279 3260/623/3279 3261/625/3279
f 3238/619/3280 3254/628/3280 3239/607/3280
f 3247/608/3281 3261/625/3281 3262/627/3281
f 3239/607/3282 3255/630/3282 3240/609/3282
f 3233/205/3283 2991/213/3283 3248/212/3283
f 3217/629/3284 3247/608/3284 3262/627/3284
f 3241/611/3285 3255/630/3285 3256/631/3285
f 3233/205/3286 3249/209/3286 3234/612/3286
f 3261/625/3287 3275/638/3287 3276/639/3287
f 3253/626/3288 3269/216/3288 3254/628/3288
f 3262/627/3289 3276/639/3289 3277/635/3289
f 3254/628/3290 3270/222/3290 3255/630/3290
f 3248/212/3291 2991/220/3291 3263/219/3291
f 3217/634/3292 3262/627/3292 3277/635/3292
f 3256/631/3293 3270/222/3293 3271/221/3293
f 3248/212/3294 3264/227/3294 3249/209/3294
f 3257/632/3295 3271/221/3295 3272/223/3295
f 3249/209/3296 3265/226/3296 3250/633/3296
f 3258/621/3297 3272/223/3297 3273/636/3297
f 3250/633/3298 3266/229/3298 3251/620/3298
f 3259/622/3299 3273/636/3299 3274/637/3299
f 3251/620/3300 3267/233/3300 3252/624/3300
f 3260/623/3301 3274/637/3301 3275/638/3301
f 3252/624/3302 3268/214/3302 3253/626/3302
f 3265/244/3303 3279/265/3303 3280/243/3303
f 3272/235/3304 3288/650/3304 3273/640/3304
f 3266/246/3305 3280/243/3305 3281/240/3305
f 3273/640/3306 3289/641/3306 3274/642/3306
f 3267/249/3307 3281/240/3307 3282/245/3307
f 3274/642/3308 3290/643/3308 3275/644/3308
f 3268/248/3309 3282/245/3309 3283/250/3309
f 3275/644/3310 3291/645/3310 3276/646/3310
f 3269/252/3311 3283/250/3311 3284/253/3311
f 3276/646/3312 3292/647/3312 3277/648/3312
f 3270/255/3313 3284/253/3313 3285/256/3313
f 3263/258/3314 2991/260/3314 3278/259/3314
f 3217/649/3315 3277/648/3315 3292/647/3315
f 3270/255/3316 3286/261/3316 3271/262/3316
f 3264/264/3317 3278/259/3317 3279/265/3317
f 3271/262/3318 3287/237/3318 3272/235/3318
f 3284/253/3319 3298/280/3319 3299/266/3319
f 3291/645/3320 3307/652/3320 3292/647/3320
f 3285/256/3321 3299/266/3321 3300/269/3321
f 3278/259/3322 2991/267/3322 3293/268/3322
f 3217/651/3323 3292/647/3323 3307/652/3323
f 3285/256/3324 3301/270/3324 3286/261/3324
f 3279/265/3325 3293/268/3325 3294/271/3325
f 3286/261/3326 3302/272/3326 3287/237/3326
f 3280/243/3327 3294/271/3327 3295/273/3327
f 3287/237/3328 3303/653/3328 3288/650/3328
f 3281/240/3329 3295/273/3329 3296/275/3329
f 3288/650/3330 3304/654/3330 3289/641/3330
f 3282/245/3331 3296/275/3331 3297/279/3331
f 3289/641/3332 3305/655/3332 3290/643/3332
f 3283/250/3333 3297/279/3333 3298/280/3333
f 3290/643/3334 3306/656/3334 3291/645/3334
f 3302/272/3335 3318/661/3335 3303/653/3335
f 3296/275/3336 3310/291/3336 3311/281/3336
f 3303/653/3337 3319/662/3337 3304/654/3337
f 3297/279/3338 3311/281/3338 3312/282/3338
f 3304/654/3339 3320/657/3339 3305/655/3339
f 3298/280/3340 3312/282/3340 3313/283/3340
f 3305/655/3341 3321/658/3341 3306/656/3341
f 3299/266/3342 3313/283/3342 3314/284/3342
f 3306/656/3343 3322/659/3343 3307/652/3343
f 3300/269/3344 3314/284/3344 3315/287/3344
f 3293/268/3345 2991/285/3345 3308/286/3345
f 3217/660/3346 3307/652/3346 3322/659/3346
f 3300/269/3347 3316/289/3347 3301/270/3347
f 3294/271/3348 3308/286/3348 3309/288/3348
f 3301/270/3349 3317/290/3349 3302/272/3349
f 3295/273/3350 3309/288/3350 3310/291/3350
f 3321/658/3351 3337/667/3351 3322/659/3351
f 3315/287/3352 3329/304/3352 3330/294/3352
f 3308/286/3353 2991/292/3353 3323/293/3353
f 3217/668/3354 3322/659/3354 3337/667/3354
f 3315/287/3355 3331/311/3355 3316/289/3355
f 3309/288/3356 3323/293/3356 3324/295/3356
f 3316/289/3357 3332/296/3357 3317/290/3357
f 3310/291/3358 3324/295/3358 3325/297/3358
f 3317/290/3359 3333/663/3359 3318/661/3359
f 3311/281/3360 3325/297/3360 3326/301/3360
f 3318/661/3361 3334/664/3361 3319/662/3361
f 3312/282/3362 3326/301/3362 3327/302/3362
f 3319/662/3363 3335/665/3363 3320/657/3363
f 3313/283/3364 3327/302/3364 3328/303/3364
f 3320/657/3365 3336/666/3365 3321/658/3365
f 3314/284/3366 3328/303/3366 3329/304/3366
f 3326/301/3367 3340/317/3367 3341/305/3367
f 3333/663/3368 3349/674/3368 3334/664/3368
f 3327/302/3369 3341/305/3369 3342/306/3369
f 3334/664/3370 3350/669/3370 3335/665/3370
f 3328/303/3371 3342/306/3371 3343/307/3371
f 3335/665/3372 3351/670/3372 3336/666/3372
f 3329/304/3373 3343/307/3373 3344/308/3373
f 3336/666/3374 3352/671/3374 3337/667/3374
f 3330/294/3375 3344/308/3375 3345/312/3375
f 3323/293/3376 2991/309/3376 3338/310/3376
f 3217/672/3377 3337/667/3377 3352/671/3377
f 3330/294/3378 3346/314/3378 3331/311/3378
f 3324/295/3379 3338/310/3379 3339/313/3379
f 3331/311/3380 3347/323/3380 3332/296/3380
f 3325/297/3381 3339/313/3381 3340/317/3381
f 3332/296/3382 3348/673/3382 3333/663/3382
f 3345/312/3383 3359/330/3383 3360/334/3383
f 3338/310/3384 2991/331/3384 3353/320/3384
f 3217/680/3385 3352/671/3385 3367/679/3385
f 3345/312/3386 3361/319/3386 3346/314/3386
f 3339/313/3387 3353/320/3387 3354/321/3387
f 3346/314/3388 3362/322/3388 3347/323/3388
f 3340/317/3389 3354/321/3389 3355/324/3389
f 3347/323/3390 3363/675/3390 3348/673/3390
f 3341/305/3391 3355/324/3391 3356/327/3391
f 3348/673/3392 3364/676/3392 3349/674/3392
f 3342/306/3393 3356/327/3393 3357/328/3393
f 3349/674/3394 3365/677/3394 3350/669/3394
f 3343/307/3395 3357/328/3395 3358/329/3395
f 3350/669/3396 3366/678/3396 3351/670/3396
f 3344/308/3397 3358/329/3397 3359/330/3397
f 3351/670/3398 3367/679/3398 3352/671/3398
f 3363/675/3399 3379/685/3399 3364/676/3399
f 3357/328/3400 3371/344/3400 3372/332/3400
f 3364/676/3401 3380/686/3401 3365/677/3401
f 3358/329/3402 3372/332/3402 3373/333/3402
f 3365/677/3403 3381/681/3403 3366/678/3403
f 3359/330/3404 3373/333/3404 3374/335/3404
f 3366/678/3405 3382/682/3405 3367/679/3405
f 3360/334/3406 3374/335/3406 3375/338/3406
f 3353/320/3407 2991/336/3407 3368/337/3407
f 3217/683/3408 3367/679/3408 3382/682/3408
f 3360/334/3409 3376/345/3409 3361/319/3409
f 3354/321/3410 3368/337/3410 3369/339/3410
f 3361/319/3411 3377/340/3411 3362/322/3411
f 3355/324/3412 3369/339/3412 3370/341/3412
f 3362/322/3413 3378/684/3413 3363/675/3413
f 3356/327/3414 3370/341/3414 3371/344/3414
f 3217/687/3415 3382/682/3415 3391/355/3415
f 3375/338/3416 2914/35/3416 3376/345/3416
f 3369/339/3417 3383/38/3417 3384/43/3417
f 3376/345/3418 3387/41/3418 3377/340/3418
f 3370/341/3419 3384/43/3419 2910/50/3419
f 3377/340/3420 2915/347/3420 3378/684/3420
f 3371/344/3421 2910/50/3421 3385/51/3421
f 3378/684/3422 3388/349/3422 3379/685/3422
f 3372/332/3423 3385/51/3423 2911/56/3423
f 3379/685/3424 3389/351/3424 3380/686/3424
f 3373/333/3425 2911/56/3425 3386/57/3425
f 3380/686/3426 3390/353/3426 3381/681/3426
f 3374/335/3427 3386/57/3427 2912/59/3427
f 3381/681/3428 3391/355/3428 3382/682/3428
f 3375/338/3429 2912/59/3429 2913/37/3429
f 3368/337/3430 2991/346/3430 3383/38/3430
f 3397/347/3431 3409/350/3431 3870/349/3431
f 3393/56/3432 3401/49/3432 3402/54/3432
f 3870/349/3433 3410/352/3433 3871/351/3433
f 3868/57/3434 3402/54/3434 3403/55/3434
f 3871/351/3435 3411/354/3435 3872/353/3435
f 3394/59/3436 3403/55/3436 3404/58/3436
f 3872/353/3437 3412/356/3437 3873/355/3437
f 3395/37/3438 3404/58/3438 3405/36/3438
f 3865/38/3439 3473/60/3439 3398/40/3439
f 3699/357/3440 3873/355/3440 3412/356/3440
f 3395/37/3441 3406/42/3441 3396/35/3441
f 3866/43/3442 3398/40/3442 3399/39/3442
f 3396/35/3443 3407/45/3443 3869/41/3443
f 3392/50/3444 3399/39/3444 3400/44/3444
f 3869/41/3445 3408/348/3445 3397/347/3445
f 3867/51/3446 3400/44/3446 3401/49/3446
f 3407/45/3447 3423/360/3447 3408/348/3447
f 3401/49/3448 3415/66/3448 3416/68/3448
f 3408/348/3449 3424/361/3449 3409/350/3449
f 3402/54/3450 3416/68/3450 3417/69/3450
f 3409/350/3451 3425/362/3451 3410/352/3451
f 3403/55/3452 3417/69/3452 3418/70/3452
f 3410/352/3453 3426/363/3453 3411/354/3453
f 3404/58/3454 3418/70/3454 3419/71/3454
f 3411/354/3455 3427/359/3455 3412/356/3455
f 3405/36/3456 3419/71/3456 3420/61/3456
f 3398/40/3457 3473/62/3457 3413/63/3457
f 3699/358/3458 3412/356/3458 3427/359/3458
f 3405/36/3459 3421/65/3459 3406/42/3459
f 3399/39/3460 3413/63/3460 3414/64/3460
f 3406/42/3461 3422/67/3461 3407/45/3461
f 3400/44/3462 3414/64/3462 3415/66/3462
f 3426/363/3463 3442/368/3463 3427/359/3463
f 3420/61/3464 3434/75/3464 3435/76/3464
f 3413/63/3465 3473/77/3465 3428/78/3465
f 3699/369/3466 3427/359/3466 3442/368/3466
f 3420/61/3467 3436/80/3467 3421/65/3467
f 3414/64/3468 3428/78/3468 3429/79/3468
f 3421/65/3469 3437/82/3469 3422/67/3469
f 3415/66/3470 3429/79/3470 3430/81/3470
f 3422/67/3471 3438/364/3471 3423/360/3471
f 3416/68/3472 3430/81/3472 3431/73/3472
f 3423/360/3473 3439/365/3473 3424/361/3473
f 3417/69/3474 3431/73/3474 3432/72/3474
f 3424/361/3475 3440/366/3475 3425/362/3475
f 3418/70/3476 3432/72/3476 3433/74/3476
f 3425/362/3477 3441/367/3477 3426/363/3477
f 3419/71/3478 3433/74/3478 3434/75/3478
f 3431/73/3479 3445/92/3479 3446/14/3479
f 3438/364/3480 3454/17/3480 3439/365/3480
f 3432/72/3481 3446/14/3481 3447/95/3481
f 3439/365/3482 3455/373/3482 3440/366/3482
f 3433/74/3483 3447/95/3483 3448/96/3483
f 3440/366/3484 3456/374/3484 3441/367/3484
f 3434/75/3485 3448/96/3485 3449/97/3485
f 3441/367/3486 3457/371/3486 3442/368/3486
f 3435/76/3487 3449/97/3487 3450/13/3487
f 3428/78/3488 3473/87/3488 3443/88/3488
f 3699/370/3489 3442/368/3489 3457/371/3489
f 3435/76/3490 3451/89/3490 3436/80/3490
f 3429/79/3491 3443/88/3491 3444/90/3491
f 3436/80/3492 3452/91/3492 3437/82/3492
f 3430/81/3493 3444/90/3493 3445/92/3493
f 3437/82/3494 3453/372/3494 3438/364/3494
f 3450/13/3495 3464/101/3495 3465/102/3495
f 3443/88/3496 3473/103/3496 3458/104/3496
f 3699/379/3497 3457/371/3497 3472/378/3497
f 3450/13/3498 3466/106/3498 3451/89/3498
f 3444/90/3499 3458/104/3499 3459/105/3499
f 3451/89/3500 3467/108/3500 3452/91/3500
f 3445/92/3501 3459/105/3501 3460/107/3501
f 3452/91/3502 3468/380/3502 3453/372/3502
f 3446/14/3503 3460/107/3503 3461/99/3503
f 3453/372/3504 3469/375/3504 3454/17/3504
f 3447/95/3505 3461/99/3505 3462/98/3505
f 3454/17/3506 3470/376/3506 3455/373/3506
f 3448/96/3507 3462/98/3507 3463/100/3507
f 3455/373/3508 3471/377/3508 3456/374/3508
f 3449/97/3509 3463/100/3509 3464/101/3509
f 3456/374/3510 3472/378/3510 3457/371/3510
f 3468/380/3511 3485/382/3511 3469/375/3511
f 3462/98/3512 3477/118/3512 3478/120/3512
f 3469/375/3513 3486/383/3513 3470/376/3513
f 3463/100/3514 3478/120/3514 3479/121/3514
f 3470/376/3515 3487/384/3515 3471/377/3515
f 3464/101/3516 3479/121/3516 3480/122/3516
f 3471/377/3517 3488/385/3517 3472/378/3517
f 3465/102/3518 3480/122/3518 3481/111/3518
f 3458/104/3519 3473/123/3519 3474/114/3519
f 3699/386/3520 3472/378/3520 3488/385/3520
f 3465/102/3521 3482/112/3521 3466/106/3521
f 3459/105/3522 3474/114/3522 3475/113/3522
f 3466/106/3523 3483/115/3523 3467/108/3523
f 3460/107/3524 3475/113/3524 3476/116/3524
f 3467/108/3525 3484/381/3525 3468/380/3525
f 3461/99/3526 3476/116/3526 3477/118/3526
f 3699/390/3527 3488/385/3527 3503/389/3527
f 3481/111/3528 3497/129/3528 3482/112/3528
f 3475/113/3529 3489/128/3529 3490/130/3529
f 3482/112/3530 3498/131/3530 3483/115/3530
f 3476/116/3531 3490/130/3531 3491/132/3531
f 3483/115/3532 3499/391/3532 3484/381/3532
f 3477/118/3533 3491/132/3533 3492/135/3533
f 3484/381/3534 3500/392/3534 3485/382/3534
f 3478/120/3535 3492/135/3535 3493/136/3535
f 3485/382/3536 3501/387/3536 3486/383/3536
f 3479/121/3537 3493/136/3537 3494/124/3537
f 3486/383/3538 3502/388/3538 3487/384/3538
f 3480/122/3539 3494/124/3539 3495/125/3539
f 3487/384/3540 3503/389/3540 3488/385/3540
f 3481/111/3541 3495/125/3541 3496/126/3541
f 3474/114/3542 3473/127/3542 3489/128/3542
f 3500/392/3543 3516/395/3543 3501/387/3543
f 3494/124/3544 3508/145/3544 3509/146/3544
f 3501/387/3545 3517/396/3545 3502/388/3545
f 3495/125/3546 3509/146/3546 3510/149/3546
f 3502/388/3547 3518/397/3547 3503/389/3547
f 3496/126/3548 3510/149/3548 3511/150/3548
f 3489/128/3549 3473/152/3549 3504/153/3549
f 3699/398/3550 3503/389/3550 3518/397/3550
f 3496/126/3551 3512/137/3551 3497/129/3551
f 3490/130/3552 3504/153/3552 3505/141/3552
f 3497/129/3553 3513/142/3553 3498/131/3553
f 3491/132/3554 3505/141/3554 3506/140/3554
f 3498/131/3555 3514/393/3555 3499/391/3555
f 3492/135/3556 3506/140/3556 3507/167/3556
f 3499/391/3557 3515/394/3557 3500/392/3557
f 3493/136/3558 3507/167/3558 3508/145/3558
f 3504/153/3559 3520/159/3559 3505/141/3559
f 3513/142/3560 3527/405/3560 3528/406/3560
f 3505/141/3561 3521/407/3561 3506/140/3561
f 3514/393/3562 3528/406/3562 3529/408/3562
f 3506/140/3563 3522/409/3563 3507/167/3563
f 3515/394/3564 3529/408/3564 3530/410/3564
f 3507/167/3565 3523/411/3565 3508/145/3565
f 3516/395/3566 3530/410/3566 3531/412/3566
f 3508/145/3567 3524/400/3567 3509/146/3567
f 3517/396/3568 3531/412/3568 3532/399/3568
f 3509/146/3569 3525/401/3569 3510/149/3569
f 3518/397/3570 3532/399/3570 3533/402/3570
f 3510/149/3571 3526/403/3571 3511/150/3571
f 3504/153/3572 3473/156/3572 3519/157/3572
f 3699/404/3573 3518/397/3573 3533/402/3573
f 3512/137/3574 3526/403/3574 3527/405/3574
f 3523/411/3575 3539/420/3575 3524/400/3575
f 3532/399/3576 3546/419/3576 3547/421/3576
f 3524/400/3577 3540/422/3577 3525/401/3577
f 3533/402/3578 3547/421/3578 3548/423/3578
f 3525/401/3579 3541/424/3579 3526/403/3579
f 3519/157/3580 3473/169/3580 3534/170/3580
f 3699/425/3581 3533/402/3581 3548/423/3581
f 3527/405/3582 3541/424/3582 3542/426/3582
f 3519/157/3583 3535/413/3583 3520/159/3583
f 3528/406/3584 3542/426/3584 3543/427/3584
f 3520/159/3585 3536/414/3585 3521/407/3585
f 3529/408/3586 3543/427/3586 3544/415/3586
f 3521/407/3587 3537/416/3587 3522/409/3587
f 3530/410/3588 3544/415/3588 3545/417/3588
f 3522/409/3589 3538/418/3589 3523/411/3589
f 3531/412/3590 3545/417/3590 3546/419/3590
f 3543/427/3591 3557/435/3591 3558/437/3591
f 3535/413/3592 3551/438/3592 3536/414/3592
f 3544/415/3593 3558/437/3593 3559/439/3593
f 3536/414/3594 3552/440/3594 3537/416/3594
f 3545/417/3595 3559/439/3595 3560/441/3595
f 3537/416/3596 3553/442/3596 3538/418/3596
f 3546/419/3597 3560/441/3597 3561/443/3597
f 3538/418/3598 3554/428/3598 3539/420/3598
f 3547/421/3599 3561/443/3599 3562/444/3599
f 3539/420/3600 3555/429/3600 3540/422/3600
f 3548/423/3601 3562/444/3601 3563/430/3601
f 3540/422/3602 3556/431/3602 3541/424/3602
f 3534/170/3603 3473/432/3603 3549/433/3603
f 3699/434/3604 3548/423/3604 3563/430/3604
f 3542/426/3605 3556/431/3605 3557/435/3605
f 3534/170/3606 3550/436/3606 3535/413/3606
f 3562/444/3607 3576/449/3607 3577/451/3607
f 3554/428/3608 3570/452/3608 3555/429/3608
f 3563/430/3609 3577/451/3609 3578/453/3609
f 3555/429/3610 3571/454/3610 3556/431/3610
f 3549/433/3611 3473/174/3611 3564/455/3611
f 3699/456/3612 3563/430/3612 3578/453/3612
f 3557/435/3613 3571/454/3613 3572/457/3613
f 3549/433/3614 3565/458/3614 3550/436/3614
f 3558/437/3615 3572/457/3615 3573/459/3615
f 3550/436/3616 3566/446/3616 3551/438/3616
f 3559/439/3617 3573/459/3617 3574/445/3617
f 3551/438/3618 3567/447/3618 3552/440/3618
f 3560/441/3619 3574/445/3619 3575/7/3619
f 3552/440/3620 3568/448/3620 3553/442/3620
f 3561/443/3621 3575/7/3621 3576/449/3621
f 3553/442/3622 3569/450/3622 3554/428/3622
f 3565/458/3623 3581/468/3623 3566/446/3623
f 3574/445/3624 3588/467/3624 3589/469/3624
f 3566/446/3625 3582/470/3625 3567/447/3625
f 3575/7/3626 3589/469/3626 3590/471/3626
f 3567/447/3627 3583/472/3627 3568/448/3627
f 3576/449/3628 3590/471/3628 3591/473/3628
f 3568/448/3629 3584/474/3629 3569/450/3629
f 3577/451/3630 3591/473/3630 3592/475/3630
f 3569/450/3631 3585/461/3631 3570/452/3631
f 3578/453/3632 3592/475/3632 3593/460/3632
f 3570/452/3633 3586/462/3633 3571/454/3633
f 3564/455/3634 3473/177/3634 3579/463/3634
f 3699/464/3635 3578/453/3635 3593/460/3635
f 3572/457/3636 3586/462/3636 3587/465/3636
f 3564/455/3637 3580/466/3637 3565/458/3637
f 3573/459/3638 3587/465/3638 3588/467/3638
f 3584/474/3639 3600/482/3639 3585/461/3639
f 3593/460/3640 3607/481/3640 3608/483/3640
f 3585/461/3641 3601/484/3641 3586/462/3641
f 3579/463/3642 3473/180/3642 3594/485/3642
f 3699/486/3643 3593/460/3643 3608/483/3643
f 3587/465/3644 3601/484/3644 3602/487/3644
f 3579/463/3645 3595/488/3645 3580/466/3645
f 3588/467/3646 3602/487/3646 3603/489/3646
f 3580/466/3647 3596/490/3647 3581/468/3647
f 3589/469/3648 3603/489/3648 3604/491/3648
f 3581/468/3649 3597/477/3649 3582/470/3649
f 3590/471/3650 3604/491/3650 3605/476/3650
f 3582/470/3651 3598/478/3651 3583/472/3651
f 3591/473/3652 3605/476/3652 3606/479/3652
f 3583/472/3653 3599/480/3653 3584/474/3653
f 3592/475/3654 3606/479/3654 3607/481/3654
f 3604/491/3655 3618/497/3655 3619/499/3655
f 3596/490/3656 3612/500/3656 3597/477/3656
f 3605/476/3657 3619/499/3657 3620/501/3657
f 3597/477/3658 3613/502/3658 3598/478/3658
f 3606/479/3659 3620/501/3659 3621/503/3659
f 3598/478/3660 3614/504/3660 3599/480/3660
f 3607/481/3661 3621/503/3661 3622/505/3661
f 3599/480/3662 3615/506/3662 3600/482/3662
f 3608/483/3663 3622/505/3663 3623/494/3663
f 3600/482/3664 3616/507/3664 3601/484/3664
f 3594/485/3665 3473/183/3665 3609/492/3665
f 3699/493/3666 3608/483/3666 3623/494/3666
f 3602/487/3667 3616/507/3667 3617/495/3667
f 3594/485/3668 3610/496/3668 3595/488/3668
f 3603/489/3669 3617/495/3669 3618/497/3669
f 3595/488/3670 3611/498/3670 3596/490/3670
f 3623/494/3671 3637/512/3671 3638/514/3671
f 3615/506/3672 3631/515/3672 3616/507/3672
f 3609/492/3673 3473/516/3673 3624/517/3673
f 3699/518/3674 3623/494/3674 3638/514/3674
f 3617/495/3675 3631/515/3675 3632/519/3675
f 3609/492/3676 3625/520/3676 3610/496/3676
f 3618/497/3677 3632/519/3677 3633/521/3677
f 3610/496/3678 3626/522/3678 3611/498/3678
f 3619/499/3679 3633/521/3679 3634/523/3679
f 3611/498/3680 3627/508/3680 3612/500/3680
f 3620/501/3681 3634/523/3681 3635/524/3681
f 3612/500/3682 3628/509/3682 3613/502/3682
f 3621/503/3683 3635/524/3683 3636/510/3683
f 3613/502/3684 3629/511/3684 3614/504/3684
f 3622/505/3685 3636/510/3685 3637/512/3685
f 3614/504/3686 3630/513/3686 3615/506/3686
f 3634/523/3687 3650/532/3687 3635/524/3687
f 3628/509/3688 3642/531/3688 3643/533/3688
f 3635/524/3689 3651/534/3689 3636/510/3689
f 3629/511/3690 3643/533/3690 3644/535/3690
f 3636/510/3691 3652/536/3691 3637/512/3691
f 3630/513/3692 3644/535/3692 3645/537/3692
f 3637/512/3693 3653/538/3693 3638/514/3693
f 3631/515/3694 3645/537/3694 3646/525/3694
f 3624/517/3695 3473/189/3695 3639/539/3695
f 3699/540/3696 3638/514/3696 3653/538/3696
f 3631/515/3697 3647/526/3697 3632/519/3697
f 3625/520/3698 3639/539/3698 3640/527/3698
f 3632/519/3699 3648/528/3699 3633/521/3699
f 3626/522/3700 3640/527/3700 3641/529/3700
f 3633/521/3701 3649/530/3701 3634/523/3701
f 3627/508/3702 3641/529/3702 3642/531/3702
f 3639/539/3703 3473/192/3703 3654/548/3703
f 3699/549/3704 3653/538/3704 3668/546/3704
f 3646/525/3705 3662/550/3705 3647/526/3705
f 3640/527/3706 3654/548/3706 3655/551/3706
f 3647/526/3707 3663/552/3707 3648/528/3707
f 3641/529/3708 3655/551/3708 3656/553/3708
f 3648/528/3709 3664/554/3709 3649/530/3709
f 3642/531/3710 3656/553/3710 3657/555/3710
f 3649/530/3711 3665/541/3711 3650/532/3711
f 3643/533/3712 3657/555/3712 3658/556/3712
f 3650/532/3713 3666/542/3713 3651/534/3713
f 3644/535/3714 3658/556/3714 3659/543/3714
f 3651/534/3715 3667/544/3715 3652/536/3715
f 3645/537/3716 3659/543/3716 3660/545/3716
f 3652/536/3717 3668/546/3717 3653/538/3717
f 3646/525/3718 3660/545/3718 3661/547/3718
f 3658/556/3719 3672/562/3719 3673/564/3719
f 3665/541/3720 3681/565/3720 3666/542/3720
f 3659/543/3721 3673/564/3721 3674/566/3721
f 3666/542/3722 3682/567/3722 3667/544/3722
f 3660/545/3723 3674/566/3723 3675/568/3723
f 3667/544/3724 3683/569/3724 3668/546/3724
f 3661/547/3725 3675/568/3725 3676/570/3725
f 3654/548/3726 3473/195/3726 3669/571/3726
f 3699/572/3727 3668/546/3727 3683/569/3727
f 3661/547/3728 3677/558/3728 3662/550/3728
f 3655/551/3729 3669/571/3729 3670/557/3729
f 3662/550/3730 3678/559/3730 3663/552/3730
f 3656/553/3731 3670/557/3731 3671/560/3731
f 3663/552/3732 3679/561/3732 3664/554/3732
f 3657/555/3733 3671/560/3733 3672/562/3733
f 3664/554/3734 3680/563/3734 3665/541/3734
f 3676/570/3735 3692/581/3735 3677/558/3735
f 3670/557/3736 3684/579/3736 3685/582/3736
f 3677/558/3737 3693/583/3737 3678/559/3737
f 3671/560/3738 3685/582/3738 3686/584/3738
f 3678/559/3739 3694/585/3739 3679/561/3739
f 3672/562/3740 3686/584/3740 3687/586/3740
f 3679/561/3741 3695/587/3741 3680/563/3741
f 3673/564/3742 3687/586/3742 3688/588/3742
f 3680/563/3743 3696/574/3743 3681/565/3743
f 3674/566/3744 3688/588/3744 3689/573/3744
f 3681/565/3745 3697/575/3745 3682/567/3745
f 3675/568/3746 3689/573/3746 3690/576/3746
f 3682/567/3747 3698/577/3747 3683/569/3747
f 3676/570/3748 3690/576/3748 3691/578/3748
f 3669/571/3749 3473/198/3749 3684/579/3749
f 3699/580/3750 3683/569/3750 3698/577/3750
f 3695/587/3751 3712/596/3751 3696/574/3751
f 3689/573/3752 3704/595/3752 3705/597/3752
f 3696/574/3753 3713/598/3753 3697/575/3753
f 3690/576/3754 3705/597/3754 3706/599/3754
f 3697/575/3755 3714/600/3755 3698/577/3755
f 3691/578/3756 3706/599/3756 3707/601/3756
f 3684/579/3757 3473/201/3757 3700/602/3757
f 3699/603/3758 3698/577/3758 3714/600/3758
f 3691/578/3759 3708/589/3759 3692/581/3759
f 3685/582/3760 3700/602/3760 3701/604/3760
f 3692/581/3761 3709/590/3761 3693/583/3761
f 3686/584/3762 3701/604/3762 3702/591/3762
f 3693/583/3763 3710/592/3763 3694/585/3763
f 3687/586/3764 3702/591/3764 3703/593/3764
f 3694/585/3765 3711/594/3765 3695/587/3765
f 3688/588/3766 3703/593/3766 3704/595/3766
f 3701/604/3767 3715/205/3767 3716/612/3767
f 3708/589/3768 3724/613/3768 3709/590/3768
f 3702/591/3769 3716/612/3769 3717/614/3769
f 3709/590/3770 3725/615/3770 3710/592/3770
f 3703/593/3771 3717/614/3771 3718/616/3771
f 3710/592/3772 3726/617/3772 3711/594/3772
f 3704/595/3773 3718/616/3773 3719/618/3773
f 3711/594/3774 3727/605/3774 3712/596/3774
f 3705/597/3775 3719/618/3775 3720/619/3775
f 3712/596/3776 3728/606/3776 3713/598/3776
f 3706/599/3777 3720/619/3777 3721/607/3777
f 3713/598/3778 3729/608/3778 3714/600/3778
f 3707/601/3779 3721/607/3779 3722/609/3779
f 3700/602/3780 3473/206/3780 3715/205/3780
f 3699/610/3781 3714/600/3781 3729/608/3781
f 3707/601/3782 3723/611/3782 3708/589/3782
f 3720/619/3783 3734/624/3783 3735/626/3783
f 3727/605/3784 3743/625/3784 3728/606/3784
f 3721/607/3785 3735/626/3785 3736/628/3785
f 3728/606/3786 3744/627/3786 3729/608/3786
f 3722/609/3787 3736/628/3787 3737/630/3787
f 3715/205/3788 3473/213/3788 3730/212/3788
f 3699/629/3789 3729/608/3789 3744/627/3789
f 3722/609/3790 3738/631/3790 3723/611/3790
f 3716/612/3791 3730/212/3791 3731/209/3791
f 3723/611/3792 3739/632/3792 3724/613/3792
f 3717/614/3793 3731/209/3793 3732/633/3793
f 3724/613/3794 3740/621/3794 3725/615/3794
f 3718/616/3795 3732/633/3795 3733/620/3795
f 3725/615/3796 3741/622/3796 3726/617/3796
f 3719/618/3797 3733/620/3797 3734/624/3797
f 3726/617/3798 3742/623/3798 3727/605/3798
f 3738/631/3799 3754/223/3799 3739/632/3799
f 3732/633/3800 3746/227/3800 3747/226/3800
f 3739/632/3801 3755/636/3801 3740/621/3801
f 3733/620/3802 3747/226/3802 3748/229/3802
f 3740/621/3803 3756/637/3803 3741/622/3803
f 3734/624/3804 3748/229/3804 3749/233/3804
f 3741/622/3805 3757/638/3805 3742/623/3805
f 3735/626/3806 3749/233/3806 3750/214/3806
f 3742/623/3807 3758/639/3807 3743/625/3807
f 3736/628/3808 3750/214/3808 3751/216/3808
f 3743/625/3809 3759/635/3809 3744/627/3809
f 3737/630/3810 3751/216/3810 3752/222/3810
f 3730/212/3811 3473/220/3811 3745/219/3811
f 3699/634/3812 3744/627/3812 3759/635/3812
f 3737/630/3813 3753/221/3813 3738/631/3813
f 3731/209/3814 3745/219/3814 3746/227/3814
f 3758/646/3815 3772/643/3815 3773/645/3815
f 3750/248/3816 3766/253/3816 3751/252/3816
f 3759/648/3817 3773/645/3817 3774/647/3817
f 3751/252/3818 3767/256/3818 3752/255/3818
f 3745/258/3819 3473/260/3819 3760/259/3819
f 3699/649/3820 3759/648/3820 3774/647/3820
f 3753/262/3821 3767/256/3821 3768/261/3821
f 3745/258/3822 3761/265/3822 3746/264/3822
f 3754/235/3823 3768/261/3823 3769/237/3823
f 3746/264/3824 3762/243/3824 3747/244/3824
f 3755/640/3825 3769/237/3825 3770/650/3825
f 3747/244/3826 3763/240/3826 3748/246/3826
f 3756/642/3827 3770/650/3827 3771/641/3827
f 3748/246/3828 3764/245/3828 3749/249/3828
f 3757/644/3829 3771/641/3829 3772/643/3829
f 3749/249/3830 3765/250/3830 3750/248/3830
f 3770/650/3831 3784/272/3831 3785/653/3831
f 3762/243/3832 3778/275/3832 3763/240/3832
f 3771/641/3833 3785/653/3833 3786/654/3833
f 3763/240/3834 3779/279/3834 3764/245/3834
f 3772/643/3835 3786/654/3835 3787/655/3835
f 3764/245/3836 3780/280/3836 3765/250/3836
f 3773/645/3837 3787/655/3837 3788/656/3837
f 3765/250/3838 3781/266/3838 3766/253/3838
f 3774/647/3839 3788/656/3839 3789/652/3839
f 3766/253/3840 3782/269/3840 3767/256/3840
f 3760/259/3841 3473/267/3841 3775/268/3841
f 3699/651/3842 3774/647/3842 3789/652/3842
f 3768/261/3843 3782/269/3843 3783/270/3843
f 3760/259/3844 3776/271/3844 3761/265/3844
f 3769/237/3845 3783/270/3845 3784/272/3845
f 3761/265/3846 3777/273/3846 3762/243/3846
f 3789/652/3847 3803/658/3847 3804/659/3847
f 3781/266/3848 3797/287/3848 3782/269/3848
f 3775/268/3849 3473/285/3849 3790/286/3849
f 3699/660/3850 3789/652/3850 3804/659/3850
f 3783/270/3851 3797/287/3851 3798/289/3851
f 3775/268/3852 3791/288/3852 3776/271/3852
f 3784/272/3853 3798/289/3853 3799/290/3853
f 3776/271/3854 3792/291/3854 3777/273/3854
f 3785/653/3855 3799/290/3855 3800/661/3855
f 3777/273/3856 3793/281/3856 3778/275/3856
f 3786/654/3857 3800/661/3857 3801/662/3857
f 3778/275/3858 3794/282/3858 3779/279/3858
f 3787/655/3859 3801/662/3859 3802/657/3859
f 3779/279/3860 3795/283/3860 3780/280/3860
f 3788/656/3861 3802/657/3861 3803/658/3861
f 3780/280/3862 3796/284/3862 3781/266/3862
f 3792/291/3863 3808/301/3863 3793/281/3863
f 3801/662/3864 3815/663/3864 3816/664/3864
f 3793/281/3865 3809/302/3865 3794/282/3865
f 3802/657/3866 3816/664/3866 3817/665/3866
f 3794/282/3867 3810/303/3867 3795/283/3867
f 3803/658/3868 3817/665/3868 3818/666/3868
f 3795/283/3869 3811/304/3869 3796/284/3869
f 3804/659/3870 3818/666/3870 3819/667/3870
f 3796/284/3871 3812/294/3871 3797/287/3871
f 3790/286/3872 3473/292/3872 3805/293/3872
f 3699/668/3873 3804/659/3873 3819/667/3873
f 3798/289/3874 3812/294/3874 3813/311/3874
f 3790/286/3875 3806/295/3875 3791/288/3875
f 3799/290/3876 3813/311/3876 3814/296/3876
f 3791/288/3877 3807/297/3877 3792/291/3877
f 3800/661/3878 3814/296/3878 3815/663/3878
f 3811/304/3879 3827/312/3879 3812/294/3879
f 3805/293/3880 3473/309/3880 3820/310/3880
f 3699/672/3881 3819/667/3881 3834/671/3881
f 3813/311/3882 3827/312/3882 3828/314/3882
f 3805/293/3883 3821/313/3883 3806/295/3883
f 3814/296/3884 3828/314/3884 3829/323/3884
f 3806/295/3885 3822/317/3885 3807/297/3885
f 3815/663/3886 3829/323/3886 3830/673/3886
f 3807/297/3887 3823/305/3887 3808/301/3887
f 3816/664/3888 3830/673/3888 3831/674/3888
f 3808/301/3889 3824/306/3889 3809/302/3889
f 3817/665/3890 3831/674/3890 3832/669/3890
f 3809/302/3891 3825/307/3891 3810/303/3891
f 3818/666/3892 3832/669/3892 3833/670/3892
f 3810/303/3893 3826/308/3893 3811/304/3893
f 3819/667/3894 3833/670/3894 3834/671/3894
f 3831/674/3895 3845/675/3895 3846/676/3895
f 3823/305/3896 3839/328/3896 3824/306/3896
f 3832/669/3897 3846/676/3897 3847/677/3897
f 3824/306/3898 3840/329/3898 3825/307/3898
f 3833/670/3899 3847/677/3899 3848/678/3899
f 3825/307/3900 3841/330/3900 3826/308/3900
f 3834/671/3901 3848/678/3901 3849/679/3901
f 3826/308/3902 3842/334/3902 3827/312/3902
f 3820/310/3903 3473/331/3903 3835/320/3903
f 3699/680/3904 3834/671/3904 3849/679/3904
f 3828/314/3905 3842/334/3905 3843/319/3905
f 3820/310/3906 3836/321/3906 3821/313/3906
f 3829/323/3907 3843/319/3907 3844/322/3907
f 3821/313/3908 3837/324/3908 3822/317/3908
f 3830/673/3909 3844/322/3909 3845/675/3909
f 3822/317/3910 3838/327/3910 3823/305/3910
f 3835/320/3911 3473/336/3911 3850/337/3911
f 3699/683/3912 3849/679/3912 3864/682/3912
f 3843/319/3913 3857/338/3913 3858/345/3913
f 3835/320/3914 3851/339/3914 3836/321/3914
f 3844/322/3915 3858/345/3915 3859/340/3915
f 3836/321/3916 3852/341/3916 3837/324/3916
f 3845/675/3917 3859/340/3917 3860/684/3917
f 3837/324/3918 3853/344/3918 3838/327/3918
f 3846/676/3919 3860/684/3919 3861/685/3919
f 3838/327/3920 3854/332/3920 3839/328/3920
f 3847/677/3921 3861/685/3921 3862/686/3921
f 3839/328/3922 3855/333/3922 3840/329/3922
f 3848/678/3923 3862/686/3923 3863/681/3923
f 3840/329/3924 3856/335/3924 3841/330/3924
f 3849/679/3925 3863/681/3925 3864/682/3925
f 3841/330/3926 3857/338/3926 3842/334/3926
f 3853/344/3927 3393/56/3927 3854/332/3927
f 3862/686/3928 3870/349/3928 3871/351/3928
f 3854/332/3929 3868/57/3929 3855/333/3929
f 3863/681/3930 3871/351/3930 3872/353/3930
f 3855/333/3931 3394/59/3931 3856/335/3931
f 3864/682/3932 3872/353/3932 3873/355/3932
f 3856/335/3933 3395/37/3933 3857/338/3933
f 3850/337/3934 3473/346/3934 3865/38/3934
f 3699/687/3935 3864/682/3935 3873/355/3935
f 3858/345/3936 3395/37/3936 3396/35/3936
f 3850/337/3937 3866/43/3937 3851/339/3937
f 3859/340/3938 3396/35/3938 3869/41/3938
f 3851/339/3939 3392/50/3939 3852/341/3939
f 3860/684/3940 3869/41/3940 3397/347/3940
f 3852/341/3941 3867/51/3941 3853/344/3941
f 3861/685/3942 3397/347/3942 3870/349/3942
f 4349/51/3943 3882/44/3943 3883/49/3943
f 3879/347/3944 3891/350/3944 4352/349/3944
f 3875/56/3945 3883/49/3945 3884/54/3945
f 4352/349/3946 3892/352/3946 4353/351/3946
f 4350/57/3947 3884/54/3947 3885/55/3947
f 4353/351/3948 3893/354/3948 4354/353/3948
f 3876/59/3949 3885/55/3949 3886/58/3949
f 4354/353/3950 3894/356/3950 4355/355/3950
f 3877/37/3951 3886/58/3951 3887/36/3951
f 4347/38/3952 3955/60/3952 3880/40/3952
f 4181/357/3953 4355/355/3953 3894/356/3953
f 3877/37/3954 3888/42/3954 3878/35/3954
f 4348/43/3955 3880/40/3955 3881/39/3955
f 3878/35/3956 3889/45/3956 4351/41/3956
f 3874/50/3957 3881/39/3957 3882/44/3957
f 4351/41/3958 3890/348/3958 3879/347/3958
f 3888/42/3959 3904/67/3959 3889/45/3959
f 3882/44/3960 3896/64/3960 3897/66/3960
f 3889/45/3961 3905/360/3961 3890/348/3961
f 3883/49/3962 3897/66/3962 3898/68/3962
f 3890/348/3963 3906/361/3963 3891/350/3963
f 3884/54/3964 3898/68/3964 3899/69/3964
f 3891/350/3965 3907/362/3965 3892/352/3965
f 3885/55/3966 3899/69/3966 3900/70/3966
f 3892/352/3967 3908/363/3967 3893/354/3967
f 3886/58/3968 3900/70/3968 3901/71/3968
f 3893/354/3969 3909/359/3969 3894/356/3969
f 3887/36/3970 3901/71/3970 3902/61/3970
f 3880/40/3971 3955/62/3971 3895/63/3971
f 4181/358/3972 3894/356/3972 3909/359/3972
f 3887/36/3973 3903/65/3973 3888/42/3973
f 3881/39/3974 3895/63/3974 3896/64/3974
f 3907/362/3975 3923/367/3975 3908/363/3975
f 3901/71/3976 3915/74/3976 3916/75/3976
f 3908/363/3977 3924/368/3977 3909/359/3977
f 3902/61/3978 3916/75/3978 3917/76/3978
f 3895/63/3979 3955/77/3979 3910/78/3979
f 4181/369/3980 3909/359/3980 3924/368/3980
f 3902/61/3981 3918/80/3981 3903/65/3981
f 3896/64/3982 3910/78/3982 3911/79/3982
f 3903/65/3983 3919/82/3983 3904/67/3983
f 3897/66/3984 3911/79/3984 3912/81/3984
f 3904/67/3985 3920/364/3985 3905/360/3985
f 3898/68/3986 3912/81/3986 3913/73/3986
f 3905/360/3987 3921/365/3987 3906/361/3987
f 3899/69/3988 3913/73/3988 3914/72/3988
f 3906/361/3989 3922/366/3989 3907/362/3989
f 3900/70/3990 3914/72/3990 3915/74/3990
f 3919/82/3991 3935/372/3991 3920/364/3991
f 3913/73/3992 3927/92/3992 3928/14/3992
f 3920/364/3993 3936/17/3993 3921/365/3993
f 3914/72/3994 3928/14/3994 3929/95/3994
f 3921/365/3995 3937/373/3995 3922/366/3995
f 3915/74/3996 3929/95/3996 3930/96/3996
f 3922/366/3997 3938/374/3997 3923/367/3997
f 3916/75/3998 3930/96/3998 3931/97/3998
f 3923/367/3999 3939/371/3999 3924/368/3999
f 3917/76/4000 3931/97/4000 3932/13/4000
f 3910/78/4001 3955/87/4001 3925/88/4001
f 4181/370/4002 3924/368/4002 3939/371/4002
f 3917/76/4003 3933/89/4003 3918/80/4003
f 3911/79/4004 3925/88/4004 3926/90/4004
f 3918/80/4005 3934/91/4005 3919/82/4005
f 3912/81/4006 3926/90/4006 3927/92/4006
f 3938/374/4007 3954/378/4007 3939/371/4007
f 3932/13/4008 3946/101/4008 3947/102/4008
f 3925/88/4009 3955/103/4009 3940/104/4009
f 4181/379/4010 3939/371/4010 3954/378/4010
f 3932/13/4011 3948/106/4011 3933/89/4011
f 3926/90/4012 3940/104/4012 3941/105/4012
f 3933/89/4013 3949/108/4013 3934/91/4013
f 3927/92/4014 3941/105/4014 3942/107/4014
f 3934/91/4015 3950/380/4015 3935/372/4015
f 3928/14/4016 3942/107/4016 3943/99/4016
f 3935/372/4017 3951/375/4017 3936/17/4017
f 3929/95/4018 3943/99/4018 3944/98/4018
f 3936/17/4019 3952/376/4019 3937/373/4019
f 3930/96/4020 3944/98/4020 3945/100/4020
f 3937/373/4021 3953/377/4021 3938/374/4021
f 3931/97/4022 3945/100/4022 3946/101/4022
f 3943/99/4023 3958/116/4023 3959/118/4023
f 3950/380/4024 3967/382/4024 3951/375/4024
f 3944/98/4025 3959/118/4025 3960/120/4025
f 3951/375/4026 3968/383/4026 3952/376/4026
f 3945/100/4027 3960/120/4027 3961/121/4027
f 3952/376/4028 3969/384/4028 3953/377/4028
f 3946/101/4029 3961/121/4029 3962/122/4029
f 3953/377/4030 3970/385/4030 3954/378/4030
f 3947/102/4031 3962/122/4031 3963/111/4031
f 3940/104/4032 3955/123/4032 3956/114/4032
f 4181/386/4033 3954/378/4033 3970/385/4033
f 3947/102/4034 3964/112/4034 3948/106/4034
f 3941/105/4035 3956/114/4035 3957/113/4035
f 3948/106/4036 3965/115/4036 3949/108/4036
f 3942/107/4037 3957/113/4037 3958/116/4037
f 3949/108/4038 3966/381/4038 3950/380/4038
f 3963/111/4039 3977/125/4039 3978/126/4039
f 3956/114/4040 3955/127/4040 3971/128/4040
f 4181/390/4041 3970/385/4041 3985/389/4041
f 3963/111/4042 3979/129/4042 3964/112/4042
f 3957/113/4043 3971/128/4043 3972/130/4043
f 3964/112/4044 3980/131/4044 3965/115/4044
f 3958/116/4045 3972/130/4045 3973/132/4045
f 3965/115/4046 3981/391/4046 3966/381/4046
f 3959/118/4047 3973/132/4047 3974/135/4047
f 3966/381/4048 3982/392/4048 3967/382/4048
f 3960/120/4049 3974/135/4049 3975/136/4049
f 3967/382/4050 3983/387/4050 3968/383/4050
f 3961/121/4051 3975/136/4051 3976/124/4051
f 3968/383/4052 3984/388/4052 3969/384/4052
f 3962/122/4053 3976/124/4053 3977/125/4053
f 3969/384/4054 3985/389/4054 3970/385/4054
f 3981/391/4055 3997/394/4055 3982/392/4055
f 3975/136/4056 3989/167/4056 3990/145/4056
f 3982/392/4057 3998/395/4057 3983/387/4057
f 3976/124/4058 3990/145/4058 3991/146/4058
f 3983/387/4059 3999/396/4059 3984/388/4059
f 3977/125/4060 3991/146/4060 3992/149/4060
f 3984/388/4061 4000/397/4061 3985/389/4061
f 3978/126/4062 3992/149/4062 3993/150/4062
f 3971/128/4063 3955/152/4063 3986/153/4063
f 4181/398/4064 3985/389/4064 4000/397/4064
f 3978/126/4065 3994/137/4065 3979/129/4065
f 3972/130/4066 3986/153/4066 3987/141/4066
f 3979/129/4067 3995/142/4067 3980/131/4067
f 3973/132/4068 3987/141/4068 3988/140/4068
f 3980/131/4069 3996/393/4069 3981/391/4069
f 3974/135/4070 3988/140/4070 3989/167/4070
f 3986/153/4071 3955/156/4071 4001/157/4071
f 4181/404/4072 4000/397/4072 4015/402/4072
f 3994/137/4073 4008/403/4073 4009/405/4073
f 3986/153/4074 4002/159/4074 3987/141/4074
f 3995/142/4075 4009/405/4075 4010/406/4075
f 3987/141/4076 4003/407/4076 3988/140/4076
f 3996/393/4077 4010/406/4077 4011/408/4077
f 3988/140/4078 4004/409/4078 3989/167/4078
f 3997/394/4079 4011/408/4079 4012/410/4079
f 3989/167/4080 4005/411/4080 3990/145/4080
f 3998/395/4081 4012/410/4081 4013/412/4081
f 3990/145/4082 4006/400/4082 3991/146/4082
f 3999/396/4083 4013/412/4083 4014/399/4083
f 3991/146/4084 4007/401/4084 3992/149/4084
f 4000/397/4085 4014/399/4085 4015/402/4085
f 3992/149/4086 4008/403/4086 3993/150/4086
f 4004/409/4087 4020/418/4087 4005/411/4087
f 4013/412/4088 4027/417/4088 4028/419/4088
f 4005/411/4089 4021/420/4089 4006/400/4089
f 4014/399/4090 4028/419/4090 4029/421/4090
f 4006/400/4091 4022/422/4091 4007/401/4091
f 4015/402/4092 4029/421/4092 4030/423/4092
f 4007/401/4093 4023/424/4093 4008/403/4093
f 4001/157/4094 3955/169/4094 4016/170/4094
f 4181/425/4095 4015/402/4095 4030/423/4095
f 4009/405/4096 4023/424/4096 4024/426/4096
f 4001/157/4097 4017/413/4097 4002/159/4097
f 4010/406/4098 4024/426/4098 4025/427/4098
f 4002/159/4099 4018/414/4099 4003/407/4099
f 4011/408/4100 4025/427/4100 4026/415/4100
f 4003/407/4101 4019/416/4101 4004/409/4101
f 4012/410/4102 4026/415/4102 4027/417/4102
f 4030/423/4103 4044/444/4103 4045/430/4103
f 4024/426/4104 4038/431/4104 4039/435/4104
f 4016/170/4105 4032/436/4105 4017/413/4105
f 4181/434/4106 4030/423/4106 4045/430/4106
f 4025/427/4107 4039/435/4107 4040/437/4107
f 4017/413/4108 4033/438/4108 4018/414/4108
f 4026/415/4109 4040/437/4109 4041/439/4109
f 4018/414/4110 4034/440/4110 4019/416/4110
f 4027/417/4111 4041/439/4111 4042/441/4111
f 4019/416/4112 4035/442/4112 4020/418/4112
f 4020/418/4113 4036/428/4113 4021/420/4113
f 4021/420/4114 4037/429/4114 4022/422/4114
f 4028/419/4115 4042/441/4115 4043/443/4115
f 4029/421/4116 4043/443/4116 4044/444/4116
f 4022/422/4117 4038/431/4117 4023/424/4117
f 4016/170/4118 3955/432/4118 4031/433/4118
f 4042/441/4119 4056/445/4119 4057/7/4119
f 4034/440/4120 4050/448/4120 4035/442/4120
f 4043/443/4121 4057/7/4121 4058/449/4121
f 4035/442/4122 4051/450/4122 4036/428/4122
f 4044/444/4123 4058/449/4123 4059/451/4123
f 4036/428/4124 4052/452/4124 4037/429/4124
f 4045/430/4125 4059/451/4125 4060/453/4125
f 4037/429/4126 4053/454/4126 4038/431/4126
f 4031/433/4127 3955/174/4127 4046/455/4127
f 4181/456/4128 4045/430/4128 4060/453/4128
f 4039/435/4129 4053/454/4129 4054/457/4129
f 4031/433/4130 4047/458/4130 4032/436/4130
f 4040/437/4131 4054/457/4131 4055/459/4131
f 4032/436/4132 4048/446/4132 4033/438/4132
f 4041/439/4133 4055/459/4133 4056/445/4133
f 4033/438/4134 4049/447/4134 4034/440/4134
f 4046/455/4135 3955/177/4135 4061/463/4135
f 4181/464/4136 4060/453/4136 4075/460/4136
f 4054/457/4137 4068/462/4137 4069/465/4137
f 4046/455/4138 4062/466/4138 4047/458/4138
f 4055/459/4139 4069/465/4139 4070/467/4139
f 4047/458/4140 4063/468/4140 4048/446/4140
f 4056/445/4141 4070/467/4141 4071/469/4141
f 4048/446/4142 4064/470/4142 4049/447/4142
f 4057/7/4143 4071/469/4143 4072/471/4143
f 4049/447/4144 4065/472/4144 4050/448/4144
f 4058/449/4145 4072/471/4145 4073/473/4145
f 4050/448/4146 4066/474/4146 4051/450/4146
f 4059/451/4147 4073/473/4147 4074/475/4147
f 4051/450/4148 4067/461/4148 4052/452/4148
f 4060/453/4149 4074/475/4149 4075/460/4149
f 4052/452/4150 4068/462/4150 4053/454/4150
f 4064/470/4151 4080/478/4151 4065/472/4151
f 4073/473/4152 4087/476/4152 4088/479/4152
f 4065/472/4153 4081/480/4153 4066/474/4153
f 4074/475/4154 4088/479/4154 4089/481/4154
f 4066/474/4155 4082/482/4155 4067/461/4155
f 4075/460/4156 4089/481/4156 4090/483/4156
f 4067/461/4157 4083/484/4157 4068/462/4157
f 4061/463/4158 3955/180/4158 4076/485/4158
f 4181/486/4159 4075/460/4159 4090/483/4159
f 4069/465/4160 4083/484/4160 4084/487/4160
f 4061/463/4161 4077/488/4161 4062/466/4161
f 4070/467/4162 4084/487/4162 4085/489/4162
f 4062/466/4163 4078/490/4163 4063/468/4163
f 4071/469/4164 4085/489/4164 4086/491/4164
f 4063/468/4165 4079/477/4165 4064/470/4165
f 4072/471/4166 4086/491/4166 4087/476/4166
f 4084/487/4167 4098/507/4167 4099/495/4167
f 4076/485/4168 4092/496/4168 4077/488/4168
f 4085/489/4169 4099/495/4169 4100/497/4169
f 4077/488/4170 4093/498/4170 4078/490/4170
f 4086/491/4171 4100/497/4171 4101/499/4171
f 4078/490/4172 4094/500/4172 4079/477/4172
f 4087/476/4173 4101/499/4173 4102/501/4173
f 4079/477/4174 4095/502/4174 4080/478/4174
f 4088/479/4175 4102/501/4175 4103/503/4175
f 4080/478/4176 4096/504/4176 4081/480/4176
f 4089/481/4177 4103/503/4177 4104/505/4177
f 4081/480/4178 4097/506/4178 4082/482/4178
f 4090/483/4179 4104/505/4179 4105/494/4179
f 4082/482/4180 4098/507/4180 4083/484/4180
f 4076/485/4181 3955/183/4181 4091/492/4181
f 4181/493/4182 4090/483/4182 4105/494/4182
f 4103/503/4183 4117/524/4183 4118/510/4183
f 4095/502/4184 4111/511/4184 4096/504/4184
f 4104/505/4185 4118/510/4185 4119/512/4185
f 4096/504/4186 4112/513/4186 4097/506/4186
f 4105/494/4187 4119/512/4187 4120/514/4187
f 4097/506/4188 4113/515/4188 4098/507/4188
f 4091/492/4189 3955/516/4189 4106/517/4189
f 4181/518/4190 4105/494/4190 4120/514/4190
f 4099/495/4191 4113/515/4191 4114/519/4191
f 4091/492/4192 4107/520/4192 4092/496/4192
f 4100/497/4193 4114/519/4193 4115/521/4193
f 4092/496/4194 4108/522/4194 4093/498/4194
f 4101/499/4195 4115/521/4195 4116/523/4195
f 4093/498/4196 4109/508/4196 4094/500/4196
f 4102/501/4197 4116/523/4197 4117/524/4197
f 4094/500/4198 4110/509/4198 4095/502/4198
f 4107/520/4199 4121/539/4199 4122/527/4199
f 4114/519/4200 4130/528/4200 4115/521/4200
f 4108/522/4201 4122/527/4201 4123/529/4201
f 4115/521/4202 4131/530/4202 4116/523/4202
f 4109/508/4203 4123/529/4203 4124/531/4203
f 4116/523/4204 4132/532/4204 4117/524/4204
f 4110/509/4205 4124/531/4205 4125/533/4205
f 4117/524/4206 4133/534/4206 4118/510/4206
f 4111/511/4207 4125/533/4207 4126/535/4207
f 4118/510/4208 4134/536/4208 4119/512/4208
f 4112/513/4209 4126/535/4209 4127/537/4209
f 4119/512/4210 4135/538/4210 4120/514/4210
f 4113/515/4211 4127/537/4211 4128/525/4211
f 4106/517/4212 3955/189/4212 4121/539/4212
f 4181/540/4213 4120/514/4213 4135/538/4213
f 4113/515/4214 4129/526/4214 4114/519/4214
f 4126/535/4215 4140/556/4215 4141/543/4215
f 4133/534/4216 4149/544/4216 4134/536/4216
f 4127/537/4217 4141/543/4217 4142/545/4217
f 4134/536/4218 4150/546/4218 4135/538/4218
f 4128/525/4219 4142/545/4219 4143/547/4219
f 4121/539/4220 3955/192/4220 4136/548/4220
f 4181/549/4221 4135/538/4221 4150/546/4221
f 4128/525/4222 4144/550/4222 4129/526/4222
f 4122/527/4223 4136/548/4223 4137/551/4223
f 4129/526/4224 4145/552/4224 4130/528/4224
f 4123/529/4225 4137/551/4225 4138/553/4225
f 4130/528/4226 4146/554/4226 4131/530/4226
f 4124/531/4227 4138/553/4227 4139/555/4227
f 4131/530/4228 4147/541/4228 4132/532/4228
f 4125/533/4229 4139/555/4229 4140/556/4229
f 4132/532/4230 4148/542/4230 4133/534/4230
f 4144/550/4231 4160/559/4231 4145/552/4231
f 4138/553/4232 4152/557/4232 4153/560/4232
f 4145/552/4233 4161/561/4233 4146/554/4233
f 4139/555/4234 4153/560/4234 4154/562/4234
f 4146/554/4235 4162/563/4235 4147/541/4235
f 4140/556/4236 4154/562/4236 4155/564/4236
f 4147/541/4237 4163/565/4237 4148/542/4237
f 4141/543/4238 4155/564/4238 4156/566/4238
f 4148/542/4239 4164/567/4239 4149/544/4239
f 4142/545/4240 4156/566/4240 4157/568/4240
f 4149/544/4241 4165/569/4241 4150/546/4241
f 4143/547/4242 4157/568/4242 4158/570/4242
f 4136/548/4243 3955/195/4243 4151/571/4243
f 4181/572/4244 4150/546/4244 4165/569/4244
f 4143/547/4245 4159/558/4245 4144/550/4245
f 4137/551/4246 4151/571/4246 4152/557/4246
f 4163/565/4247 4179/575/4247 4164/567/4247
f 4157/568/4248 4171/573/4248 4172/576/4248
f 4164/567/4249 4180/577/4249 4165/569/4249
f 4158/570/4250 4172/576/4250 4173/578/4250
f 4151/571/4251 3955/198/4251 4166/579/4251
f 4181/580/4252 4165/569/4252 4180/577/4252
f 4158/570/4253 4174/581/4253 4159/558/4253
f 4152/557/4254 4166/579/4254 4167/582/4254
f 4159/558/4255 4175/583/4255 4160/559/4255
f 4153/560/4256 4167/582/4256 4168/584/4256
f 4160/559/4257 4176/585/4257 4161/561/4257
f 4154/562/4258 4168/584/4258 4169/586/4258
f 4161/561/4259 4177/587/4259 4162/563/4259
f 4155/564/4260 4169/586/4260 4170/588/4260
f 4162/563/4261 4178/574/4261 4163/565/4261
f 4156/566/4262 4170/588/4262 4171/573/4262
f 4175/583/4263 4192/592/4263 4176/585/4263
f 4169/586/4264 4184/591/4264 4185/593/4264
f 4176/585/4265 4193/594/4265 4177/587/4265
f 4170/588/4266 4185/593/4266 4186/595/4266
f 4177/587/4267 4194/596/4267 4178/574/4267
f 4171/573/4268 4186/595/4268 4187/597/4268
f 4178/574/4269 4195/598/4269 4179/575/4269
f 4172/576/4270 4187/597/4270 4188/599/4270
f 4179/575/4271 4196/600/4271 4180/577/4271
f 4173/578/4272 4188/599/4272 4189/601/4272
f 4166/579/4273 3955/201/4273 4182/602/4273
f 4181/603/4274 4180/577/4274 4196/600/4274
f 4173/578/4275 4190/589/4275 4174/581/4275
f 4167/582/4276 4182/602/4276 4183/604/4276
f 4174/581/4277 4191/590/4277 4175/583/4277
f 4168/584/4278 4183/604/4278 4184/591/4278
f 4195/598/4279 4211/608/4279 4196/600/4279
f 4189/601/4280 4203/607/4280 4204/609/4280
f 4182/602/4281 3955/206/4281 4197/205/4281
f 4181/610/4282 4196/600/4282 4211/608/4282
f 4189/601/4283 4205/611/4283 4190/589/4283
f 4183/604/4284 4197/205/4284 4198/612/4284
f 4190/589/4285 4206/613/4285 4191/590/4285
f 4184/591/4286 4198/612/4286 4199/614/4286
f 4191/590/4287 4207/615/4287 4192/592/4287
f 4185/593/4288 4199/614/4288 4200/616/4288
f 4192/592/4289 4208/617/4289 4193/594/4289
f 4186/595/4290 4200/616/4290 4201/618/4290
f 4193/594/4291 4209/605/4291 4194/596/4291
f 4187/597/4292 4201/618/4292 4202/619/4292
f 4194/596/4293 4210/606/4293 4195/598/4293
f 4188/599/4294 4202/619/4294 4203/607/4294
f 4200/616/4295 4214/633/4295 4215/620/4295
f 4207/615/4296 4223/622/4296 4208/617/4296
f 4201/618/4297 4215/620/4297 4216/624/4297
f 4208/617/4298 4224/623/4298 4209/605/4298
f 4202/619/4299 4216/624/4299 4217/626/4299
f 4209/605/4300 4225/625/4300 4210/606/4300
f 4203/607/4301 4217/626/4301 4218/628/4301
f 4210/606/4302 4226/627/4302 4211/608/4302
f 4204/609/4303 4218/628/4303 4219/630/4303
f 4197/205/4304 3955/213/4304 4212/212/4304
f 4181/629/4305 4211/608/4305 4226/627/4305
f 4204/609/4306 4220/631/4306 4205/611/4306
f 4198/612/4307 4212/212/4307 4213/209/4307
f 4205/611/4308 4221/632/4308 4206/613/4308
f 4199/614/4309 4213/209/4309 4214/633/4309
f 4206/613/4310 4222/621/4310 4207/615/4310
f 4219/630/4311 4233/216/4311 4234/222/4311
f 4212/212/4312 3955/220/4312 4227/219/4312
f 4181/634/4313 4226/627/4313 4241/635/4313
f 4219/630/4314 4235/221/4314 4220/631/4314
f 4213/209/4315 4227/219/4315 4228/227/4315
f 4220/631/4316 4236/223/4316 4221/632/4316
f 4214/633/4317 4228/227/4317 4229/226/4317
f 4221/632/4318 4237/636/4318 4222/621/4318
f 4215/620/4319 4229/226/4319 4230/229/4319
f 4222/621/4320 4238/637/4320 4223/622/4320
f 4216/624/4321 4230/229/4321 4231/233/4321
f 4223/622/4322 4239/638/4322 4224/623/4322
f 4217/626/4323 4231/233/4323 4232/214/4323
f 4224/623/4324 4240/639/4324 4225/625/4324
f 4218/628/4325 4232/214/4325 4233/216/4325
f 4225/625/4326 4241/635/4326 4226/627/4326
f 4238/642/4327 4252/650/4327 4253/641/4327
f 4230/246/4328 4246/245/4328 4231/249/4328
f 4239/644/4329 4253/641/4329 4254/643/4329
f 4231/249/4330 4247/250/4330 4232/248/4330
f 4240/646/4331 4254/643/4331 4255/645/4331
f 4232/248/4332 4248/253/4332 4233/252/4332
f 4241/648/4333 4255/645/4333 4256/647/4333
f 4233/252/4334 4249/256/4334 4234/255/4334
f 4227/258/4335 3955/260/4335 4242/259/4335
f 4181/649/4336 4241/648/4336 4256/647/4336
f 4235/262/4337 4249/256/4337 4250/261/4337
f 4227/258/4338 4243/265/4338 4228/264/4338
f 4236/235/4339 4250/261/4339 4251/237/4339
f 4228/264/4340 4244/243/4340 4229/244/4340
f 4237/640/4341 4251/237/4341 4252/650/4341
f 4229/244/4342 4245/240/4342 4230/246/4342
f 4242/259/4343 3955/267/4343 4257/268/4343
f 4181/651/4344 4256/647/4344 4271/652/4344
f 4250/261/4345 4264/269/4345 4265/270/4345
f 4242/259/4346 4258/271/4346 4243/265/4346
f 4251/237/4347 4265/270/4347 4266/272/4347
f 4243/265/4348 4259/273/4348 4244/243/4348
f 4252/650/4349 4266/272/4349 4267/653/4349
f 4244/243/4350 4260/275/4350 4245/240/4350
f 4253/641/4351 4267/653/4351 4268/654/4351
f 4245/240/4352 4261/279/4352 4246/245/4352
f 4254/643/4353 4268/654/4353 4269/655/4353
f 4246/245/4354 4262/280/4354 4247/250/4354
f 4255/645/4355 4269/655/4355 4270/656/4355
f 4247/250/4356 4263/266/4356 4248/253/4356
f 4256/647/4357 4270/656/4357 4271/652/4357
f 4248/253/4358 4264/269/4358 4249/256/4358
f 4260/275/4359 4276/282/4359 4261/279/4359
f 4269/655/4360 4283/662/4360 4284/657/4360
f 4261/279/4361 4277/283/4361 4262/280/4361
f 4270/656/4362 4284/657/4362 4285/658/4362
f 4262/280/4363 4278/284/4363 4263/266/4363
f 4271/652/4364 4285/658/4364 4286/659/4364
f 4263/266/4365 4279/287/4365 4264/269/4365
f 4257/268/4366 3955/285/4366 4272/286/4366
f 4181/660/4367 4271/652/4367 4286/659/4367
f 4265/270/4368 4279/287/4368 4280/289/4368
f 4257/268/4369 4273/288/4369 4258/271/4369
f 4266/272/4370 4280/289/4370 4281/290/4370
f 4258/271/4371 4274/291/4371 4259/273/4371
f 4267/653/4372 4281/290/4372 4282/661/4372
f 4259/273/4373 4275/281/4373 4260/275/4373
f 4268/654/4374 4282/661/4374 4283/662/4374
f 4280/289/4375 4294/294/4375 4295/311/4375
f 4272/286/4376 4288/295/4376 4273/288/4376
f 4281/290/4377 4295/311/4377 4296/296/4377
f 4273/288/4378 4289/297/4378 4274/291/4378
f 4282/661/4379 4296/296/4379 4297/663/4379
f 4274/291/4380 4290/301/4380 4275/281/4380
f 4283/662/4381 4297/663/4381 4298/664/4381
f 4275/281/4382 4291/302/4382 4276/282/4382
f 4284/657/4383 4298/664/4383 4299/665/4383
f 4276/282/4384 4292/303/4384 4277/283/4384
f 4285/658/4385 4299/665/4385 4300/666/4385
f 4277/283/4386 4293/304/4386 4278/284/4386
f 4286/659/4387 4300/666/4387 4301/667/4387
f 4278/284/4388 4294/294/4388 4279/287/4388
f 4272/286/4389 3955/292/4389 4287/293/4389
f 4181/668/4390 4286/659/4390 4301/667/4390
f 4299/665/4391 4313/674/4391 4314/669/4391
f 4291/302/4392 4307/307/4392 4292/303/4392
f 4300/666/4393 4314/669/4393 4315/670/4393
f 4292/303/4394 4308/308/4394 4293/304/4394
f 4301/667/4395 4315/670/4395 4316/671/4395
f 4293/304/4396 4309/312/4396 4294/294/4396
f 4287/293/4397 3955/309/4397 4302/310/4397
f 4181/672/4398 4301/667/4398 4316/671/4398
f 4295/311/4399 4309/312/4399 4310/314/4399
f 4287/293/4400 4303/313/4400 4288/295/4400
f 4296/296/4401 4310/314/4401 4311/323/4401
f 4288/295/4402 4304/317/4402 4289/297/4402
f 4297/663/4403 4311/323/4403 4312/673/4403
f 4289/297/4404 4305/305/4404 4290/301/4404
f 4298/664/4405 4312/673/4405 4313/674/4405
f 4290/301/4406 4306/306/4406 4291/302/4406
f 4311/323/4407 4325/319/4407 4326/322/4407
f 4303/313/4408 4319/324/4408 4304/317/4408
f 4312/673/4409 4326/322/4409 4327/675/4409
f 4304/317/4410 4320/327/4410 4305/305/4410
f 4313/674/4411 4327/675/4411 4328/676/4411
f 4305/305/4412 4321/328/4412 4306/306/4412
f 4314/669/4413 4328/676/4413 4329/677/4413
f 4306/306/4414 4322/329/4414 4307/307/4414
f 4315/670/4415 4329/677/4415 4330/678/4415
f 4307/307/4416 4323/330/4416 4308/308/4416
f 4316/671/4417 4330/678/4417 4331/679/4417
f 4308/308/4418 4324/334/4418 4309/312/4418
f 4302/310/4419 3955/331/4419 4317/320/4419
f 4181/680/4420 4316/671/4420 4331/679/4420
f 4310/314/4421 4324/334/4421 4325/319/4421
f 4302/310/4422 4318/321/4422 4303/313/4422
f 4330/678/4423 4344/686/4423 4345/681/4423
f 4322/329/4424 4338/335/4424 4323/330/4424
f 4331/679/4425 4345/681/4425 4346/682/4425
f 4323/330/4426 4339/338/4426 4324/334/4426
f 4317/320/4427 3955/336/4427 4332/337/4427
f 4181/683/4428 4331/679/4428 4346/682/4428
f 4325/319/4429 4339/338/4429 4340/345/4429
f 4317/320/4430 4333/339/4430 4318/321/4430
f 4326/322/4431 4340/345/4431 4341/340/4431
f 4318/321/4432 4334/341/4432 4319/324/4432
f 4327/675/4433 4341/340/4433 4342/684/4433
f 4319/324/4434 4335/344/4434 4320/327/4434
f 4328/676/4435 4342/684/4435 4343/685/4435
f 4320/327/4436 4336/332/4436 4321/328/4436
f 4329/677/4437 4343/685/4437 4344/686/4437
f 4321/328/4438 4337/333/4438 4322/329/4438
f 4333/339/4439 3874/50/4439 4334/341/4439
f 4342/684/4440 4351/41/4440 3879/347/4440
f 4334/341/4441 4349/51/4441 4335/344/4441
f 4343/685/4442 3879/347/4442 4352/349/4442
f 4335/344/4443 3875/56/4443 4336/332/4443
f 4344/686/4444 4352/349/4444 4353/351/4444
f 4336/332/4445 4350/57/4445 4337/333/4445
f 4345/681/4446 4353/351/4446 4354/353/4446
f 4337/333/4447 3876/59/4447 4338/335/4447
f 4346/682/4448 4354/353/4448 4355/355/4448
f 4338/335/4449 3877/37/4449 4339/338/4449
f 4332/337/4450 3955/346/4450 4347/38/4450
f 4181/687/4451 4346/682/4451 4355/355/4451
f 4340/345/4452 3877/37/4452 3878/35/4452
f 4332/337/4453 4348/43/4453 4333/339/4453
f 4341/340/4454 3878/35/4454 4351/41/4454
f 4357/688/4455 4358/689/4455 4356/255/4455
f 4359/690/4456 4360/691/4456 4358/689/4456
f 4361/692/4457 4362/693/4457 4360/691/4457
f 4363/694/4458 4364/23/4458 4362/693/4458
f 4365/695/4459 4366/696/4459 4364/23/4459
f 4366/696/4460 4369/697/4460 4368/698/4460
f 4368/698/4461 4371/699/4461 4370/700/4461
f 4370/700/4462 4373/701/4462 4372/37/4462
f 4372/37/4463 4375/702/4463 4374/36/4463
f 4374/36/4464 4377/703/4464 4376/61/4464
f 4376/61/4465 4379/704/4465 4378/76/4465
f 4378/76/4466 4381/3/4466 4380/13/4466
f 4380/13/4467 4383/705/4467 4382/102/4467
f 4382/102/4468 4385/706/4468 4384/111/4468
f 4384/111/4469 4387/707/4469 4386/126/4469
f 4386/126/4470 4389/708/4470 4388/709/4470
f 4388/709/4471 4391/710/4471 4390/711/4471
f 4390/711/4472 4393/712/4472 4392/713/4472
f 4392/713/4473 4395/714/4473 4394/715/4473
f 4394/715/4474 4397/26/4474 4396/11/4474
f 4396/11/4475 4399/716/4475 4398/717/4475
f 4399/716/4476 4400/718/4476 4398/717/4476
f 4401/719/4477 4402/720/4477 4400/718/4477
f 4403/721/4478 4404/722/4478 4402/720/4478
f 4405/723/4479 4406/724/4479 4404/722/4479
f 4407/725/4480 4408/726/4480 4406/724/4480
f 4409/727/4481 4410/728/4481 4408/726/4481
f 4411/729/4482 4412/20/4482 4410/728/4482
f 4413/730/4483 4414/731/4483 4412/20/4483
f 4415/732/4484 4416/733/4484 4414/731/4484
f 4393/734/4485 4377/735/4485 4361/736/4485
f 4417/737/4486 4418/738/4486 4416/733/4486
f 4419/739/4487 4356/222/4487 4418/738/4487
f 4386/740/4488 4402/741/4488 4418/742/4488
f 4420/255/4489 4423/690/4489 4422/689/4489
f 4422/689/4490 4425/692/4490 4424/691/4490
f 4424/691/4491 4427/694/4491 4426/693/4491
f 4426/693/4492 4429/695/4492 4428/23/4492
f 4428/23/4493 4431/743/4493 4430/696/4493
f 4430/696/4494 4433/697/4494 4432/698/4494
f 4432/698/4495 4435/699/4495 4434/700/4495
f 4435/699/4496 4436/37/4496 4434/700/4496
f 4437/701/4497 4438/36/4497 4436/37/4497
f 4439/702/4498 4440/61/4498 4438/36/4498
f 4441/703/4499 4442/76/4499 4440/61/4499
f 4443/704/4500 4444/13/4500 4442/76/4500
f 4445/3/4501 4446/102/4501 4444/13/4501
f 4447/705/4502 4448/111/4502 4446/102/4502
f 4449/706/4503 4450/126/4503 4448/111/4503
f 4451/707/4504 4452/709/4504 4450/126/4504
f 4453/708/4505 4454/711/4505 4452/709/4505
f 4455/710/4506 4456/713/4506 4454/711/4506
f 4457/712/4507 4458/715/4507 4456/713/4507
f 4459/714/4508 4460/11/4508 4458/715/4508
f 4461/26/4509 4462/717/4509 4460/11/4509
f 4463/716/4510 4464/718/4510 4462/717/4510
f 4465/719/4511 4466/720/4511 4464/718/4511
f 4466/720/4512 4469/723/4512 4468/722/4512
f 4468/722/4513 4471/725/4513 4470/724/4513
f 4470/724/4514 4473/727/4514 4472/726/4514
f 4472/726/4515 4475/729/4515 4474/728/4515
f 4474/728/4516 4477/730/4516 4476/20/4516
f 4476/20/4517 4479/732/4517 4478/731/4517
f 4478/731/4518 4481/737/4518 4480/733/4518
f 4457/734/4519 4441/735/4519 4425/736/4519
f 4480/733/4520 4483/739/4520 4482/738/4520
f 4482/738/4521 4421/744/4521 4420/222/4521
f 4450/740/4522 4466/741/4522 4482/742/4522
f 455/11/94 4484/12/94 4485/11/94
f 420/14/94 4487/13/94 4486/14/94
f 312/12/94 4486/14/94 4484/12/94
f 462/13/94 4485/11/94 4487/13/94
f 4488/745/4523 4489/746/4523 4490/747/4523
f 4491/748/4524 4492/749/4524 4493/750/4524
f 4494/751/4525 4495/752/4525 4496/753/4525
f 4497/754/4526 4498/755/4526 4499/756/4526
f 4500/757/4527 4501/758/4527 4502/759/4527
f 4503/760/4528 4504/761/4528 4505/762/4528
f 4506/763/4529 4507/764/4529 4508/765/4529
f 4509/766/4530 4510/767/4530 4511/768/4530
f 4488/769/4531 4495/752/4531 4494/751/4531
f 4491/748/4532 4521/770/4532 4520/771/4532
f 4497/754/4533 4493/772/4533 4492/773/4533
f 4496/753/4534 4523/774/4534 4522/775/4534
f 4494/776/4535 4513/777/4535 4512/778/4535
f 4509/766/4536 4515/779/4536 4514/780/4536
f 4524/781/4537 4507/764/4537 4525/782/4537
f 4500/757/4538 4508/765/4538 4501/758/4538
f 4509/766/4539 4505/762/4539 4510/767/4539
f 4526/783/4540 4501/758/4540 4527/784/4540
f 4500/757/4541 4517/785/4541 4516/786/4541
f 4492/749/4542 4519/787/4542 4518/788/4542
f 4512/778/4543 4500/757/4543 4516/789/4543
f 4521/790/4544 4499/791/4544 4523/774/4544
f 4519/787/4545 4520/771/4545 4529/141/4545
f 4497/754/4546 4518/792/4546 4514/780/4546
f 4515/793/4547 4525/782/4547 4528/794/4547
f 4510/767/4548 4527/784/4548 4524/781/4548
f 4522/775/4547 4515/793/4547 4528/794/4547
f 4509/766/4549 4518/792/4549 4503/760/4549
f 4504/761/4545 4529/141/4545 4526/783/4545
f 4512/778/4543 4488/795/4543 4494/776/4543
f 4503/760/4542 4519/787/4542 4504/761/4542
f 4516/786/4541 4489/746/4541 4488/745/4541
f 4497/754/4536 4515/779/4536 4498/755/4536
f 4512/778/4535 4507/764/4535 4506/763/4535
f 4526/783/4545 4517/785/4545 4502/759/4545
f 4522/775/4547 4513/796/4547 4496/753/4547
f 4524/781/4548 4501/758/4548 4508/765/4548
f 4513/796/4547 4525/782/4547 4507/764/4547
f 4529/141/4545 4489/746/4545 4517/785/4545
f 4490/797/4550 4523/774/4550 4495/752/4550
f 4504/761/4540 4527/784/4540 4505/762/4540
f 4510/767/4537 4525/782/4537 4511/768/4537
f 4522/775/4551 4499/791/4551 4498/798/4551
f 4520/771/4532 4490/747/4532 4489/746/4532
f 4544/748/4552 4545/749/4552 4546/750/4552
f 4549/754/4553 4550/755/4553 4551/756/4553
f 4554/760/4554 4555/761/4554 4556/762/4554
f 4560/766/4555 4561/767/4555 4562/768/4555
f 4544/748/4556 4571/770/4556 4570/771/4556
f 4549/754/4557 4546/772/4557 4545/773/4557
f 4548/753/4558 4573/774/4558 4572/775/4558
f 4560/766/4559 4566/779/4559 4565/780/4559
f 4574/781/4560 4558/764/4560 4575/782/4560
f 4560/766/4561 4556/762/4561 4561/767/4561
f 4545/749/4562 4569/787/4562 4568/788/4562
f 4571/790/4563 4551/791/4563 4573/774/4563
f 4569/787/4564 4570/771/4564 4579/141/4564
f 4565/780/4565 4545/773/4565 4568/792/4565
f 4566/793/4566 4575/782/4566 4578/794/4566
f 4572/775/4566 4566/793/4566 4578/794/4566
f 4560/766/4567 4568/792/4567 4554/760/4567
f 4555/761/4564 4579/141/4564 4576/783/4564
f 4554/760/4562 4569/787/4562 4555/761/4562
f 4549/754/4559 4566/779/4559 4550/755/4559
f 4572/775/4566 4564/796/4566 4548/753/4566
f 4564/796/4566 4575/782/4566 4558/764/4566
f 4561/767/4560 4575/782/4560 4562/768/4560
f 4572/775/4568 4551/791/4568 4550/798/4568
f 159/1/1 157/1/1 244/2/1
f 1/26/4569 2/799/4569 3/800/4569
f 6/801/4570 8/802/4570 25/803/4570
f 1/26/4571 3/800/4571 6/801/4571
f 136/804/4572 157/25/4572 102/3/4572
f 135/805/4573 137/806/4573 136/804/4573
f 134/807/4574 135/805/4574 136/804/4574
f 102/3/4575 1/26/4575 6/801/4575
f 102/3/4576 6/801/4576 25/803/4576
f 133/808/4577 134/807/4577 136/804/4577
f 132/809/4578 133/808/4578 136/804/4578
f 102/3/4579 25/803/4579 27/810/4579
f 102/3/4580 27/810/4580 29/811/4580
f 132/809/4581 136/804/4581 102/3/4581
f 129/812/4582 132/809/4582 102/3/4582
f 102/3/4583 29/811/4583 106/813/4583
f 102/3/4584 106/813/4584 108/814/4584
f 127/815/4585 129/812/4585 102/3/4585
f 126/816/4586 127/815/4586 102/3/4586
f 102/3/4587 108/814/4587 122/4/4587
f 123/5/4588 126/816/4588 102/3/4588
f 102/6/3 238/17/3 190/7/3
f 4485/11/4589 4484/12/4589 308/817/4589
f 4485/11/4590 308/817/4590 311/818/4590
f 426/819/4591 453/820/4591 4485/11/4591
f 429/821/4592 426/819/4592 4485/11/4592
f 4485/11/4593 311/818/4593 324/822/4593
f 4485/11/4594 324/822/4594 345/823/4594
f 435/824/4595 429/821/4595 4485/11/4595
f 269/825/4596 435/824/4596 4485/11/4596
f 4485/11/4597 345/823/4597 264/826/4597
f 4485/11/4598 264/826/4598 277/9/4598
f 276/10/4599 269/825/4599 4485/11/4599
f 312/12/5 455/11/5 462/13/5
f 4487/13/4600 4485/11/4600 453/15/4600
f 453/15/7 190/7/7 238/17/7
f 5/827/4601 2/828/4601 1/829/4601
f 190/20/4602 453/820/4602 426/819/4602
f 190/20/4603 426/819/4603 208/830/4603
f 5/827/4601 1/829/4601 190/20/4601
f 16/831/4604 5/827/4604 190/20/4604
f 190/20/4605 208/830/4605 205/832/4605
f 190/20/4606 205/832/4606 199/833/4606
f 39/834/4607 16/831/4607 190/20/4607
f 56/835/4608 39/834/4608 190/20/4608
f 190/20/4609 199/833/4609 69/836/4609
f 190/20/4610 69/836/4610 68/18/4610
f 62/19/4611 56/835/4611 190/20/4611
f 157/25/4612 136/804/4612 354/837/4612
f 157/25/4613 354/837/4613 355/838/4613
f 309/839/4614 308/840/4614 4484/12/4614
f 330/841/4615 315/842/4615 313/843/4615
f 313/843/4616 309/839/4616 4484/12/4616
f 157/25/4617 355/838/4617 356/844/4617
f 157/25/4618 356/844/4618 357/845/4618
f 313/843/4619 4484/12/4619 4486/14/4619
f 330/841/4620 313/843/4620 4486/14/4620
f 157/25/4618 357/845/4618 358/846/4618
f 157/25/4618 358/846/4618 360/847/4618
f 332/848/4621 330/841/4621 4486/14/4621
f 256/849/4622 332/848/4622 4486/14/4622
f 4486/14/4618 157/25/4618 360/847/4618
f 4486/14/9 360/847/9 359/850/9
f 381/851/4623 256/849/4623 4486/14/4623
f 379/852/4624 381/851/4624 4486/14/4624
f 4486/14/4625 359/850/4625 365/21/4625
f 364/22/4626 379/852/4626 4486/14/4626
f 249/16/4627 463/13/4627 4487/13/4627
f 422/14/11 464/13/11 458/2/11
f 160/1/12 395/1/12 458/2/12
f 340/14/4628 341/14/4628 425/14/4628
f 422/14/14 425/14/14 466/13/14
f 159/1/15 246/2/15 241/23/15
f 99/6/4629 100/6/4629 24/6/4629
f 238/17/4630 191/17/4630 193/17/4630
f 102/6/18 24/6/18 191/17/18
f 24/6/19 100/6/19 234/17/19
f 100/24/20 104/24/20 241/23/20
f 23/6/4631 24/6/4631 102/6/4631
f 246/2/4632 244/2/4632 251/2/4632
f 425/14/23 341/14/23 456/13/23
f 341/14/24 4486/14/24 4487/13/24
f 419/14/4633 4486/14/4633 341/14/4633
f 465/13/4634 464/13/4634 466/13/4634
f 158/1/27 160/1/27 247/2/27
f 157/1/28 158/1/28 245/2/28
f 158/1/4635 157/1/4635 152/1/4635
f 460/2/4636 255/2/4636 247/2/4636
f 419/14/31 421/14/31 393/25/31
f 421/14/4637 419/14/4637 340/14/4637
f 425/14/4638 422/14/4638 421/14/4638
f 157/25/4639 151/25/4639 393/25/4639
f 4486/14/4640 419/14/4640 151/25/4640
f 395/1/4641 393/1/4641 421/14/4641
f 154/25/4642 152/25/4642 394/25/4642
f 394/25/4643 152/25/4643 157/25/4643
f 394/1/4644 395/1/4644 160/1/4644
f 160/1/4645 158/1/4645 154/1/4645
f 103/3/4646 101/3/4646 153/25/4646
f 99/3/4647 23/3/4647 101/3/4647
f 104/24/4648 100/24/4648 99/24/4648
f 101/3/4649 102/3/4649 157/25/4649
f 104/24/45 103/24/45 155/1/45
f 153/1/4650 157/1/4650 159/1/4650
f 242/23/4651 235/23/4651 236/23/4651
f 253/2/4652 242/23/4652 243/23/4652
f 254/2/4653 243/23/4653 241/23/4653
f 191/17/4654 234/17/4654 236/17/4654
f 244/16/4655 238/17/4655 240/17/4655
f 236/23/4656 234/23/4656 241/23/4656
f 248/16/4657 239/17/4657 242/17/4657
f 235/17/4658 242/17/4658 239/17/4658
f 236/17/4659 235/17/4659 192/17/4659
f 254/2/4660 251/2/4660 248/2/4660
f 240/17/4661 239/17/4661 248/16/4661
f 193/17/4662 192/17/4662 239/17/4662
f 460/16/59 250/16/59 252/16/59
f 252/2/4663 245/2/4663 247/2/4663
f 250/2/4664 244/2/4664 245/2/4664
f 244/16/4665 250/16/4665 460/16/4665
f 459/16/4666 465/13/4666 463/13/4666
f 457/13/4667 463/13/4667 465/13/4667
f 465/13/4668 459/2/4668 458/2/4668
f 456/13/4669 4487/13/4669 463/13/4669
f 459/16/4670 249/16/4670 244/16/4670
f 466/13/4671 456/13/4671 457/13/4671
f 105/6/68 237/17/68 189/7/68
f 237/17/4672 461/13/4672 454/11/4672
f 319/12/70 454/11/70 461/13/70
f 117/853/4673 105/3/4673 10/26/4673
f 10/26/4674 11/854/4674 12/855/4674
f 12/855/4675 13/856/4675 20/857/4675
f 31/27/4676 34/858/4676 51/859/4676
f 12/855/4677 20/857/4677 31/27/4677
f 110/28/4678 115/860/4678 117/853/4678
f 31/27/4679 51/859/4679 110/28/4679
f 10/26/4680 12/855/4680 31/27/4680
f 110/28/4681 117/853/4681 10/26/4681
f 385/861/4682 388/862/4682 258/863/4682
f 384/864/4683 385/861/4683 258/863/4683
f 319/12/4684 423/14/4684 384/864/4684
f 318/30/4685 317/865/4685 319/12/4685
f 327/866/4686 320/867/4686 318/30/4686
f 334/868/4687 327/866/4687 318/30/4687
f 384/864/4688 258/863/4688 337/29/4688
f 337/29/4689 334/868/4689 318/30/4689
f 319/12/4690 384/864/4690 337/29/4690
f 454/11/4691 319/12/4691 317/869/4691
f 454/11/4692 317/869/4692 323/870/4692
f 11/871/4693 10/829/4693 189/20/4693
f 17/872/4694 11/871/4694 189/20/4694
f 454/11/4695 323/870/4695 344/873/4695
f 454/11/4696 344/873/4696 263/874/4696
f 40/875/4697 17/872/4697 189/20/4697
f 57/876/4698 40/875/4698 189/20/4698
f 454/11/4699 263/874/4699 275/877/4699
f 454/11/4700 275/877/4700 276/878/4700
f 63/879/4701 57/876/4701 189/20/4701
f 68/880/4702 63/879/4702 189/20/4702
f 454/11/4703 276/878/4703 270/881/4703
f 454/11/4704 270/881/4704 436/882/4704
f 70/883/4705 68/880/4705 189/20/4705
f 198/884/4609 70/883/4609 189/20/4609
f 189/20/4706 454/11/4706 436/882/4706
f 189/20/4707 436/882/4707 430/885/4707
f 204/32/4708 198/884/4708 189/20/4708
f 189/20/4709 430/885/4709 209/31/4709
f 237/23/4710 105/24/4710 117/886/4710
f 117/886/4711 120/887/4711 163/888/4711
f 117/886/4712 163/888/4712 167/889/4712
f 461/13/4713 237/23/4713 117/886/4713
f 384/890/4714 423/14/4714 461/13/4714
f 416/891/4715 387/892/4715 384/890/4715
f 401/893/4716 416/891/4716 384/890/4716
f 117/886/4717 167/889/4717 169/894/4717
f 461/13/4718 117/886/4718 169/894/4718
f 401/893/4719 384/890/4719 461/13/4719
f 403/895/4720 401/893/4720 461/13/4720
f 461/13/4721 169/894/4721 172/896/4721
f 461/13/4722 172/896/4722 173/897/4722
f 399/898/4723 403/895/4723 461/13/4723
f 397/34/4724 399/898/4724 461/13/4724
f 461/13/4725 173/897/4725 184/33/4725
f 212/35/4726 431/42/4726 439/36/4726
f 213/35/4726 432/42/4726 440/36/4726
f 150/38/76 178/43/76 404/39/76
f 206/41/4727 427/45/4727 431/42/4727
f 207/41/4727 428/45/4727 432/42/4727
f 178/43/4728 183/50/4728 396/44/4728
f 427/45/4729 206/41/4729 209/46/4729
f 429/47/4730 428/45/4730 207/41/4730
f 207/41/4731 208/46/4731 426/48/4731
f 407/49/81 396/44/81 183/50/81
f 184/52/81 188/51/81 408/49/81
f 187/51/4732 232/56/4732 284/54/4732
f 188/51/4732 233/56/4732 285/54/4732
f 449/55/4733 284/54/4733 232/56/4733
f 450/55/4733 285/54/4733 233/56/4733
f 445/58/4734 449/55/4734 230/57/4734
f 446/58/4734 450/55/4734 231/57/4734
f 439/36/4735 445/58/4735 224/59/4735
f 440/36/4735 446/58/4735 225/59/4735
f 441/61/4736 447/71/4736 445/58/4736
f 442/61/4736 448/71/4736 446/58/4736
f 431/42/4737 437/65/4737 441/61/4737
f 432/42/4737 438/65/4737 442/61/4737
f 372/40/90 404/39/90 405/64/90
f 427/45/4738 433/67/4738 437/65/4738
f 428/45/4738 434/67/4738 438/65/4738
f 404/39/4739 396/44/4739 398/66/4739
f 430/47/4740 436/83/4740 433/67/4740
f 429/47/4740 435/83/4740 434/67/4740
f 410/68/4741 398/66/4741 396/44/4741
f 396/44/4741 407/49/4741 409/68/4741
f 409/68/4741 399/85/4741 397/53/4741
f 397/53/4741 408/49/4741 410/68/4741
f 410/68/94 396/44/94 409/68/94
f 407/49/4742 284/54/4742 286/69/4742
f 408/49/4742 285/54/4742 287/69/4742
f 284/54/4743 449/55/4743 451/70/4743
f 285/54/4743 450/55/4743 452/70/4743
f 447/71/4744 451/70/4744 449/55/4744
f 448/71/4744 452/70/4744 450/55/4744
f 409/68/4745 286/69/4745 304/72/4745
f 410/68/4745 287/69/4745 305/72/4745
f 286/69/4746 451/70/4746 302/74/4746
f 287/69/4746 452/70/4746 303/74/4746
f 451/70/4747 447/71/4747 296/75/4747
f 452/70/4747 448/71/4747 297/75/4747
f 447/71/4748 441/61/4748 443/76/4748
f 448/71/4748 442/61/4748 444/76/4748
f 437/65/4749 271/80/4749 443/76/4749
f 438/65/4749 272/80/4749 444/76/4749
f 373/63/4750 405/64/4750 406/79/4750
f 433/67/4751 267/82/4751 271/80/4751
f 434/67/4751 268/82/4751 272/80/4751
f 405/64/4752 398/66/4752 402/81/4752
f 267/82/4753 433/67/4753 436/83/4753
f 268/82/4753 434/67/4753 435/83/4753
f 399/85/4754 409/68/4754 411/73/4754
f 398/66/4754 410/68/4754 412/73/4754
f 282/13/4755 443/76/4755 271/80/4755
f 283/13/4755 444/76/4755 272/80/4755
f 374/78/4756 406/79/4756 378/90/4756
f 278/89/4757 271/80/4757 267/82/4757
f 279/89/4757 272/80/4757 268/82/4757
f 406/79/113 402/81/113 400/92/113
f 273/91/4758 267/82/4758 270/84/4758
f 276/93/4759 277/109/4759 273/91/4759
f 274/91/4758 268/82/4758 269/84/4758
f 276/93/4759 275/109/4759 274/91/4759
f 403/86/4760 411/73/4760 417/14/4760
f 402/81/4760 412/73/4760 418/14/4760
f 411/73/4761 304/72/4761 300/95/4761
f 412/73/4761 305/72/4761 301/95/4761
f 306/96/4762 300/95/4762 304/72/4762
f 307/96/4762 301/95/4762 305/72/4762
f 298/97/4763 306/96/4763 302/74/4763
f 299/97/4763 307/96/4763 303/74/4763
f 282/13/4764 298/97/4764 296/75/4764
f 283/13/4764 299/97/4764 297/75/4764
f 417/14/4765 300/95/4765 294/98/4765
f 418/14/4765 301/95/4765 295/98/4765
f 300/95/4766 306/96/4766 292/100/4766
f 301/95/4766 307/96/4766 293/100/4766
f 306/96/4767 298/97/4767 288/101/4767
f 307/96/4768 299/97/4768 289/101/4768
f 280/102/4769 288/101/4769 298/97/4769
f 281/102/4770 289/101/4770 299/97/4770
f 278/89/4771 265/106/4771 280/102/4771
f 279/89/4772 266/106/4772 281/102/4772
f 371/88/4773 378/90/4773 377/105/4773
f 273/91/4774 261/108/4774 265/106/4774
f 274/91/4775 262/108/4775 266/106/4775
f 378/90/4776 400/92/4776 415/107/4776
f 261/108/4777 273/91/4777 277/109/4777
f 262/108/4777 274/91/4777 275/109/4777
f 400/92/135 418/14/135 414/99/135
f 413/99/4778 416/119/4778 401/94/4778
f 348/111/4779 280/102/4779 265/106/4779
f 349/111/4780 281/102/4780 266/106/4780
f 370/104/138 377/105/138 376/113/138
f 346/112/4781 265/106/4781 261/108/4781
f 347/112/4782 266/106/4782 262/108/4782
f 377/105/4783 415/107/4783 386/116/4783
f 342/115/4784 261/108/4784 264/110/4784
f 343/115/4784 262/108/4784 263/110/4784
f 391/118/4785 387/899/4785 416/119/4785
f 415/107/4786 414/99/4786 392/118/4786
f 413/99/4787 294/98/4787 290/120/4787
f 414/99/4788 295/98/4788 291/120/4788
f 352/121/4789 290/120/4789 294/98/4789
f 353/121/4790 291/120/4790 295/98/4790
f 350/122/4791 352/121/4791 292/100/4791
f 351/122/4792 353/121/4792 293/100/4792
f 280/102/4793 348/111/4793 350/122/4793
f 349/111/4794 351/122/4794 289/101/4794
f 338/124/4795 259/136/4795 290/120/4795
f 339/124/4796 260/136/4796 291/120/4796
f 338/124/4797 352/121/4797 350/122/4797
f 336/125/4798 339/124/4798 353/121/4798
f 335/125/4799 350/122/4799 348/111/4799
f 336/125/4800 351/122/4800 349/111/4800
f 328/126/4801 348/111/4801 346/112/4801
f 329/126/4802 349/111/4802 347/112/4802
f 369/114/4803 376/113/4803 375/130/4803
f 325/129/4804 346/112/4804 342/115/4804
f 326/129/4805 347/112/4805 343/115/4805
f 376/113/4806 386/116/4806 383/132/4806
f 322/131/4807 343/115/4807 344/117/4807
f 321/131/4807 342/115/4807 345/117/4807
f 392/118/4808 390/135/4808 385/134/4808
f 385/134/4809 384/900/4809 387/899/4809
f 387/899/4810 391/118/4810 389/135/4810
f 389/135/4811 383/132/4811 386/116/4811
f 386/116/4812 392/118/4812 385/134/4812
f 385/134/4813 387/899/4813 389/135/4813
f 259/136/4814 389/135/4814 391/118/4814
f 390/135/4815 392/118/4815 291/120/4815
f 318/138/4816 310/142/4816 314/137/4816
f 314/137/4817 326/129/4817 322/131/4817
f 321/131/4818 318/138/4818 320/139/4818
f 375/130/4819 383/132/4819 380/140/4819
f 310/142/4820 318/138/4820 321/131/4820
f 324/133/4821 311/163/4821 310/142/4821
f 318/138/4822 322/131/4822 323/133/4822
f 390/135/4823 382/167/4823 380/140/4823
f 380/140/4824 383/132/4824 389/135/4824
f 389/135/4825 388/144/4825 385/134/4825
f 385/134/4826 390/135/4826 380/140/4826
f 259/136/4827 258/148/4827 388/144/4827
f 257/145/4828 382/167/4828 390/135/4828
f 333/146/4829 257/145/4829 260/136/4829
f 259/136/4830 338/124/4830 337/147/4830
f 333/146/4831 339/124/4831 336/125/4831
f 335/125/4832 334/151/4832 337/147/4832
f 331/149/4833 336/125/4833 329/126/4833
f 328/126/4834 327/901/4834 334/151/4834
f 316/150/4835 329/126/4835 326/129/4835
f 320/139/4836 327/901/4836 328/126/4836
f 368/128/4837 375/130/4837 367/141/4837
f 332/154/4838 333/146/4838 331/149/4838
f 316/150/4839 315/158/4839 330/155/4839
f 314/137/4840 313/160/4840 315/158/4840
f 362/157/4841 363/153/4841 367/141/4841
f 310/142/4842 309/164/4842 313/160/4842
f 364/162/4843 366/159/4843 367/141/4843
f 367/141/4844 380/140/4844 379/161/4844
f 311/163/4845 308/902/4845 309/164/4845
f 380/140/4846 382/167/4846 381/165/4846
f 256/166/4847 381/165/4847 382/167/4847
f 333/146/4848 332/154/4848 256/166/4848
f 365/168/4849 359/173/4849 361/170/4849
f 361/170/4850 362/157/4850 366/159/4850
f 358/171/4851 138/432/4851 361/170/4851
f 137/186/4852 138/516/4852 354/187/4852
f 129/204/4853 127/207/4853 128/205/4853
f 126/208/4854 123/903/4854 124/209/4854
f 124/209/4855 130/212/4855 128/205/4855
f 28/214/4856 27/234/4856 25/215/4856
f 8/217/4857 9/222/4857 26/216/4857
f 8/217/4858 6/224/4858 7/221/4858
f 124/209/4859 125/227/4859 131/219/4859
f 4/223/4860 7/221/4860 6/224/4860
f 125/227/4861 124/209/4861 122/211/4861
f 122/211/4862 108/230/4862 109/226/4862
f 3/225/4863 2/904/4863 5/228/4863
f 107/229/4864 109/226/4864 108/230/4864
f 107/229/4865 106/231/4865 29/232/4865
f 27/234/4866 28/214/4866 30/233/4866
f 4/235/4867 5/905/4867 16/236/4867
f 17/236/4868 14/237/4868 12/238/4868
f 109/244/4869 107/246/4869 110/242/4869
f 110/242/4870 111/240/4870 116/243/4870
f 107/246/4871 30/249/4871 53/245/4871
f 53/245/4872 112/240/4872 110/242/4872
f 52/245/4873 111/240/4873 110/242/4873
f 28/248/4874 36/250/4874 53/245/4874
f 35/250/4875 52/245/4875 51/247/4875
f 26/252/4876 33/253/4876 36/250/4876
f 32/253/4877 35/250/4877 34/251/4877
f 9/255/4878 22/256/4878 33/253/4878
f 21/256/4879 32/253/4879 31/254/4879
f 19/261/4880 22/256/4880 9/255/4880
f 18/261/4881 21/256/4881 20/257/4881
f 143/259/4882 131/258/4882 125/264/4882
f 15/237/4883 19/261/4883 7/262/4883
f 14/237/4884 18/261/4884 13/263/4884
f 109/244/4885 116/243/4885 139/265/4885
f 21/256/4886 43/269/4886 47/266/4886
f 22/256/4887 44/269/4887 48/266/4887
f 18/261/4888 41/270/4888 43/269/4888
f 42/270/4889 44/269/4889 22/256/4889
f 144/268/4890 143/259/4890 139/265/4890
f 37/272/4891 41/270/4891 18/261/4891
f 38/272/4892 42/270/4892 19/261/4892
f 140/271/4893 139/265/4893 116/243/4893
f 14/237/4894 17/236/4894 40/274/4894
f 15/237/4895 16/236/4895 39/274/4895
f 120/276/4896 117/906/4896 115/241/4896
f 115/241/4897 112/240/4897 114/275/4897
f 116/243/4898 111/240/4898 113/275/4898
f 121/277/4899 119/273/4899 116/243/4899
f 52/245/4900 77/279/4900 113/275/4900
f 78/279/4901 114/275/4901 112/240/4901
f 35/250/4902 49/280/4902 77/279/4902
f 50/280/4903 78/279/4903 53/245/4903
f 47/266/4904 49/280/4904 35/250/4904
f 33/253/4905 48/266/4905 50/280/4905
f 77/279/4906 81/282/4906 161/281/4906
f 82/282/4907 162/281/4907 114/275/4907
f 49/280/4908 79/283/4908 81/282/4908
f 80/283/4909 82/282/4909 78/279/4909
f 75/284/4910 79/283/4910 49/280/4910
f 76/284/4911 80/283/4911 50/280/4911
f 43/269/4912 45/287/4912 75/284/4912
f 44/269/4913 46/287/4913 76/284/4913
f 41/270/4914 58/289/4914 45/287/4914
f 42/270/4915 59/289/4915 46/287/4915
f 145/286/4916 144/268/4916 140/271/4916
f 37/272/4917 54/290/4917 58/289/4917
f 38/272/4918 55/290/4918 59/289/4918
f 119/273/4919 164/291/4919 141/288/4919
f 40/274/4920 57/907/4920 54/290/4920
f 39/274/4921 56/907/4921 55/290/4921
f 162/281/4922 163/300/4922 120/276/4922
f 164/291/4923 119/273/4923 121/277/4923
f 121/277/4924 113/275/4924 161/281/4924
f 58/289/4925 64/311/4925 73/294/4925
f 59/289/4926 65/311/4926 74/294/4926
f 146/293/4927 145/286/4927 141/288/4927
f 60/296/4928 64/311/4928 58/289/4928
f 61/296/4929 65/311/4929 59/289/4929
f 142/295/4930 141/288/4930 164/291/4930
f 54/290/4931 57/907/4931 63/298/4931
f 55/290/4932 56/907/4932 62/298/4932
f 162/281/4933 166/301/4933 167/299/4933
f 161/281/4934 165/301/4934 168/297/4934
f 81/282/4935 89/302/4935 165/301/4935
f 82/282/4935 90/302/4935 166/301/4935
f 79/283/4936 87/303/4936 89/302/4936
f 80/283/4936 88/303/4936 90/302/4936
f 75/284/4937 83/304/4937 87/303/4937
f 76/284/4938 84/304/4938 88/303/4938
f 45/287/4939 73/294/4939 83/304/4939
f 46/287/4940 74/294/4940 84/304/4940
f 89/302/4941 93/306/4941 179/305/4941
f 90/302/4941 94/306/4941 180/305/4941
f 87/303/4942 91/307/4942 93/306/4942
f 88/303/4942 92/307/4942 94/306/4942
f 83/304/4943 85/308/4943 91/307/4943
f 84/304/4943 86/308/4943 92/307/4943
f 73/294/4944 194/312/4944 85/308/4944
f 74/294/4945 195/312/4945 86/308/4945
f 64/311/4946 71/314/4946 194/312/4946
f 65/311/4947 72/314/4947 195/312/4947
f 147/310/4948 146/293/4948 142/295/4948
f 60/296/4949 66/323/4949 71/314/4949
f 61/296/4950 67/323/4950 72/314/4950
f 168/297/4951 170/317/4951 175/313/4951
f 69/316/4952 66/323/4952 60/296/4952
f 60/296/4953 63/298/4953 68/315/4953
f 70/316/4954 67/323/4954 61/296/4954
f 61/296/4955 62/298/4955 68/315/4955
f 169/318/4956 167/299/4956 166/301/4956
f 166/301/4957 180/305/4957 170/317/4957
f 170/317/4958 168/297/4958 165/301/4958
f 165/301/4959 179/305/4959 169/318/4959
f 169/318/4960 166/301/4960 170/317/4960
f 200/319/4961 214/334/4961 194/312/4961
f 201/319/4962 215/334/4962 195/312/4962
f 148/320/4963 147/310/4963 175/313/4963
f 196/322/4964 200/319/4964 71/314/4964
f 197/322/4965 201/319/4965 72/314/4965
f 176/321/4966 175/313/4966 170/317/4966
f 66/323/4967 69/316/4967 199/325/4967
f 67/323/4967 70/316/4967 198/325/4967
f 172/326/4968 169/318/4968 179/305/4968
f 179/305/4969 181/327/4969 171/324/4969
f 171/324/4970 170/317/4970 180/305/4970
f 180/305/4971 182/327/4971 172/326/4971
f 172/326/4972 179/305/4972 171/324/4972
f 93/306/4973 95/328/4973 181/327/4973
f 94/306/4973 96/328/4973 182/327/4973
f 91/307/4974 226/329/4974 95/328/4974
f 92/307/4974 227/329/4974 96/328/4974
f 85/308/4975 220/330/4975 226/329/4975
f 86/308/4975 221/330/4975 227/329/4975
f 194/312/4976 214/334/4976 220/330/4976
f 195/312/4977 215/334/4977 221/330/4977
f 226/329/4978 228/333/4978 97/332/4978
f 227/329/4978 229/333/4978 98/332/4978
f 220/330/4979 222/335/4979 228/333/4979
f 221/330/4979 223/335/4979 229/333/4979
f 214/334/4980 216/338/4980 222/335/4980
f 215/334/4980 217/338/4980 223/335/4980
f 200/319/4981 210/345/4981 216/338/4981
f 201/319/4982 211/345/4982 217/338/4982
f 149/337/4983 148/320/4983 176/321/4983
f 202/340/4984 210/345/4984 200/319/4984
f 203/340/4985 211/345/4985 201/319/4985
f 177/339/4986 176/321/4986 171/324/4986
f 196/322/4987 199/325/4987 205/342/4987
f 197/322/4987 198/325/4987 204/342/4987
f 182/327/4988 186/344/4988 173/343/4988
f 181/327/4989 185/344/4989 174/341/4989
f 95/328/4990 97/332/4990 185/344/4990
f 96/328/4990 98/332/4990 186/344/4990
f 150/38/4991 149/337/4991 177/339/4991
f 206/41/4992 212/35/4992 210/345/4992
f 207/41/4992 213/35/4992 211/345/4992
f 178/43/4993 177/339/4993 174/341/4993
f 209/46/4994 206/41/4994 202/340/4994
f 202/340/4995 205/342/4995 208/46/4995
f 208/46/4994 207/41/4994 203/340/4994
f 203/340/4995 204/342/4995 209/46/4995
f 209/46/94 202/340/94 208/46/94
f 186/344/4996 188/51/4996 184/52/4996
f 185/344/4996 187/51/4996 183/50/4996
f 97/332/4997 232/56/4997 187/51/4997
f 98/332/4997 233/56/4997 188/51/4997
f 228/333/4998 230/57/4998 232/56/4998
f 229/333/4998 231/57/4998 233/56/4998
f 222/335/4999 224/59/4999 230/57/4999
f 223/335/4999 225/59/4999 231/57/4999
f 216/338/5000 218/37/5000 224/59/5000
f 217/338/5000 219/37/5000 225/59/5000
f 210/345/5001 212/35/5001 218/37/5001
f 211/345/5001 213/35/5001 219/37/5001
f 973/38/359 506/40/359 507/39/359
f 977/41/360 504/35/360 514/42/360
f 974/43/361 507/39/361 508/44/361
f 505/347/362 977/41/362 515/45/362
f 500/50/363 508/44/363 509/49/363
f 978/349/364 505/347/364 516/348/364
f 975/51/365 509/49/365 510/54/365
f 979/351/366 978/349/366 517/350/366
f 501/56/367 510/54/367 511/55/367
f 980/353/368 979/351/368 518/352/368
f 976/57/369 511/55/369 512/58/369
f 981/355/370 980/353/370 519/354/370
f 502/59/371 512/58/371 513/36/371
f 504/35/374 503/37/374 513/36/374
f 512/58/375 527/71/375 528/61/375
f 514/42/378 513/36/378 528/61/378
f 506/40/379 521/63/379 522/64/379
f 515/45/380 514/42/380 529/65/380
f 507/39/381 522/64/381 523/66/381
f 516/348/382 515/45/382 530/67/382
f 508/44/383 523/66/383 524/68/383
f 517/350/5002 516/348/5002 531/360/5002
f 509/49/385 524/68/385 525/69/385
f 518/352/386 517/350/386 532/361/386
f 510/54/387 525/69/387 526/70/387
f 519/354/388 518/352/388 533/362/388
f 511/55/389 526/70/389 527/71/389
f 520/356/390 519/354/390 534/363/390
f 532/361/391 531/360/391 546/364/391
f 524/68/392 539/73/392 540/72/392
f 533/362/393 532/361/393 547/365/393
f 525/69/394 540/72/394 541/74/394
f 534/363/395 533/362/395 548/366/395
f 526/70/396 541/74/396 542/75/396
f 535/359/397 534/363/397 549/367/397
f 527/71/398 542/75/398 543/76/398
f 529/65/401 528/61/401 543/76/401
f 521/63/402 536/78/402 537/79/402
f 530/67/5003 529/65/5003 544/80/5003
f 522/64/404 537/79/404 538/81/404
f 531/360/405 530/67/405 545/82/405
f 523/66/406 538/81/406 539/73/406
f 544/80/408 543/76/408 558/13/408
f 536/78/409 551/88/409 552/90/409
f 545/82/410 544/80/410 559/89/410
f 537/79/411 552/90/411 553/92/411
f 546/364/5004 545/82/5004 560/91/5004
f 538/81/413 553/92/413 554/14/413
f 547/365/414 546/364/414 561/372/414
f 539/73/415 554/14/415 555/95/415
f 548/366/416 547/365/416 562/17/416
f 540/72/5005 555/95/5005 556/96/5005
f 549/367/418 548/366/418 563/373/418
f 541/74/419 556/96/419 557/97/419
f 550/368/420 549/367/420 564/374/420
f 542/75/421 557/97/421 558/13/421
f 563/373/423 562/17/423 577/375/423
f 555/95/424 570/98/424 571/100/424
f 564/374/425 563/373/425 578/376/425
f 556/96/426 571/100/426 572/101/426
f 565/371/427 564/374/427 579/377/427
f 557/97/428 572/101/428 573/102/428
f 559/89/431 558/13/431 573/102/431
f 551/88/5006 566/104/5006 567/105/5006
f 560/91/433 559/89/433 574/106/433
f 552/90/434 567/105/434 568/107/434
f 561/372/435 560/91/435 575/108/435
f 553/92/436 568/107/436 569/99/436
f 562/17/437 561/372/437 576/380/437
f 554/14/438 569/99/438 570/98/438
f 566/104/439 582/114/439 583/113/439
f 575/108/440 574/106/440 590/112/440
f 567/105/441 583/113/441 584/116/441
f 576/380/442 575/108/442 591/115/442
f 568/107/443 584/116/443 585/118/443
f 577/375/444 576/380/444 592/381/444
f 569/99/445 585/118/445 586/120/445
f 578/376/446 577/375/446 593/382/446
f 570/98/447 586/120/447 587/121/447
f 579/377/448 578/376/448 594/383/448
f 571/100/449 587/121/449 588/122/449
f 580/378/450 579/377/450 595/384/450
f 572/101/5007 588/122/5007 589/111/5007
f 574/106/5008 573/102/5008 589/111/5008
f 586/120/455 601/136/455 602/124/455
f 595/384/456 594/383/456 609/387/456
f 587/121/457 602/124/457 603/125/457
f 596/385/458 595/384/458 610/388/458
f 588/122/459 603/125/459 604/126/459
f 590/112/5009 589/111/5009 604/126/5009
f 582/114/463 597/128/463 598/130/463
f 591/115/464 590/112/464 605/129/464
f 583/113/465 598/130/465 599/132/465
f 592/381/466 591/115/466 606/131/466
f 584/116/467 599/132/467 600/135/467
f 593/382/468 592/381/468 607/391/468
f 585/118/469 600/135/469 601/136/469
f 594/383/470 593/382/470 608/392/470
f 606/131/471 605/129/471 620/137/471
f 598/130/5010 613/141/5010 614/140/5010
f 607/391/473 606/131/473 621/142/473
f 599/132/5011 614/140/5011 615/167/5011
f 608/392/5012 607/391/5012 622/393/5012
f 600/135/476 615/167/476 616/145/476
f 609/387/477 608/392/477 623/394/477
f 601/136/478 616/145/478 617/146/478
f 610/388/479 609/387/479 624/395/479
f 602/124/480 617/146/480 618/149/480
f 611/389/481 610/388/481 625/396/481
f 603/125/482 618/149/482 619/150/482
f 605/129/485 604/126/485 619/150/485
f 597/128/486 612/153/486 613/141/486
f 624/395/487 639/412/487 640/399/487
f 618/149/488 617/146/488 632/400/488
f 625/396/489 640/399/489 641/402/489
f 619/150/490 618/149/490 633/401/490
f 619/150/493 634/403/493 635/405/493
f 613/141/494 612/153/494 627/157/494
f 620/137/495 635/405/495 636/406/495
f 614/140/5013 613/141/5013 628/159/5013
f 621/142/497 636/406/497 637/408/497
f 615/167/5014 614/140/5014 629/407/5014
f 622/393/499 637/408/499 638/410/499
f 616/145/500 615/167/500 630/409/500
f 623/394/501 638/410/501 639/412/501
f 617/146/502 616/145/502 631/411/502
f 629/407/503 628/159/503 643/413/503
f 636/406/504 651/427/504 652/415/504
f 630/409/505 629/407/505 644/414/505
f 637/408/506 652/415/506 653/417/506
f 631/411/507 630/409/507 645/416/507
f 638/410/508 653/417/508 654/419/508
f 632/400/509 631/411/509 646/418/509
f 639/412/510 654/419/510 655/421/510
f 633/401/511 632/400/511 647/420/511
f 640/399/512 655/421/512 656/423/512
f 634/403/513 633/401/513 648/422/513
f 635/405/5015 634/403/5015 649/424/5015
f 628/159/517 627/157/517 642/170/517
f 635/405/5016 650/426/5016 651/427/5016
f 648/422/519 647/420/519 662/428/519
f 655/421/520 670/444/520 671/430/520
f 649/424/5017 648/422/5017 663/429/5017
f 649/424/5018 664/431/5018 665/435/5018
f 643/413/525 642/170/525 657/433/525
f 650/426/5019 665/435/5019 666/437/5019
f 644/414/527 643/413/527 658/436/527
f 651/427/528 666/437/528 667/439/528
f 645/416/529 644/414/529 659/438/529
f 652/415/530 667/439/530 668/441/530
f 646/418/531 645/416/531 660/440/531
f 653/417/532 668/441/532 669/443/532
f 647/420/533 646/418/533 661/442/533
f 654/419/534 669/443/534 670/444/534
f 666/437/535 681/459/535 682/445/535
f 660/440/536 659/438/536 674/446/536
f 667/439/537 682/445/537 683/7/537
f 661/442/538 660/440/538 675/447/538
f 668/441/539 683/7/539 684/449/539
f 662/428/540 661/442/540 676/448/540
f 669/443/541 684/449/541 685/451/541
f 663/429/542 662/428/542 677/450/542
f 670/444/543 685/451/543 686/453/543
f 664/431/5020 663/429/5020 678/452/5020
f 664/431/5021 679/454/5021 680/457/5021
f 658/436/5022 657/433/5022 672/455/5022
f 665/435/5023 680/457/5023 681/459/5023
f 659/438/550 658/436/550 673/458/550
f 685/451/551 700/475/551 701/460/551
f 679/454/552 678/452/552 693/461/552
f 679/454/5024 694/462/5024 695/465/5024
f 673/458/556 672/455/556 687/463/556
f 680/457/5025 695/465/5025 696/467/5025
f 674/446/558 673/458/558 688/466/558
f 681/459/559 696/467/559 697/469/559
f 675/447/560 674/446/560 689/468/560
f 682/445/561 697/469/561 698/471/561
f 676/448/562 675/447/562 690/470/562
f 683/7/563 698/471/563 699/473/563
f 677/450/564 676/448/564 691/472/564
f 684/449/565 699/473/565 700/475/565
f 678/452/566 677/450/566 692/474/566
f 697/469/567 712/491/567 713/476/567
f 691/472/568 690/470/568 705/477/568
f 698/471/569 713/476/569 714/479/569
f 692/474/570 691/472/570 706/478/570
f 699/473/571 714/479/571 715/481/571
f 693/461/572 692/474/572 707/480/572
f 700/475/573 715/481/573 716/483/573
f 694/462/574 693/461/574 708/482/574
f 694/462/577 709/484/577 710/487/577
f 688/466/578 687/463/578 702/485/578
f 695/465/5026 710/487/5026 711/489/5026
f 689/468/580 688/466/580 703/488/580
f 696/467/581 711/489/581 712/491/581
f 690/470/582 689/468/582 704/490/582
f 709/484/585 724/507/585 725/495/585
f 703/488/586 702/485/586 717/492/586
f 710/487/587 725/495/587 726/497/587
f 704/490/588 703/488/588 718/496/588
f 711/489/589 726/497/589 727/499/589
f 705/477/590 704/490/590 719/498/590
f 712/491/591 727/499/591 728/501/591
f 706/478/592 705/477/592 720/500/592
f 713/476/593 728/501/593 729/503/593
f 707/480/594 706/478/594 721/502/594
f 714/479/595 729/503/595 730/505/595
f 708/482/596 707/480/596 722/504/596
f 715/481/5027 730/505/5027 731/494/5027
f 709/484/598 708/482/598 723/506/598
f 721/502/599 720/500/599 735/508/599
f 728/501/600 743/524/600 744/510/600
f 722/504/601 721/502/601 736/509/601
f 729/503/602 744/510/602 745/512/602
f 723/506/603 722/504/603 737/511/603
f 730/505/604 745/512/604 746/514/604
f 724/507/605 723/506/605 738/513/605
f 724/507/608 739/515/608 740/519/608
f 718/496/609 717/492/609 732/517/609
f 725/495/610 740/519/610 741/521/610
f 719/498/611 718/496/611 733/520/611
f 726/497/612 741/521/612 742/523/612
f 720/500/613 719/498/613 734/522/613
f 727/499/614 742/523/614 743/524/614
f 740/519/615 739/515/615 754/525/615
f 732/517/616 747/539/616 748/527/616
f 741/521/617 740/519/617 755/526/617
f 733/520/618 748/527/618 749/529/618
f 742/523/619 741/521/619 756/528/619
f 734/522/620 749/529/620 750/531/620
f 743/524/621 742/523/621 757/530/621
f 735/508/622 750/531/622 751/533/622
f 744/510/623 743/524/623 758/532/623
f 736/509/624 751/533/624 752/535/624
f 745/512/625 744/510/625 759/534/625
f 737/511/626 752/535/626 753/537/626
f 746/514/627 745/512/627 760/536/627
f 738/513/628 753/537/628 754/525/628
f 759/534/631 758/532/631 773/541/631
f 751/533/632 766/556/632 767/543/632
f 760/536/633 759/534/633 774/542/633
f 752/535/634 767/543/634 768/545/634
f 761/538/635 760/536/635 775/544/635
f 753/537/636 768/545/636 769/547/636
f 755/526/639 754/525/639 769/547/639
f 747/539/640 762/548/640 763/551/640
f 756/528/641 755/526/641 770/550/641
f 748/527/642 763/551/642 764/553/642
f 757/530/643 756/528/643 771/552/643
f 749/529/644 764/553/644 765/555/644
f 758/532/645 757/530/645 772/554/645
f 750/531/646 765/555/646 766/556/646
f 762/548/647 777/571/647 778/557/647
f 771/552/648 770/550/648 785/558/648
f 763/551/649 778/557/649 779/560/649
f 772/554/650 771/552/650 786/559/650
f 764/553/651 779/560/651 780/562/651
f 773/541/652 772/554/652 787/561/652
f 765/555/653 780/562/653 781/564/653
f 774/542/654 773/541/654 788/563/654
f 766/556/655 781/564/655 782/566/655
f 775/544/656 774/542/656 789/565/656
f 767/543/657 782/566/657 783/568/657
f 776/546/658 775/544/658 790/567/658
f 768/545/659 783/568/659 784/570/659
f 770/550/662 769/547/662 784/570/662
f 781/564/5028 796/588/5028 797/573/5028
f 790/567/664 789/565/664 804/574/664
f 782/566/665 797/573/665 798/576/665
f 791/569/666 790/567/666 805/575/666
f 783/568/667 798/576/667 799/578/667
f 785/558/670 784/570/670 799/578/670
f 777/571/671 792/579/671 793/582/671
f 786/559/672 785/558/672 800/581/672
f 778/557/673 793/582/673 794/584/673
f 787/561/674 786/559/674 801/583/674
f 779/560/675 794/584/675 795/586/675
f 788/563/676 787/561/676 802/585/676
f 780/562/677 795/586/677 796/588/677
f 789/565/678 788/563/678 803/587/678
f 801/583/679 800/581/679 816/589/679
f 793/582/680 809/604/680 810/591/680
f 802/585/681 801/583/681 817/590/681
f 794/584/682 810/591/682 811/593/682
f 803/587/683 802/585/683 818/592/683
f 795/586/684 811/593/684 812/595/684
f 804/574/685 803/587/685 819/594/685
f 796/588/686 812/595/686 813/597/686
f 805/575/687 804/574/687 820/596/687
f 797/573/688 813/597/688 814/599/688
f 806/577/689 805/575/689 821/598/689
f 798/576/690 814/599/690 815/601/690
f 800/581/693 799/578/693 815/601/693
f 792/579/5029 808/602/5029 809/604/5029
f 821/598/695 820/596/695 835/605/695
f 813/597/696 828/619/696 829/607/696
f 822/600/697 821/598/697 836/606/697
f 814/599/698 829/607/698 830/609/698
f 816/589/701 815/601/701 830/609/701
f 808/602/702 823/205/702 824/612/702
f 817/590/703 816/589/703 831/611/703
f 809/604/704 824/612/704 825/614/704
f 818/592/705 817/590/705 832/613/705
f 810/591/706 825/614/706 826/616/706
f 819/594/707 818/592/707 833/615/707
f 811/593/708 826/616/708 827/618/708
f 820/596/709 819/594/709 834/617/709
f 812/595/710 827/618/710 828/619/710
f 825/614/711 840/633/711 841/620/711
f 834/617/712 833/615/712 848/621/712
f 835/605/713 834/617/713 849/622/713
f 826/616/714 841/620/714 842/624/714
f 836/606/715 835/605/715 850/623/715
f 827/618/716 842/624/716 843/626/716
f 837/608/717 836/606/717 851/625/717
f 828/619/718 843/626/718 844/628/718
f 829/607/720 844/628/720 845/630/720
f 831/611/722 830/609/722 845/630/722
f 832/613/723 831/611/723 846/631/723
f 823/205/724 838/212/724 839/209/724
f 824/612/725 839/209/725 840/633/725
f 833/615/726 832/613/726 847/632/726
f 844/628/727 859/216/727 860/222/727
f 846/631/730 845/630/730 860/222/730
f 838/212/731 853/219/731 854/227/731
f 847/632/732 846/631/732 861/221/732
f 839/209/5030 854/227/5030 855/226/5030
f 848/621/734 847/632/734 862/223/734
f 840/633/5031 855/226/5031 856/229/5031
f 849/622/736 848/621/736 863/636/736
f 841/620/737 856/229/737 857/233/737
f 850/623/738 849/622/738 864/637/738
f 842/624/739 857/233/739 858/214/739
f 851/625/740 850/623/740 865/638/740
f 843/626/741 858/214/741 859/216/741
f 852/627/742 851/625/742 866/639/742
f 863/640/743 878/650/743 879/641/743
f 857/249/744 856/246/744 871/240/744
f 864/642/745 879/641/745 880/643/745
f 858/248/746 857/249/746 872/245/746
f 865/644/747 880/643/747 881/645/747
f 859/252/748 858/248/748 873/250/748
f 866/646/749 881/645/749 882/647/749
f 860/255/750 859/252/750 874/253/750
f 860/255/753 875/256/753 876/261/753
f 854/264/754 853/258/754 868/259/754
f 861/262/755 876/261/755 877/237/755
f 855/244/5032 854/264/5032 869/265/5032
f 862/235/757 877/237/757 878/650/757
f 856/246/758 855/244/758 870/243/758
f 875/256/761 890/269/761 891/270/761
f 869/265/762 868/259/762 883/268/762
f 876/261/763 891/270/763 892/272/763
f 870/243/764 869/265/764 884/271/764
f 877/237/765 892/272/765 893/653/765
f 871/240/766 870/243/766 885/273/766
f 878/650/767 893/653/767 894/654/767
f 872/245/768 871/240/768 886/275/768
f 879/641/769 894/654/769 895/655/769
f 873/250/770 872/245/770 887/279/770
f 880/643/771 895/655/771 896/656/771
f 874/253/772 873/250/772 888/280/772
f 881/645/773 896/656/773 897/652/773
f 875/256/774 874/253/774 889/266/774
f 887/279/775 886/275/775 901/281/775
f 894/654/776 909/662/776 910/657/776
f 888/280/777 887/279/777 902/282/777
f 895/655/778 910/657/778 911/658/778
f 889/266/779 888/280/779 903/283/779
f 896/656/780 911/658/780 912/659/780
f 890/269/781 889/266/781 904/284/781
f 890/269/784 905/287/784 906/289/784
f 884/271/785 883/268/785 898/286/785
f 891/270/786 906/289/786 907/290/786
f 885/273/787 884/271/787 899/288/787
f 892/272/788 907/290/788 908/661/788
f 886/275/789 885/273/789 900/291/789
f 893/653/790 908/661/790 909/662/790
f 905/287/791 920/294/791 921/311/791
f 899/288/792 898/286/792 913/293/792
f 906/289/793 921/311/793 922/296/793
f 900/291/794 899/288/794 914/295/794
f 907/290/5033 922/296/5033 923/663/5033
f 901/281/796 900/291/796 915/297/796
f 908/661/797 923/663/797 924/664/797
f 902/282/798 901/281/798 916/301/798
f 909/662/799 924/664/799 925/665/799
f 903/283/5034 902/282/5034 917/302/5034
f 910/657/801 925/665/801 926/666/801
f 904/284/802 903/283/802 918/303/802
f 911/658/803 926/666/803 927/667/803
f 905/287/804 904/284/804 919/304/804
f 924/664/807 939/674/807 940/669/807
f 918/303/808 917/302/808 932/306/808
f 925/665/809 940/669/809 941/670/809
f 919/304/810 918/303/810 933/307/810
f 926/666/811 941/670/811 942/671/811
f 920/294/812 919/304/812 934/308/812
f 920/294/815 935/312/815 936/314/815
f 914/295/816 913/293/816 928/310/816
f 921/311/817 936/314/817 937/323/817
f 915/297/818 914/295/818 929/313/818
f 922/296/819 937/323/819 938/673/819
f 916/301/820 915/297/820 930/317/820
f 923/663/821 938/673/821 939/674/821
f 917/302/822 916/301/822 931/305/822
f 936/314/823 951/319/823 952/322/823
f 930/317/824 929/313/824 944/321/824
f 937/323/825 952/322/825 953/675/825
f 931/305/826 930/317/826 945/324/826
f 938/673/827 953/675/827 954/676/827
f 932/306/828 931/305/828 946/327/828
f 939/674/829 954/676/829 955/677/829
f 933/307/830 932/306/830 947/328/830
f 940/669/831 955/677/831 956/678/831
f 934/308/832 933/307/832 948/329/832
f 941/670/833 956/678/833 957/679/833
f 935/312/834 934/308/834 949/330/834
f 935/312/837 950/334/837 951/319/837
f 929/313/838 928/310/838 943/320/838
f 955/677/839 970/686/839 971/681/839
f 949/330/840 948/329/840 963/333/840
f 956/678/5035 971/681/5035 972/682/5035
f 950/334/842 949/330/842 964/335/842
f 950/334/845 965/338/845 966/345/845
f 944/321/846 943/320/846 958/337/846
f 951/319/847 966/345/847 967/340/847
f 945/324/848 944/321/848 959/339/848
f 952/322/849 967/340/849 968/684/849
f 946/327/850 945/324/850 960/341/850
f 953/675/5036 968/684/5036 969/685/5036
f 947/328/852 946/327/852 961/344/852
f 954/676/853 969/685/853 970/686/853
f 948/329/854 947/328/854 962/332/854
f 960/341/855 959/339/855 974/43/855
f 967/340/856 977/41/856 505/347/856
f 961/344/857 960/341/857 500/50/857
f 968/684/858 505/347/858 978/349/858
f 962/332/859 961/344/859 975/51/859
f 969/685/860 978/349/860 979/351/860
f 963/333/861 962/332/861 501/56/861
f 970/686/862 979/351/862 980/353/862
f 964/335/863 963/333/863 976/57/863
f 971/681/864 980/353/864 981/355/864
f 965/338/865 964/335/865 502/59/865
f 965/338/868 503/37/868 504/35/868
f 959/339/869 958/337/869 973/38/869
f 966/345/870 504/35/870 977/41/870
f 983/56/871 1457/51/871 991/49/871
f 1460/349/872 999/350/872 1000/352/872
f 1458/57/873 983/56/873 992/54/873
f 1461/351/874 1000/352/874 1001/354/874
f 984/59/875 1458/57/875 993/55/875
f 1462/353/876 1001/354/876 1002/356/876
f 985/37/877 984/59/877 994/58/877
f 985/37/880 995/36/880 996/42/880
f 1456/43/881 1455/38/881 988/40/881
f 986/35/882 996/42/882 997/45/882
f 982/50/883 1456/43/883 989/39/883
f 1459/41/884 997/45/884 998/348/884
f 1457/51/885 982/50/885 990/44/885
f 987/347/886 998/348/886 999/350/886
f 997/45/887 1012/67/887 1013/360/887
f 991/49/888 990/44/888 1005/66/888
f 998/348/889 1013/360/889 1014/361/889
f 992/54/890 991/49/890 1006/68/890
f 999/350/891 1014/361/891 1015/362/891
f 993/55/892 992/54/892 1007/69/892
f 1000/352/893 1015/362/893 1016/363/893
f 994/58/894 993/55/894 1008/70/894
f 1001/354/895 1016/363/895 1017/359/895
f 995/36/896 994/58/896 1009/71/896
f 995/36/899 1010/61/899 1011/65/899
f 989/39/900 988/40/900 1003/63/900
f 996/42/901 1011/65/901 1012/67/901
f 990/44/902 989/39/902 1004/64/902
f 1016/363/5037 1031/367/5037 1032/368/5037
f 1010/61/904 1009/71/904 1024/75/904
f 1010/61/907 1025/76/907 1026/80/907
f 1004/64/5038 1003/63/5038 1018/78/5038
f 1011/65/909 1026/80/909 1027/82/909
f 1005/66/910 1004/64/910 1019/79/910
f 1012/67/911 1027/82/911 1028/364/911
f 1006/68/912 1005/66/912 1020/81/912
f 1013/360/913 1028/364/913 1029/365/913
f 1007/69/914 1006/68/914 1021/73/914
f 1014/361/915 1029/365/915 1030/366/915
f 1008/70/916 1007/69/916 1022/72/916
f 1015/362/917 1030/366/917 1031/367/917
f 1009/71/918 1008/70/918 1023/74/918
f 1028/364/919 1043/372/919 1044/17/919
f 1022/72/920 1021/73/920 1036/14/920
f 1029/365/921 1044/17/921 1045/373/921
f 1023/74/922 1022/72/922 1037/95/922
f 1030/366/923 1045/373/923 1046/374/923
f 1024/75/924 1023/74/924 1038/96/924
f 1031/367/925 1046/374/925 1047/371/925
f 1025/76/926 1024/75/926 1039/97/926
f 1025/76/929 1040/13/929 1041/89/929
f 1019/79/930 1018/78/930 1033/88/930
f 1026/80/931 1041/89/931 1042/91/931
f 1020/81/5039 1019/79/5039 1034/90/5039
f 1027/82/933 1042/91/933 1043/372/933
f 1021/73/934 1020/81/934 1035/92/934
f 1040/13/937 1055/102/937 1056/106/937
f 1034/90/938 1033/88/938 1048/104/938
f 1041/89/939 1056/106/939 1057/108/939
f 1035/92/5040 1034/90/5040 1049/105/5040
f 1042/91/941 1057/108/941 1058/380/941
f 1036/14/942 1035/92/942 1050/107/942
f 1043/372/943 1058/380/943 1059/375/943
f 1037/95/944 1036/14/944 1051/99/944
f 1044/17/945 1059/375/945 1060/376/945
f 1038/96/946 1037/95/946 1052/98/946
f 1045/373/947 1060/376/947 1061/377/947
f 1039/97/948 1038/96/948 1053/100/948
f 1046/374/949 1061/377/949 1062/378/949
f 1040/13/950 1039/97/950 1054/101/950
f 1052/98/951 1051/99/951 1067/118/951
f 1059/375/952 1075/382/952 1076/383/952
f 1053/100/953 1052/98/953 1068/120/953
f 1060/376/954 1076/383/954 1077/384/954
f 1054/101/955 1053/100/955 1069/121/955
f 1061/377/956 1077/384/956 1078/385/956
f 1055/102/957 1054/101/957 1070/122/957
f 1055/102/5041 1071/111/5041 1072/112/5041
f 1049/105/961 1048/104/961 1064/114/961
f 1056/106/962 1072/112/962 1073/115/962
f 1050/107/963 1049/105/963 1065/113/963
f 1057/108/964 1073/115/964 1074/381/964
f 1051/99/965 1050/107/965 1066/116/965
f 1058/380/966 1074/381/966 1075/382/966
f 1071/111/967 1086/126/967 1087/129/967
f 1065/113/968 1064/114/968 1079/128/968
f 1072/112/969 1087/129/969 1088/131/969
f 1066/116/970 1065/113/970 1080/130/970
f 1073/115/971 1088/131/971 1089/391/971
f 1067/118/972 1066/116/972 1081/132/972
f 1074/381/973 1089/391/973 1090/392/973
f 1068/120/974 1067/118/974 1082/135/974
f 1075/382/975 1090/392/975 1091/387/975
f 1069/121/976 1068/120/976 1083/136/976
f 1076/383/977 1091/387/977 1092/388/977
f 1070/122/978 1069/121/978 1084/124/978
f 1077/384/979 1092/388/979 1093/389/979
f 1071/111/980 1070/122/980 1085/125/980
f 1090/392/983 1105/394/983 1106/395/983
f 1084/124/984 1083/136/984 1098/145/984
f 1091/387/985 1106/395/985 1107/396/985
f 1085/125/986 1084/124/986 1099/146/986
f 1092/388/987 1107/396/987 1108/397/987
f 1086/126/988 1085/125/988 1100/149/988
f 1086/126/991 1101/150/991 1102/137/991
f 1080/130/992 1079/128/992 1094/153/992
f 1087/129/993 1102/137/993 1103/142/993
f 1081/132/5042 1080/130/5042 1095/141/5042
f 1088/131/995 1103/142/995 1104/393/995
f 1082/135/996 1081/132/996 1096/140/996
f 1089/391/997 1104/393/997 1105/394/997
f 1083/136/998 1082/135/998 1097/167/998
f 1094/153/999 1109/157/999 1110/159/999
f 1103/142/1000 1102/137/1000 1117/405/1000
f 1095/141/1001 1110/159/1001 1111/407/1001
f 1104/393/1002 1103/142/1002 1118/406/1002
f 1096/140/1003 1111/407/1003 1112/409/1003
f 1105/394/1004 1104/393/1004 1119/408/1004
f 1097/167/1005 1112/409/1005 1113/411/1005
f 1106/395/1006 1105/394/1006 1120/410/1006
f 1098/145/1007 1113/411/1007 1114/400/1007
f 1107/396/1008 1106/395/1008 1121/412/1008
f 1099/146/1009 1114/400/1009 1115/401/1009
f 1108/397/1010 1107/396/1010 1122/399/1010
f 1100/149/1011 1115/401/1011 1116/403/1011
f 1102/137/1014 1101/150/1014 1116/403/1014
f 1113/411/1015 1128/418/1015 1129/420/1015
f 1122/399/5043 1121/412/5043 1136/419/5043
f 1114/400/1017 1129/420/1017 1130/422/1017
f 1123/402/1018 1122/399/1018 1137/421/1018
f 1115/401/1019 1130/422/1019 1131/424/1019
f 1117/405/1022 1116/403/1022 1131/424/1022
f 1109/157/1023 1124/170/1023 1125/413/1023
f 1118/406/1024 1117/405/1024 1132/426/1024
f 1110/159/1025 1125/413/1025 1126/414/1025
f 1119/408/1026 1118/406/1026 1133/427/1026
f 1111/407/1027 1126/414/1027 1127/416/1027
f 1120/410/1028 1119/408/1028 1134/415/1028
f 1112/409/1029 1127/416/1029 1128/418/1029
f 1121/412/1030 1120/410/1030 1135/417/1030
f 1133/427/1031 1132/426/1031 1147/435/1031
f 1125/413/1032 1140/436/1032 1141/438/1032
f 1134/415/1033 1133/427/1033 1148/437/1033
f 1126/414/1034 1141/438/1034 1142/440/1034
f 1135/417/1035 1134/415/1035 1149/439/1035
f 1127/416/1036 1142/440/1036 1143/442/1036
f 1136/419/1037 1135/417/1037 1150/441/1037
f 1128/418/1038 1143/442/1038 1144/428/1038
f 1137/421/1039 1136/419/1039 1151/443/1039
f 1129/420/1040 1144/428/1040 1145/429/1040
f 1138/423/1041 1137/421/1041 1152/444/1041
f 1130/422/1042 1145/429/1042 1146/431/1042
f 1132/426/5044 1131/424/5044 1146/431/5044
f 1124/170/1046 1139/433/1046 1140/436/1046
f 1152/444/5045 1151/443/5045 1166/449/5045
f 1144/428/1048 1159/450/1048 1160/452/1048
f 1153/430/1049 1152/444/1049 1167/451/1049
f 1145/429/1050 1160/452/1050 1161/454/1050
f 1147/435/1053 1146/431/1053 1161/454/1053
f 1139/433/1054 1154/455/1054 1155/458/1054
f 1148/437/1055 1147/435/1055 1162/457/1055
f 1140/436/1056 1155/458/1056 1156/446/1056
f 1149/439/1057 1148/437/1057 1163/459/1057
f 1141/438/1058 1156/446/1058 1157/447/1058
f 1150/441/1059 1149/439/1059 1164/445/1059
f 1142/440/1060 1157/447/1060 1158/448/1060
f 1151/443/1061 1150/441/1061 1165/7/1061
f 1143/442/1062 1158/448/1062 1159/450/1062
f 1164/445/1063 1163/459/1063 1178/467/1063
f 1156/446/5046 1171/468/5046 1172/470/5046
f 1165/7/1065 1164/445/1065 1179/469/1065
f 1157/447/1066 1172/470/1066 1173/472/1066
f 1166/449/1067 1165/7/1067 1180/471/1067
f 1158/448/1068 1173/472/1068 1174/474/1068
f 1167/451/1069 1166/449/1069 1181/473/1069
f 1159/450/1070 1174/474/1070 1175/461/1070
f 1168/453/1071 1167/451/1071 1182/475/1071
f 1160/452/1072 1175/461/1072 1176/462/1072
f 1162/457/1075 1161/454/1075 1176/462/1075
f 1154/455/1076 1169/463/1076 1170/466/1076
f 1163/459/1077 1162/457/1077 1177/465/1077
f 1155/458/5047 1170/466/5047 1171/468/5047
f 1183/460/1079 1182/475/1079 1197/481/1079
f 1175/461/1080 1190/482/1080 1191/484/1080
f 1177/465/1083 1176/462/1083 1191/484/1083
f 1169/463/1084 1184/485/1084 1185/488/1084
f 1178/467/1085 1177/465/1085 1192/487/1085
f 1170/466/1086 1185/488/1086 1186/490/1086
f 1179/469/1087 1178/467/1087 1193/489/1087
f 1171/468/1088 1186/490/1088 1187/477/1088
f 1180/471/1089 1179/469/1089 1194/491/1089
f 1172/470/1090 1187/477/1090 1188/478/1090
f 1181/473/1091 1180/471/1091 1195/476/1091
f 1173/472/1092 1188/478/1092 1189/480/1092
f 1182/475/1093 1181/473/1093 1196/479/1093
f 1174/474/1094 1189/480/1094 1190/482/1094
f 1186/490/1095 1201/498/1095 1202/500/1095
f 1195/476/1096 1194/491/1096 1209/499/1096
f 1187/477/1097 1202/500/1097 1203/502/1097
f 1196/479/1098 1195/476/1098 1210/501/1098
f 1188/478/1099 1203/502/1099 1204/504/1099
f 1197/481/1100 1196/479/1100 1211/503/1100
f 1189/480/1101 1204/504/1101 1205/506/1101
f 1198/483/1102 1197/481/1102 1212/505/1102
f 1190/482/1103 1205/506/1103 1206/507/1103
f 1192/487/1106 1191/484/1106 1206/507/1106
f 1184/485/5048 1199/492/5048 1200/496/5048
f 1193/489/1108 1192/487/1108 1207/495/1108
f 1185/488/1109 1200/496/1109 1201/498/1109
f 1194/491/1110 1193/489/1110 1208/497/1110
f 1205/506/1111 1220/513/1111 1221/515/1111
f 1207/495/1114 1206/507/1114 1221/515/1114
f 1199/492/1115 1214/517/1115 1215/520/1115
f 1208/497/1116 1207/495/1116 1222/519/1116
f 1200/496/1117 1215/520/1117 1216/522/1117
f 1209/499/1118 1208/497/1118 1223/521/1118
f 1201/498/5049 1216/522/5049 1217/508/5049
f 1210/501/1120 1209/499/1120 1224/523/1120
f 1202/500/1121 1217/508/1121 1218/509/1121
f 1211/503/1122 1210/501/1122 1225/524/1122
f 1203/502/1123 1218/509/1123 1219/511/1123
f 1212/505/1124 1211/503/1124 1226/510/1124
f 1204/504/1125 1219/511/1125 1220/513/1125
f 1213/494/1126 1212/505/1126 1227/512/1126
f 1224/523/1127 1239/530/1127 1240/532/1127
f 1218/509/1128 1217/508/1128 1232/531/1128
f 1225/524/1129 1240/532/1129 1241/534/1129
f 1219/511/1130 1218/509/1130 1233/533/1130
f 1226/510/1131 1241/534/1131 1242/536/1131
f 1220/513/1132 1219/511/1132 1234/535/1132
f 1227/512/1133 1242/536/1133 1243/538/1133
f 1221/515/1134 1220/513/1134 1235/537/1134
f 1221/515/1137 1236/525/1137 1237/526/1137
f 1215/520/1138 1214/517/1138 1229/539/1138
f 1222/519/1139 1237/526/1139 1238/528/1139
f 1216/522/1140 1215/520/1140 1230/527/1140
f 1223/521/1141 1238/528/1141 1239/530/1141
f 1217/508/1142 1216/522/1142 1231/529/1142
f 1236/525/1145 1251/547/1145 1252/550/1145
f 1230/527/5050 1229/539/5050 1244/548/5050
f 1237/526/1147 1252/550/1147 1253/552/1147
f 1231/529/1148 1230/527/1148 1245/551/1148
f 1238/528/1149 1253/552/1149 1254/554/1149
f 1232/531/1150 1231/529/1150 1246/553/1150
f 1239/530/1151 1254/554/1151 1255/541/1151
f 1233/533/1152 1232/531/1152 1247/555/1152
f 1240/532/1153 1255/541/1153 1256/542/1153
f 1234/535/1154 1233/533/1154 1248/556/1154
f 1241/534/1155 1256/542/1155 1257/544/1155
f 1235/537/1156 1234/535/1156 1249/543/1156
f 1242/536/1157 1257/544/1157 1258/546/1157
f 1236/525/1158 1235/537/1158 1250/545/1158
f 1248/556/1159 1247/555/1159 1262/562/1159
f 1255/541/1160 1270/563/1160 1271/565/1160
f 1249/543/1161 1248/556/1161 1263/564/1161
f 1256/542/1162 1271/565/1162 1272/567/1162
f 1250/545/1163 1249/543/1163 1264/566/1163
f 1257/544/1164 1272/567/1164 1273/569/1164
f 1251/547/1165 1250/545/1165 1265/568/1165
f 1251/547/1168 1266/570/1168 1267/558/1168
f 1245/551/1169 1244/548/1169 1259/571/1169
f 1252/550/1170 1267/558/1170 1268/559/1170
f 1246/553/1171 1245/551/1171 1260/557/1171
f 1253/552/1172 1268/559/1172 1269/561/1172
f 1247/555/1173 1246/553/1173 1261/560/1173
f 1254/554/1174 1269/561/1174 1270/563/1174
f 1266/570/1175 1281/578/1175 1282/581/1175
f 1260/557/1176 1259/571/1176 1274/579/1176
f 1267/558/1177 1282/581/1177 1283/583/1177
f 1261/560/1178 1260/557/1178 1275/582/1178
f 1268/559/1179 1283/583/1179 1284/585/1179
f 1262/562/1180 1261/560/1180 1276/584/1180
f 1269/561/1181 1284/585/1181 1285/587/1181
f 1263/564/1182 1262/562/1182 1277/586/1182
f 1270/563/1183 1285/587/1183 1286/574/1183
f 1264/566/1184 1263/564/1184 1278/588/1184
f 1271/565/1185 1286/574/1185 1287/575/1185
f 1265/568/1186 1264/566/1186 1279/573/1186
f 1272/567/1187 1287/575/1187 1288/577/1187
f 1266/570/1188 1265/568/1188 1280/576/1188
f 1285/587/1191 1301/594/1191 1302/596/1191
f 1279/573/1192 1278/588/1192 1294/595/1192
f 1286/574/5051 1302/596/5051 1303/598/5051
f 1280/576/1194 1279/573/1194 1295/597/1194
f 1287/575/1195 1303/598/1195 1304/600/1195
f 1281/578/1196 1280/576/1196 1296/599/1196
f 1281/578/5052 1297/601/5052 1298/589/5052
f 1275/582/1200 1274/579/1200 1290/602/1200
f 1282/581/1201 1298/589/1201 1299/590/1201
f 1276/584/5053 1275/582/5053 1291/604/5053
f 1283/583/1203 1299/590/1203 1300/592/1203
f 1277/586/1204 1276/584/1204 1292/591/1204
f 1284/585/1205 1300/592/1205 1301/594/1205
f 1278/588/1206 1277/586/1206 1293/593/1206
f 1298/589/1207 1313/611/1207 1314/613/1207
f 1292/591/1208 1291/604/1208 1306/612/1208
f 1299/590/1209 1314/613/1209 1315/615/1209
f 1293/593/1210 1292/591/1210 1307/614/1210
f 1300/592/1211 1315/615/1211 1316/617/1211
f 1294/595/1212 1293/593/1212 1308/616/1212
f 1301/594/1213 1316/617/1213 1317/605/1213
f 1295/597/1214 1294/595/1214 1309/618/1214
f 1302/596/1215 1317/605/1215 1318/606/1215
f 1296/599/1216 1295/597/1216 1310/619/1216
f 1303/598/1217 1318/606/1217 1319/608/1217
f 1297/601/1218 1296/599/1218 1311/607/1218
f 1297/601/5054 1312/609/5054 1313/611/5054
f 1291/604/1222 1290/602/1222 1305/205/1222
f 1317/605/1223 1332/623/1223 1333/625/1223
f 1311/607/1224 1310/619/1224 1325/626/1224
f 1318/606/1225 1333/625/1225 1334/627/1225
f 1312/609/1226 1311/607/1226 1326/628/1226
f 1312/609/1229 1327/630/1229 1328/631/1229
f 1306/612/1230 1305/205/1230 1320/212/1230
f 1313/611/1231 1328/631/1231 1329/632/1231
f 1307/614/1232 1306/612/1232 1321/209/1232
f 1314/613/1233 1329/632/1233 1330/621/1233
f 1308/616/1234 1307/614/1234 1322/633/1234
f 1315/615/1235 1330/621/1235 1331/622/1235
f 1309/618/1236 1308/616/1236 1323/620/1236
f 1316/617/1237 1331/622/1237 1332/623/1237
f 1310/619/1238 1309/618/1238 1324/624/1238
f 1322/633/5055 1321/209/5055 1336/227/5055
f 1329/632/1240 1344/223/1240 1345/636/1240
f 1323/620/5056 1322/633/5056 1337/226/5056
f 1330/621/1242 1345/636/1242 1346/637/1242
f 1324/624/1243 1323/620/1243 1338/229/1243
f 1331/622/1244 1346/637/1244 1347/638/1244
f 1325/626/1245 1324/624/1245 1339/233/1245
f 1332/623/1246 1347/638/1246 1348/639/1246
f 1326/628/1247 1325/626/1247 1340/214/1247
f 1333/625/1248 1348/639/1248 1349/635/1248
f 1327/630/1249 1326/628/1249 1341/216/1249
f 1327/630/1252 1342/222/1252 1343/221/1252
f 1321/209/1253 1320/212/1253 1335/219/1253
f 1328/631/1254 1343/221/1254 1344/223/1254
f 1340/248/1255 1355/250/1255 1356/253/1255
f 1349/648/1256 1348/646/1256 1363/645/1256
f 1341/252/1257 1356/253/1257 1357/256/1257
f 1343/262/1260 1342/255/1260 1357/256/1260
f 1335/258/1261 1350/259/1261 1351/265/1261
f 1344/235/1262 1343/262/1262 1358/261/1262
f 1336/264/5057 1351/265/5057 1352/243/5057
f 1345/640/1264 1344/235/1264 1359/237/1264
f 1337/244/1265 1352/243/1265 1353/240/1265
f 1346/642/1266 1345/640/1266 1360/650/1266
f 1338/246/1267 1353/240/1267 1354/245/1267
f 1347/644/1268 1346/642/1268 1361/641/1268
f 1339/249/1269 1354/245/1269 1355/250/1269
f 1348/646/1270 1347/644/1270 1362/643/1270
f 1360/650/1271 1359/237/1271 1374/272/1271
f 1352/243/1272 1367/273/1272 1368/275/1272
f 1361/641/1273 1360/650/1273 1375/653/1273
f 1353/240/1274 1368/275/1274 1369/279/1274
f 1362/643/1275 1361/641/1275 1376/654/1275
f 1354/245/1276 1369/279/1276 1370/280/1276
f 1363/645/5058 1362/643/5058 1377/655/5058
f 1355/250/1278 1370/280/1278 1371/266/1278
f 1364/647/1279 1363/645/1279 1378/656/1279
f 1356/253/1280 1371/266/1280 1372/269/1280
f 1358/261/1283 1357/256/1283 1372/269/1283
f 1350/259/1284 1365/268/1284 1366/271/1284
f 1359/237/1285 1358/261/1285 1373/270/1285
f 1351/265/1286 1366/271/1286 1367/273/1286
f 1379/652/1287 1378/656/1287 1393/658/1287
f 1371/266/1288 1386/284/1288 1387/287/1288
f 1373/270/5059 1372/269/5059 1387/287/5059
f 1365/268/1292 1380/286/1292 1381/288/1292
f 1374/272/1293 1373/270/1293 1388/289/1293
f 1366/271/1294 1381/288/1294 1382/291/1294
f 1375/653/1295 1374/272/1295 1389/290/1295
f 1367/273/1296 1382/291/1296 1383/281/1296
f 1376/654/1297 1375/653/1297 1390/661/1297
f 1368/275/1298 1383/281/1298 1384/282/1298
f 1377/655/1299 1376/654/1299 1391/662/1299
f 1369/279/1300 1384/282/1300 1385/283/1300
f 1378/656/1301 1377/655/1301 1392/657/1301
f 1370/280/1302 1385/283/1302 1386/284/1302
f 1382/291/1303 1397/297/1303 1398/301/1303
f 1391/662/1304 1390/661/1304 1405/663/1304
f 1383/281/1305 1398/301/1305 1399/302/1305
f 1392/657/1306 1391/662/1306 1406/664/1306
f 1384/282/1307 1399/302/1307 1400/303/1307
f 1393/658/5060 1392/657/5060 1407/665/5060
f 1385/283/1309 1400/303/1309 1401/304/1309
f 1394/659/1310 1393/658/1310 1408/666/1310
f 1386/284/1311 1401/304/1311 1402/294/1311
f 1388/289/1314 1387/287/1314 1402/294/1314
f 1380/286/1315 1395/293/1315 1396/295/1315
f 1389/290/1316 1388/289/1316 1403/311/1316
f 1381/288/1317 1396/295/1317 1397/297/1317
f 1390/661/1318 1389/290/1318 1404/296/1318
f 1401/304/1319 1416/308/1319 1417/312/1319
f 1403/311/1322 1402/294/1322 1417/312/1322
f 1395/293/1323 1410/310/1323 1411/313/1323
f 1404/296/1324 1403/311/1324 1418/314/1324
f 1396/295/1325 1411/313/1325 1412/317/1325
f 1405/663/1326 1404/296/1326 1419/323/1326
f 1397/297/1327 1412/317/1327 1413/305/1327
f 1406/664/1328 1405/663/1328 1420/673/1328
f 1398/301/1329 1413/305/1329 1414/306/1329
f 1407/665/1330 1406/664/1330 1421/674/1330
f 1399/302/1331 1414/306/1331 1415/307/1331
f 1408/666/1332 1407/665/1332 1422/669/1332
f 1400/303/1333 1415/307/1333 1416/308/1333
f 1409/667/1334 1408/666/1334 1423/670/1334
f 1421/674/1335 1420/673/1335 1435/675/1335
f 1413/305/1336 1428/327/1336 1429/328/1336
f 1422/669/1337 1421/674/1337 1436/676/1337
f 1414/306/1338 1429/328/1338 1430/329/1338
f 1423/670/1339 1422/669/1339 1437/677/1339
f 1415/307/1340 1430/329/1340 1431/330/1340
f 1424/671/5061 1423/670/5061 1438/678/5061
f 1416/308/1342 1431/330/1342 1432/334/1342
f 1418/314/1345 1417/312/1345 1432/334/1345
f 1410/310/1346 1425/320/1346 1426/321/1346
f 1419/323/1347 1418/314/1347 1433/319/1347
f 1411/313/1348 1426/321/1348 1427/324/1348
f 1420/673/1349 1419/323/1349 1434/322/1349
f 1412/317/1350 1427/324/1350 1428/327/1350
f 1433/319/1352 1432/334/1352 1447/338/1352
f 1425/320/1353 1440/337/1353 1441/339/1353
f 1434/322/1354 1433/319/1354 1448/345/1354
f 1426/321/1355 1441/339/1355 1442/341/1355
f 1435/675/1356 1434/322/1356 1449/340/1356
f 1427/324/1357 1442/341/1357 1443/344/1357
f 1436/676/1358 1435/675/1358 1450/684/1358
f 1428/327/1359 1443/344/1359 1444/332/1359
f 1437/677/1360 1436/676/1360 1451/685/1360
f 1429/328/1361 1444/332/1361 1445/333/1361
f 1438/678/1362 1437/677/1362 1452/686/1362
f 1430/329/1363 1445/333/1363 1446/335/1363
f 1439/679/1364 1438/678/1364 1453/681/1364
f 1431/330/1365 1446/335/1365 1447/338/1365
f 1452/686/1367 1451/685/1367 1460/349/1367
f 1444/332/1368 983/56/1368 1458/57/1368
f 1453/681/1369 1452/686/1369 1461/351/1369
f 1445/333/1370 1458/57/1370 984/59/1370
f 1454/682/1371 1453/681/1371 1462/353/1371
f 1446/335/1372 984/59/1372 985/37/1372
f 1448/345/1375 1447/338/1375 985/37/1375
f 1440/337/1376 1455/38/1376 1456/43/1376
f 1449/340/1377 1448/345/1377 986/35/1377
f 1441/339/1378 1456/43/1378 982/50/1378
f 1450/684/5062 1449/340/5062 1459/41/5062
f 1442/341/1380 982/50/1380 1457/51/1380
f 1451/685/1381 1450/684/1381 987/347/1381
f 1443/344/1382 1457/51/1382 983/56/1382
f 1939/51/1383 1464/50/1383 1472/44/1383
f 1942/349/1384 1469/347/1384 1480/348/1384
f 1465/56/1385 1939/51/1385 1473/49/1385
f 1942/349/5063 1481/350/5063 1482/352/5063
f 1940/57/1387 1465/56/1387 1474/54/1387
f 1943/351/1388 1482/352/1388 1483/354/1388
f 1940/57/1389 1475/55/1389 1476/58/1389
f 1944/353/1390 1483/354/1390 1484/356/1390
f 1466/59/5064 1476/58/5064 1477/36/5064
f 1468/35/5065 1467/37/5065 1477/36/5065
f 1937/38/5066 1470/40/5066 1471/39/5066
f 1941/41/1396 1468/35/1396 1478/42/1396
f 1464/50/1397 1938/43/1397 1471/39/1397
f 1941/41/1398 1479/45/1398 1480/348/1398
f 1479/45/1399 1478/42/1399 1493/65/1399
f 1472/44/1400 1471/39/1400 1486/64/1400
f 1480/348/5067 1479/45/5067 1494/67/5067
f 1473/49/1402 1472/44/1402 1487/66/1402
f 1480/348/1403 1495/360/1403 1496/361/1403
f 1473/49/1404 1488/68/1404 1489/69/1404
f 1481/350/1405 1496/361/1405 1497/362/1405
f 1474/54/5068 1489/69/5068 1490/70/5068
f 1483/354/1407 1482/352/1407 1497/362/1407
f 1475/55/1408 1490/70/1408 1491/71/1408
f 1484/356/5069 1483/354/5069 1498/363/5069
f 1476/58/1410 1491/71/1410 1492/61/1410
f 1478/42/1413 1477/36/1413 1492/61/1413
f 1471/39/5070 1470/40/5070 1485/63/5070
f 1498/363/1415 1497/362/1415 1512/366/1415
f 1490/70/1416 1505/74/1416 1506/75/1416
f 1498/363/5071 1513/367/5071 1514/368/5071
f 1492/61/5072 1491/71/5072 1506/75/5072
f 1492/61/5073 1507/76/5073 1508/80/5073
f 1486/64/1422 1485/63/1422 1500/78/1422
f 1494/67/1423 1493/65/1423 1508/80/1423
f 1486/64/5074 1501/79/5074 1502/81/5074
f 1494/67/1425 1509/82/1425 1510/364/1425
f 1488/68/1426 1487/66/1426 1502/81/1426
f 1495/360/1427 1510/364/1427 1511/365/1427
f 1489/69/5075 1488/68/5075 1503/73/5075
f 1496/361/1429 1511/365/1429 1512/366/1429
f 1490/70/1430 1489/69/1430 1504/72/1430
f 1509/82/1431 1524/91/1431 1525/372/1431
f 1502/81/1432 1517/92/1432 1518/14/1432
f 1510/364/1433 1525/372/1433 1526/17/1433
f 1504/72/1434 1503/73/1434 1518/14/1434
f 1512/366/1435 1511/365/1435 1526/17/1435
f 1505/74/1436 1504/72/1436 1519/95/1436
f 1512/366/5076 1527/373/5076 1528/374/5076
f 1505/74/1438 1520/96/1438 1521/97/1438
f 1513/367/5077 1528/374/5077 1529/371/5077
f 1506/75/1440 1521/97/1440 1522/13/1440
f 1507/76/1443 1522/13/1443 1523/89/1443
f 1500/78/5078 1515/88/5078 1516/90/5078
f 1509/82/1445 1508/80/1445 1523/89/1445
f 1502/81/1446 1501/79/1446 1516/90/1446
f 1528/374/1447 1543/377/1447 1544/378/1447
f 1521/97/1448 1536/101/1448 1537/102/1448
f 1523/89/1451 1522/13/1451 1537/102/1451
f 1515/88/5079 1530/104/5079 1531/105/5079
f 1523/89/1453 1538/106/1453 1539/108/1453
f 1517/92/1454 1516/90/1454 1531/105/1454
f 1524/91/1455 1539/108/1455 1540/380/1455
f 1518/14/1456 1517/92/1456 1532/107/1456
f 1525/372/1457 1540/380/1457 1541/375/1457
f 1518/14/1458 1533/99/1458 1534/98/1458
f 1526/17/1459 1541/375/1459 1542/376/1459
f 1519/95/1460 1534/98/1460 1535/100/1460
f 1528/374/1461 1527/373/1461 1542/376/1461
f 1521/97/1462 1520/96/1462 1535/100/1462
f 1532/107/1463 1548/116/1463 1549/118/1463
f 1540/380/5080 1556/381/5080 1557/382/5080
f 1533/99/5081 1549/118/5081 1550/120/5081
f 1542/376/1466 1541/375/1466 1557/382/1466
f 1534/98/1467 1550/120/1467 1551/121/1467
f 1542/376/1468 1558/383/1468 1559/384/1468
f 1536/101/1469 1535/100/1469 1551/121/1469
f 1544/378/5082 1543/377/5082 1559/384/5082
f 1536/101/5083 1552/122/5083 1553/111/5083
f 1538/106/1474 1537/102/1474 1553/111/1474
f 1530/104/1475 1546/114/1475 1547/113/1475
f 1538/106/1476 1554/112/1476 1555/115/1476
f 1531/105/1477 1547/113/1477 1548/116/1477
f 1539/108/1478 1555/115/1478 1556/381/1478
f 1552/122/5084 1567/125/5084 1568/126/5084
f 1553/111/5085 1568/126/5085 1569/129/5085
f 1546/114/1483 1561/128/1483 1562/130/1483
f 1554/112/1484 1569/129/1484 1570/131/1484
f 1548/116/1485 1547/113/1485 1562/130/1485
f 1556/381/1486 1555/115/1486 1570/131/1486
f 1548/116/1487 1563/132/1487 1564/135/1487
f 1556/381/5086 1571/391/5086 1572/392/5086
f 1550/120/5087 1549/118/5087 1564/135/5087
f 1558/383/1490 1557/382/1490 1572/392/1490
f 1550/120/5088 1565/136/5088 1566/124/5088
f 1558/383/1492 1573/387/1492 1574/388/1492
f 1551/121/1493 1566/124/1493 1567/125/1493
f 1560/385/1494 1559/384/1494 1574/388/1494
f 1571/391/1495 1586/393/1495 1587/394/1495
f 1565/136/1496 1564/135/1496 1579/167/1496
f 1573/387/1497 1572/392/1497 1587/394/1497
f 1565/136/1498 1580/145/1498 1581/146/1498
f 1573/387/1499 1588/395/1499 1589/396/1499
f 1566/124/1500 1581/146/1500 1582/149/1500
f 1575/389/1501 1574/388/1501 1589/396/1501
f 1567/125/1502 1582/149/1502 1583/150/1502
f 1569/129/5089 1568/126/5089 1583/150/5089
f 1561/128/5090 1576/153/5090 1577/141/5090
f 1569/129/1507 1584/137/1507 1585/142/1507
f 1562/130/1508 1577/141/1508 1578/140/1508
f 1570/131/1509 1585/142/1509 1586/393/1509
f 1563/132/1510 1578/140/1510 1579/167/1510
f 1583/150/5091 1598/403/5091 1599/405/5091
f 1576/153/5092 1591/157/5092 1592/159/5092
f 1584/137/1515 1599/405/1515 1600/406/1515
f 1578/140/1516 1577/141/1516 1592/159/1516
f 1586/393/1517 1585/142/1517 1600/406/1517
f 1579/167/1518 1578/140/1518 1593/407/1518
f 1587/394/1519 1586/393/1519 1601/408/1519
f 1579/167/1520 1594/409/1520 1595/411/1520
f 1587/394/1521 1602/410/1521 1603/412/1521
f 1580/145/1522 1595/411/1522 1596/400/1522
f 1588/395/1523 1603/412/1523 1604/399/1523
f 1581/146/1524 1596/400/1524 1597/401/1524
f 1590/397/5093 1589/396/5093 1604/399/5093
f 1583/150/1526 1582/149/1526 1597/401/1526
f 1594/409/1527 1609/416/1527 1610/418/1527
f 1602/410/1528 1617/417/1528 1618/419/1528
f 1595/411/1529 1610/418/1529 1611/420/1529
f 1604/399/1530 1603/412/1530 1618/419/1530
f 1596/400/1531 1611/420/1531 1612/422/1531
f 1604/399/1532 1619/421/1532 1620/423/1532
f 1597/401/5094 1612/422/5094 1613/424/5094
f 1599/405/5095 1598/403/5095 1613/424/5095
f 1592/159/5096 1591/157/5096 1606/170/5096
f 1599/405/1538 1614/426/1538 1615/427/1538
f 1592/159/1539 1607/413/1539 1608/414/1539
f 1601/408/5097 1600/406/5097 1615/427/5097
f 1593/407/1541 1608/414/1541 1609/416/1541
f 1601/408/5098 1616/415/5098 1617/417/5098
f 1613/424/1543 1628/431/1543 1629/435/1543
f 1607/413/5099 1606/170/5099 1621/433/5099
f 1614/426/1545 1629/435/1545 1630/437/1545
f 1608/414/1546 1607/413/1546 1622/436/1546
f 1616/415/1547 1615/427/1547 1630/437/1547
f 1608/414/1548 1623/438/1548 1624/440/1548
f 1617/417/5100 1616/415/5100 1631/439/5100
f 1609/416/1550 1624/440/1550 1625/442/1550
f 1618/419/1551 1617/417/1551 1632/441/1551
f 1610/418/1552 1625/442/1552 1626/428/1552
f 1618/419/5101 1633/443/5101 1634/444/5101
f 1612/422/1554 1611/420/1554 1626/428/1554
f 1619/421/5102 1634/444/5102 1635/430/5102
f 1612/422/5103 1627/429/5103 1628/431/5103
f 1633/443/1559 1632/441/1559 1647/7/1559
f 1625/442/1560 1640/448/1560 1641/450/1560
f 1633/443/1561 1648/449/1561 1649/451/1561
f 1627/429/1562 1626/428/1562 1641/450/1562
f 1634/444/1563 1649/451/1563 1650/453/1563
f 1627/429/1564 1642/452/1564 1643/454/1564
f 1628/431/1567 1643/454/1567 1644/457/1567
f 1621/433/1568 1636/455/1568 1637/458/1568
f 1629/435/1569 1644/457/1569 1645/459/1569
f 1623/438/1570 1622/436/1570 1637/458/1570
f 1631/439/1571 1630/437/1571 1645/459/1571
f 1623/438/1572 1638/446/1572 1639/447/1572
f 1631/439/1573 1646/445/1573 1647/7/1573
f 1625/442/1574 1624/440/1574 1639/447/1574
f 1640/448/1575 1639/447/1575 1654/470/1575
f 1647/7/1576 1662/471/1576 1663/473/1576
f 1640/448/1577 1655/472/1577 1656/474/1577
f 1648/449/1578 1663/473/1578 1664/475/1578
f 1642/452/1579 1641/450/1579 1656/474/1579
f 1650/453/5104 1649/451/5104 1664/475/5104
f 1642/452/1581 1657/461/1581 1658/462/1581
f 1644/457/1584 1643/454/1584 1658/462/1584
f 1636/455/1585 1651/463/1585 1652/466/1585
f 1644/457/1586 1659/465/1586 1660/467/1586
f 1638/446/1587 1637/458/1587 1652/466/1587
f 1645/459/1588 1660/467/1588 1661/469/1588
f 1639/447/1589 1638/446/1589 1653/468/1589
f 1646/445/1590 1661/469/1590 1662/471/1590
f 1659/465/1591 1658/462/1591 1673/484/1591
f 1652/466/5105 1651/463/5105 1666/485/5105
f 1659/465/1593 1674/487/1593 1675/489/1593
f 1652/466/5106 1667/488/5106 1668/490/5106
f 1661/469/1595 1660/467/1595 1675/489/1595
f 1653/468/1596 1668/490/1596 1669/477/1596
f 1661/469/5107 1676/491/5107 1677/476/5107
f 1655/472/5108 1654/470/5108 1669/477/5108
f 1663/473/1599 1662/471/1599 1677/476/1599
f 1655/472/1600 1670/478/1600 1671/480/1600
f 1664/475/5109 1663/473/5109 1678/479/5109
f 1657/461/1602 1656/474/1602 1671/480/1602
f 1664/475/1603 1679/481/1603 1680/483/1603
f 1657/461/1604 1672/482/1604 1673/484/1604
f 1677/476/1607 1692/501/1607 1693/503/1607
f 1670/478/5110 1685/502/5110 1686/504/5110
f 1679/481/1609 1678/479/1609 1693/503/1609
f 1672/482/1610 1671/480/1610 1686/504/1610
f 1680/483/5111 1679/481/5111 1694/505/5111
f 1673/484/5112 1672/482/5112 1687/506/5112
f 1673/484/5113 1688/507/5113 1689/495/5113
f 1666/485/5114 1681/492/5114 1682/496/5114
f 1674/487/1617 1689/495/1617 1690/497/1617
f 1667/488/1618 1682/496/1618 1683/498/1618
f 1676/491/1619 1675/489/1619 1690/497/1619
f 1669/477/1620 1668/490/1620 1683/498/1620
f 1677/476/1621 1676/491/1621 1691/499/1621
f 1670/478/1622 1669/477/1622 1684/500/1622
f 1682/496/5115 1681/492/5115 1696/517/5115
f 1689/495/1624 1704/519/1624 1705/521/1624
f 1683/498/5116 1682/496/5116 1697/520/5116
f 1691/499/1626 1690/497/1626 1705/521/1626
f 1683/498/5117 1698/522/5117 1699/508/5117
f 1692/501/1628 1691/499/1628 1706/523/1628
f 1684/500/1629 1699/508/1629 1700/509/1629
f 1693/503/1630 1692/501/1630 1707/524/1630
f 1685/502/1631 1700/509/1631 1701/511/1631
f 1693/503/1632 1708/510/1632 1709/512/1632
f 1687/506/1633 1686/504/1633 1701/511/1633
f 1694/505/1634 1709/512/1634 1710/514/1634
f 1688/507/5118 1687/506/5118 1702/513/5118
f 1688/507/5119 1703/515/5119 1704/519/5119
f 1700/509/1639 1715/533/1639 1716/535/1639
f 1709/512/1640 1708/510/1640 1723/534/1640
f 1702/513/1641 1701/511/1641 1716/535/1641
f 1709/512/1642 1724/536/1642 1725/538/1642
f 1703/515/5120 1702/513/5120 1717/537/5120
f 1703/515/5121 1718/525/5121 1719/526/5121
f 1697/520/5122 1696/517/5122 1711/539/5122
f 1704/519/1648 1719/526/1648 1720/528/1648
f 1697/520/5123 1712/527/5123 1713/529/5123
f 1706/523/1650 1705/521/1650 1720/528/1650
f 1699/508/5124 1698/522/5124 1713/529/5124
f 1706/523/1652 1721/530/1652 1722/532/1652
f 1700/509/1653 1699/508/1653 1714/531/1653
f 1707/524/5125 1722/532/5125 1723/534/5125
f 1719/526/1655 1734/550/1655 1735/552/1655
f 1713/529/1656 1712/527/1656 1727/551/1656
f 1721/530/5126 1720/528/5126 1735/552/5126
f 1713/529/1658 1728/553/1658 1729/555/1658
f 1721/530/1659 1736/554/1659 1737/541/1659
f 1714/531/1660 1729/555/1660 1730/556/1660
f 1723/534/1661 1722/532/1661 1737/541/1661
f 1715/533/1662 1730/556/1662 1731/543/1662
f 1723/534/1663 1738/542/1663 1739/544/1663
f 1717/537/1664 1716/535/1664 1731/543/1664
f 1724/536/5127 1739/544/5127 1740/546/5127
f 1718/525/5128 1717/537/5128 1732/545/5128
f 1718/525/5129 1733/547/5129 1734/550/5129
f 1712/527/5130 1711/539/5130 1726/548/5130
f 1738/542/1671 1753/565/1671 1754/567/1671
f 1732/545/1672 1731/543/1672 1746/566/1672
f 1739/544/5131 1754/567/5131 1755/569/5131
f 1732/545/5132 1747/568/5132 1748/570/5132
f 1733/547/1677 1748/570/1677 1749/558/1677
f 1727/551/5133 1726/548/5133 1741/571/5133
f 1734/550/1679 1749/558/1679 1750/559/1679
f 1728/553/1680 1727/551/1680 1742/557/1680
f 1735/552/1681 1750/559/1681 1751/561/1681
f 1728/553/1682 1743/560/1682 1744/562/1682
f 1737/541/5134 1736/554/5134 1751/561/5134
f 1729/555/5135 1744/562/5135 1745/564/5135
f 1738/542/1685 1737/541/1685 1752/563/1685
f 1731/543/1686 1730/556/1686 1745/564/1686
f 1751/561/1687 1750/559/1687 1765/583/1687
f 1744/562/1688 1743/560/1688 1758/584/1688
f 1751/561/5136 1766/585/5136 1767/587/5136
f 1744/562/1690 1759/586/1690 1760/588/1690
f 1753/565/1691 1752/563/1691 1767/587/1691
f 1745/564/1692 1760/588/1692 1761/573/1692
f 1753/565/5137 1768/574/5137 1769/575/5137
f 1747/568/1694 1746/566/1694 1761/573/1694
f 1754/567/5138 1769/575/5138 1770/577/5138
f 1748/570/1696 1747/568/1696 1762/576/1696
f 1748/570/1699 1763/578/1699 1764/581/1699
f 1742/557/5139 1741/571/5139 1756/579/5139
f 1749/558/1701 1764/581/1701 1765/583/1701
f 1743/560/1702 1742/557/1702 1757/582/1702
f 1770/577/1703 1769/575/1703 1785/598/1703
f 1762/576/5140 1778/599/5140 1779/601/5140
f 1763/578/1707 1779/601/1707 1780/589/1707
f 1756/579/1708 1772/602/1708 1773/604/1708
f 1764/581/1709 1780/589/1709 1781/590/1709
f 1757/582/1710 1773/604/1710 1774/591/1710
f 1765/583/1711 1781/590/1711 1782/592/1711
f 1758/584/1712 1774/591/1712 1775/593/1712
f 1766/585/1713 1782/592/1713 1783/594/1713
f 1760/588/5141 1759/586/5141 1775/593/5141
f 1768/574/1715 1767/587/1715 1783/594/1715
f 1760/588/1716 1776/595/1716 1777/597/1716
f 1769/575/1717 1768/574/1717 1784/596/1717
f 1762/576/1718 1761/573/1718 1777/597/1718
f 1774/591/1719 1789/614/1719 1790/616/1719
f 1782/592/5142 1797/615/5142 1798/617/5142
f 1775/593/1721 1790/616/1721 1791/618/1721
f 1784/596/1722 1783/594/1722 1798/617/1722
f 1777/597/1723 1776/595/1723 1791/618/1723
f 1784/596/5143 1799/605/5143 1800/606/5143
f 1778/599/1725 1777/597/1725 1792/619/1725
f 1785/598/5144 1800/606/5144 1801/608/5144
f 1779/601/5145 1778/599/5145 1793/607/5145
f 1779/601/5146 1794/609/5146 1795/611/5146
f 1773/604/5147 1772/602/5147 1787/205/5147
f 1780/589/1732 1795/611/1732 1796/613/1732
f 1773/604/5148 1788/612/5148 1789/614/5148
f 1781/590/1734 1796/613/1734 1797/615/1734
f 1793/607/1735 1808/628/1735 1809/630/1735
f 1794/609/1738 1809/630/1738 1810/631/1738
f 1787/205/5149 1802/212/5149 1803/209/5149
f 1795/611/1740 1810/631/1740 1811/632/1740
f 1788/612/1741 1803/209/1741 1804/633/1741
f 1797/615/1742 1796/613/1742 1811/632/1742
f 1789/614/1743 1804/633/1743 1805/620/1743
f 1797/615/1744 1812/621/1744 1813/622/1744
f 1791/618/1745 1790/616/1745 1805/620/1745
f 1799/605/1746 1798/617/1746 1813/622/1746
f 1792/619/5150 1791/618/5150 1806/624/5150
f 1800/606/1748 1799/605/1748 1814/623/1748
f 1793/607/1749 1792/619/1749 1807/626/1749
f 1801/608/1750 1800/606/1750 1815/625/1750
f 1812/621/1751 1827/636/1751 1828/637/1751
f 1805/620/1752 1820/229/1752 1821/233/1752
f 1814/623/1753 1813/622/1753 1828/637/1753
f 1806/624/1754 1821/233/1754 1822/214/1754
f 1815/625/1755 1814/623/1755 1829/638/1755
f 1808/628/1756 1807/626/1756 1822/214/1756
f 1816/627/1757 1815/625/1757 1830/639/1757
f 1808/628/1758 1823/216/1758 1824/222/1758
f 1809/630/1761 1824/222/1761 1825/221/1761
f 1803/209/5151 1802/212/5151 1817/219/5151
f 1810/631/1763 1825/221/1763 1826/223/1763
f 1804/633/1764 1803/209/1764 1818/227/1764
f 1812/621/1765 1811/632/1765 1826/223/1765
f 1804/633/1766 1819/226/1766 1820/229/1766
f 1824/255/5152 1839/256/5152 1840/261/5152
f 1817/258/5153 1832/259/5153 1833/265/5153
f 1825/262/1771 1840/261/1771 1841/237/1771
f 1818/264/1772 1833/265/1772 1834/243/1772
f 1827/640/1773 1826/235/1773 1841/237/1773
f 1820/246/1774 1819/244/1774 1834/243/1774
f 1827/640/1775 1842/650/1775 1843/641/1775
f 1821/249/1776 1820/246/1776 1835/240/1776
f 1828/642/1777 1843/641/1777 1844/643/1777
f 1821/249/1778 1836/245/1778 1837/250/1778
f 1829/644/1779 1844/643/1779 1845/645/1779
f 1823/252/1780 1822/248/1780 1837/250/1780
f 1830/646/1781 1845/645/1781 1846/647/1781
f 1823/252/5154 1838/253/5154 1839/256/5154
f 1836/245/1783 1835/240/1783 1850/275/1783
f 1844/643/1784 1843/641/1784 1858/654/1784
f 1836/245/5155 1851/279/5155 1852/280/5155
f 1844/643/1786 1859/655/1786 1860/656/1786
f 1838/253/1787 1837/250/1787 1852/280/1787
f 1845/645/1788 1860/656/1788 1861/652/1788
f 1839/256/1789 1838/253/1789 1853/266/1789
f 1839/256/1792 1854/269/1792 1855/270/1792
f 1833/265/1793 1832/259/1793 1847/268/1793
f 1840/261/1794 1855/270/1794 1856/272/1794
f 1833/265/1795 1848/271/1795 1849/273/1795
f 1841/237/5156 1856/272/5156 1857/653/5156
f 1834/243/1797 1849/273/1797 1850/275/1797
f 1842/650/1798 1857/653/1798 1858/654/1798
f 1854/269/5157 1869/287/5157 1870/289/5157
f 1848/271/5158 1847/268/5158 1862/286/5158
f 1855/270/1801 1870/289/1801 1871/290/1801
f 1848/271/1802 1863/288/1802 1864/291/1802
f 1856/272/1803 1871/290/1803 1872/661/1803
f 1849/273/1804 1864/291/1804 1865/281/1804
f 1857/653/5159 1872/661/5159 1873/662/5159
f 1851/279/5160 1850/275/5160 1865/281/5160
f 1859/655/1807 1858/654/1807 1873/662/1807
f 1851/279/1808 1866/282/1808 1867/283/1808
f 1859/655/5161 1874/657/5161 1875/658/5161
f 1852/280/1810 1867/283/1810 1868/284/1810
f 1860/656/5162 1875/658/5162 1876/659/5162
f 1854/269/5163 1853/266/5163 1868/284/5163
f 1873/662/1815 1888/664/1815 1889/665/1815
f 1866/282/1816 1881/302/1816 1882/303/1816
f 1875/658/1817 1874/657/1817 1889/665/1817
f 1867/283/1818 1882/303/1818 1883/304/1818
f 1875/658/5164 1890/666/5164 1891/667/5164
f 1869/287/1820 1868/284/1820 1883/304/1820
f 1869/287/1823 1884/294/1823 1885/311/1823
f 1862/286/1824 1877/293/1824 1878/295/1824
f 1870/289/1825 1885/311/1825 1886/296/1825
f 1864/291/1826 1863/288/1826 1878/295/1826
f 1871/290/1827 1886/296/1827 1887/663/1827
f 1865/281/1828 1864/291/1828 1879/297/1828
f 1872/661/1829 1887/663/1829 1888/664/1829
f 1865/281/1830 1880/301/1830 1881/302/1830
f 1885/311/1831 1900/314/1831 1901/323/1831
f 1879/297/1832 1878/295/1832 1893/313/1832
f 1887/663/1833 1886/296/1833 1901/323/1833
f 1879/297/1834 1894/317/1834 1895/305/1834
f 1888/664/1835 1887/663/1835 1902/673/1835
f 1880/301/1836 1895/305/1836 1896/306/1836
f 1888/664/1837 1903/674/1837 1904/669/1837
f 1881/302/1838 1896/306/1838 1897/307/1838
f 1889/665/5165 1904/669/5165 1905/670/5165
f 1883/304/1840 1882/303/1840 1897/307/1840
f 1890/666/5166 1905/670/5166 1906/671/5166
f 1884/294/1842 1883/304/1842 1898/308/1842
f 1884/294/1845 1899/312/1845 1900/314/1845
f 1878/295/5167 1877/293/5167 1892/310/5167
f 1904/669/1847 1919/677/1847 1920/678/1847
f 1898/308/1848 1897/307/1848 1912/329/1848
f 1905/670/5168 1920/678/5168 1921/679/5168
f 1899/312/5169 1898/308/5169 1913/330/5169
f 1899/312/5170 1914/334/5170 1915/319/5170
f 1893/313/5171 1892/310/5171 1907/320/5171
f 1900/314/1855 1915/319/1855 1916/322/1855
f 1894/317/1856 1893/313/1856 1908/321/1856
f 1901/323/1857 1916/322/1857 1917/675/1857
f 1894/317/1858 1909/324/1858 1910/327/1858
f 1902/673/1859 1917/675/1859 1918/676/1859
f 1896/306/1860 1895/305/1860 1910/327/1860
f 1904/669/1861 1903/674/1861 1918/676/1861
f 1896/306/1862 1911/328/1862 1912/329/1862
f 1909/324/5172 1908/321/5172 1923/339/5172
f 1916/322/5173 1931/340/5173 1932/684/5173
f 1909/324/1865 1924/341/1865 1925/344/1865
f 1917/675/1866 1932/684/1866 1933/685/1866
f 1911/328/1867 1910/327/1867 1925/344/1867
f 1919/677/1868 1918/676/1868 1933/685/1868
f 1911/328/1869 1926/332/1869 1927/333/1869
f 1919/677/1870 1934/686/1870 1935/681/1870
f 1913/330/1871 1912/329/1871 1927/333/1871
f 1921/679/5174 1920/678/5174 1935/681/5174
f 1914/334/5175 1913/330/5175 1928/335/5175
f 1914/334/5176 1929/338/5176 1930/345/5176
f 1907/320/1877 1922/337/1877 1923/339/1877
f 1915/319/1878 1930/345/1878 1931/340/1878
f 1928/335/1879 1927/333/1879 1940/57/1879
f 1935/681/5177 1944/353/5177 1945/355/5177
f 1929/338/1881 1928/335/1881 1466/59/1881
f 1929/338/1884 1467/37/1884 1468/35/1884
f 1923/339/1885 1922/337/1885 1937/38/1885
f 1931/340/1886 1930/345/1886 1468/35/1886
f 1924/341/1887 1923/339/1887 1938/43/1887
f 1931/340/1888 1941/41/1888 1469/347/1888
f 1925/344/1889 1924/341/1889 1464/50/1889
f 1932/684/1890 1469/347/1890 1942/349/1890
f 1925/344/1891 1939/51/1891 1465/56/1891
f 1934/686/1892 1933/685/1892 1942/349/1892
f 1927/333/1893 1926/332/1893 1465/56/1893
f 1934/686/1894 1943/351/1894 1944/353/1894
f 2423/41/1895 1950/35/1895 1960/42/1895
f 2420/43/1896 1953/39/1896 1954/44/1896
f 1951/347/1897 2423/41/1897 1961/45/1897
f 1946/50/1898 1954/44/1898 1955/49/1898
f 2424/349/1899 1951/347/1899 1962/348/1899
f 2421/51/1900 1955/49/1900 1956/54/1900
f 2425/351/1901 2424/349/1901 1963/350/1901
f 1947/56/5178 1956/54/5178 1957/55/5178
f 2426/353/1903 2425/351/1903 1964/352/1903
f 2422/57/1904 1957/55/1904 1958/58/1904
f 2427/355/5179 2426/353/5179 1965/354/5179
f 1948/59/1906 1958/58/1906 1959/36/1906
f 1950/35/1909 1949/37/1909 1959/36/1909
f 2419/38/1910 1952/40/1910 1953/39/1910
f 1960/42/1911 1959/36/1911 1974/61/1911
f 1952/40/5180 1967/63/5180 1968/64/5180
f 1961/45/1913 1960/42/1913 1975/65/1913
f 1953/39/5181 1968/64/5181 1969/66/5181
f 1962/348/1915 1961/45/1915 1976/67/1915
f 1954/44/1916 1969/66/1916 1970/68/1916
f 1963/350/1917 1962/348/1917 1977/360/1917
f 1955/49/1918 1970/68/1918 1971/69/1918
f 1964/352/1919 1963/350/1919 1978/361/1919
f 1956/54/1920 1971/69/1920 1972/70/1920
f 1965/354/1921 1964/352/1921 1979/362/1921
f 1957/55/1922 1972/70/1922 1973/71/1922
f 1966/356/1923 1965/354/1923 1980/363/1923
f 1958/58/1924 1973/71/1924 1974/61/1924
f 1979/362/1927 1978/361/1927 1993/365/1927
f 1971/69/1928 1986/72/1928 1987/74/1928
f 1980/363/1929 1979/362/1929 1994/366/1929
f 1972/70/1930 1987/74/1930 1988/75/1930
f 1981/359/1931 1980/363/1931 1995/367/1931
f 1973/71/1932 1988/75/1932 1989/76/1932
f 1975/65/5182 1974/61/5182 1989/76/5182
f 1967/63/5183 1982/78/5183 1983/79/5183
f 1976/67/1937 1975/65/1937 1990/80/1937
f 1968/64/1938 1983/79/1938 1984/81/1938
f 1977/360/1939 1976/67/1939 1991/82/1939
f 1969/66/1940 1984/81/1940 1985/73/1940
f 1978/361/5184 1977/360/5184 1992/364/5184
f 1970/68/5185 1985/73/5185 1986/72/5185
f 1982/78/1943 1997/88/1943 1998/90/1943
f 1991/82/1944 1990/80/1944 2005/89/1944
f 1983/79/5186 1998/90/5186 1999/92/5186
f 1992/364/1946 1991/82/1946 2006/91/1946
f 1984/81/1947 1999/92/1947 2000/14/1947
f 1993/365/1948 1992/364/1948 2007/372/1948
f 1985/73/1949 2000/14/1949 2001/95/1949
f 1994/366/1950 1993/365/1950 2008/17/1950
f 1986/72/1951 2001/95/1951 2002/96/1951
f 1995/367/1952 1994/366/1952 2009/373/1952
f 1987/74/1953 2002/96/1953 2003/97/1953
f 1996/368/1954 1995/367/1954 2010/374/1954
f 1988/75/1955 2003/97/1955 2004/13/1955
f 1990/80/1958 1989/76/1958 2004/13/1958
f 2001/95/1959 2016/98/1959 2017/100/1959
f 2010/374/5187 2009/373/5187 2024/376/5187
f 2002/96/1961 2017/100/1961 2018/101/1961
f 2011/371/1962 2010/374/1962 2025/377/1962
f 2003/97/1963 2018/101/1963 2019/102/1963
f 2005/89/1966 2004/13/1966 2019/102/1966
f 1997/88/1967 2012/104/1967 2013/105/1967
f 2006/91/1968 2005/89/1968 2020/106/1968
f 1998/90/1969 2013/105/1969 2014/107/1969
f 2007/372/1970 2006/91/1970 2021/108/1970
f 1999/92/1971 2014/107/1971 2015/99/1971
f 2008/17/1972 2007/372/1972 2022/380/1972
f 2000/14/1973 2015/99/1973 2016/98/1973
f 2009/373/1974 2008/17/1974 2023/375/1974
f 2021/108/1975 2020/106/1975 2036/112/1975
f 2013/105/1976 2029/113/1976 2030/116/1976
f 2022/380/1977 2021/108/1977 2037/115/1977
f 2014/107/1978 2030/116/1978 2031/118/1978
f 2023/375/1979 2022/380/1979 2038/381/1979
f 2015/99/1980 2031/118/1980 2032/120/1980
f 2024/376/5188 2023/375/5188 2039/382/5188
f 2016/98/1982 2032/120/1982 2033/121/1982
f 2025/377/1983 2024/376/1983 2040/383/1983
f 2017/100/1984 2033/121/1984 2034/122/1984
f 2026/378/1985 2025/377/1985 2041/384/1985
f 2018/101/1986 2034/122/1986 2035/111/1986
f 2020/106/1989 2019/102/1989 2035/111/1989
f 2012/104/5189 2028/114/5189 2029/113/5189
f 2041/384/1991 2040/383/1991 2055/387/1991
f 2033/121/1992 2048/124/1992 2049/125/1992
f 2042/385/5190 2041/384/5190 2056/388/5190
f 2034/122/1994 2049/125/1994 2050/126/1994
f 2036/112/1997 2035/111/1997 2050/126/1997
f 2028/114/1998 2043/128/1998 2044/130/1998
f 2037/115/1999 2036/112/1999 2051/129/1999
f 2029/113/2000 2044/130/2000 2045/132/2000
f 2038/381/2001 2037/115/2001 2052/131/2001
f 2030/116/2002 2045/132/2002 2046/135/2002
f 2039/382/2003 2038/381/2003 2053/391/2003
f 2031/118/2004 2046/135/2004 2047/136/2004
f 2040/383/2005 2039/382/2005 2054/392/2005
f 2032/120/2006 2047/136/2006 2048/124/2006
f 2053/391/2007 2052/131/2007 2067/142/2007
f 2045/132/2008 2060/140/2008 2061/167/2008
f 2054/392/2009 2053/391/2009 2068/393/2009
f 2046/135/2010 2061/167/2010 2062/145/2010
f 2055/387/5191 2054/392/5191 2069/394/5191
f 2047/136/2012 2062/145/2012 2063/146/2012
f 2056/388/2013 2055/387/2013 2070/395/2013
f 2048/124/2014 2063/146/2014 2064/149/2014
f 2057/389/2015 2056/388/2015 2071/396/2015
f 2049/125/2016 2064/149/2016 2065/150/2016
f 2051/129/2019 2050/126/2019 2065/150/2019
f 2043/128/2020 2058/153/2020 2059/141/2020
f 2052/131/2021 2051/129/2021 2066/137/2021
f 2044/130/2022 2059/141/2022 2060/140/2022
f 2071/396/2023 2086/399/2023 2087/402/2023
f 2065/150/2024 2064/149/2024 2079/401/2024
f 2065/150/2027 2080/403/2027 2081/405/2027
f 2059/141/2028 2058/153/2028 2073/157/2028
f 2066/137/2029 2081/405/2029 2082/406/2029
f 2060/140/2030 2059/141/2030 2074/159/2030
f 2067/142/2031 2082/406/2031 2083/408/2031
f 2061/167/2032 2060/140/2032 2075/407/2032
f 2068/393/2033 2083/408/2033 2084/410/2033
f 2062/145/2034 2061/167/2034 2076/409/2034
f 2069/394/5192 2084/410/5192 2085/412/5192
f 2063/146/2036 2062/145/2036 2077/411/2036
f 2070/395/2037 2085/412/2037 2086/399/2037
f 2064/149/2038 2063/146/2038 2078/400/2038
f 2076/409/2039 2075/407/2039 2090/414/2039
f 2083/408/2040 2098/415/2040 2099/417/2040
f 2077/411/2041 2076/409/2041 2091/416/2041
f 2084/410/2042 2099/417/2042 2100/419/2042
f 2078/400/2043 2077/411/2043 2092/418/2043
f 2085/412/2044 2100/419/2044 2101/421/2044
f 2079/401/2045 2078/400/2045 2093/420/2045
f 2086/399/5193 2101/421/5193 2102/423/5193
f 2080/403/2047 2079/401/2047 2094/422/2047
f 2080/403/2050 2095/424/2050 2096/426/2050
f 2074/159/2051 2073/157/2051 2088/170/2051
f 2081/405/2052 2096/426/2052 2097/427/2052
f 2075/407/2053 2074/159/2053 2089/413/2053
f 2082/406/2054 2097/427/2054 2098/415/2054
f 2095/424/2055 2094/422/2055 2109/429/2055
f 2095/424/2058 2110/431/2058 2111/435/2058
f 2089/413/5194 2088/170/5194 2103/433/5194
f 2096/426/2060 2111/435/2060 2112/437/2060
f 2090/414/2061 2089/413/2061 2104/436/2061
f 2097/427/2062 2112/437/2062 2113/439/2062
f 2091/416/2063 2090/414/2063 2105/438/2063
f 2098/415/2064 2113/439/2064 2114/441/2064
f 2092/418/2065 2091/416/2065 2106/440/2065
f 2099/417/5195 2114/441/5195 2115/443/5195
f 2093/420/2067 2092/418/2067 2107/442/2067
f 2100/419/2068 2115/443/2068 2116/444/2068
f 2094/422/2069 2093/420/2069 2108/428/2069
f 2101/421/2070 2116/444/2070 2117/430/2070
f 2113/439/2071 2128/445/2071 2129/7/2071
f 2107/442/2072 2106/440/2072 2121/447/2072
f 2114/441/2073 2129/7/2073 2130/449/2073
f 2108/428/2074 2107/442/2074 2122/448/2074
f 2115/443/2075 2130/449/2075 2131/451/2075
f 2109/429/2076 2108/428/2076 2123/450/2076
f 2116/444/2077 2131/451/2077 2132/453/2077
f 2110/431/2078 2109/429/2078 2124/452/2078
f 2110/431/2081 2125/454/2081 2126/457/2081
f 2104/436/2082 2103/433/2082 2118/455/2082
f 2111/435/2083 2126/457/2083 2127/459/2083
f 2105/438/2084 2104/436/2084 2119/458/2084
f 2112/437/2085 2127/459/2085 2128/445/2085
f 2106/440/2086 2105/438/2086 2120/446/2086
f 2125/454/2089 2140/462/2089 2141/465/2089
f 2119/458/2090 2118/455/2090 2133/463/2090
f 2126/457/2091 2141/465/2091 2142/467/2091
f 2120/446/2092 2119/458/2092 2134/466/2092
f 2127/459/2093 2142/467/2093 2143/469/2093
f 2121/447/2094 2120/446/2094 2135/468/2094
f 2128/445/2095 2143/469/2095 2144/471/2095
f 2122/448/2096 2121/447/2096 2136/470/2096
f 2129/7/2097 2144/471/2097 2145/473/2097
f 2123/450/2098 2122/448/2098 2137/472/2098
f 2130/449/2099 2145/473/2099 2146/475/2099
f 2124/452/2100 2123/450/2100 2138/474/2100
f 2131/451/2101 2146/475/2101 2147/460/2101
f 2125/454/2102 2124/452/2102 2139/461/2102
f 2137/472/5196 2136/470/5196 2151/477/5196
f 2144/471/2104 2159/476/2104 2160/479/2104
f 2138/474/2105 2137/472/2105 2152/478/2105
f 2145/473/2106 2160/479/2106 2161/481/2106
f 2139/461/2107 2138/474/2107 2153/480/2107
f 2146/475/2108 2161/481/2108 2162/483/2108
f 2140/462/2109 2139/461/2109 2154/482/2109
f 2140/462/5197 2155/484/5197 2156/487/5197
f 2134/466/5198 2133/463/5198 2148/485/5198
f 2141/465/2114 2156/487/2114 2157/489/2114
f 2135/468/2115 2134/466/2115 2149/488/2115
f 2142/467/2116 2157/489/2116 2158/491/2116
f 2136/470/2117 2135/468/2117 2150/490/2117
f 2143/469/5199 2158/491/5199 2159/476/5199
f 2155/484/2119 2170/507/2119 2171/495/2119
f 2149/488/5200 2148/485/5200 2163/492/5200
f 2156/487/2121 2171/495/2121 2172/497/2121
f 2150/490/2122 2149/488/2122 2164/496/2122
f 2157/489/2123 2172/497/2123 2173/499/2123
f 2151/477/2124 2150/490/2124 2165/498/2124
f 2158/491/5201 2173/499/5201 2174/501/5201
f 2152/478/2126 2151/477/2126 2166/500/2126
f 2159/476/2127 2174/501/2127 2175/503/2127
f 2153/480/2128 2152/478/2128 2167/502/2128
f 2160/479/5202 2175/503/5202 2176/505/5202
f 2154/482/2130 2153/480/2130 2168/504/2130
f 2161/481/5203 2176/505/5203 2177/494/5203
f 2155/484/2132 2154/482/2132 2169/506/2132
f 2174/501/5204 2189/524/5204 2190/510/5204
f 2168/504/5205 2167/502/5205 2182/509/5205
f 2175/503/2137 2190/510/2137 2191/512/2137
f 2169/506/2138 2168/504/2138 2183/511/2138
f 2176/505/5206 2191/512/5206 2192/514/5206
f 2170/507/2140 2169/506/2140 2184/513/2140
f 2170/507/2143 2185/515/2143 2186/519/2143
f 2164/496/5207 2163/492/5207 2178/517/5207
f 2171/495/2145 2186/519/2145 2187/521/2145
f 2165/498/5208 2164/496/5208 2179/520/5208
f 2172/497/2147 2187/521/2147 2188/523/2147
f 2166/500/2148 2165/498/2148 2180/522/2148
f 2173/499/2149 2188/523/2149 2189/524/2149
f 2167/502/2150 2166/500/2150 2181/508/2150
f 2187/521/2151 2186/519/2151 2201/526/2151
f 2179/520/5209 2194/527/5209 2195/529/5209
f 2188/523/2153 2187/521/2153 2202/528/2153
f 2180/522/5210 2195/529/5210 2196/531/5210
f 2189/524/2155 2188/523/2155 2203/530/2155
f 2181/508/2156 2196/531/2156 2197/533/2156
f 2190/510/2157 2189/524/2157 2204/532/2157
f 2182/509/2158 2197/533/2158 2198/535/2158
f 2191/512/2159 2190/510/2159 2205/534/2159
f 2183/511/2160 2198/535/2160 2199/537/2160
f 2192/514/5211 2191/512/5211 2206/536/5211
f 2184/513/2162 2199/537/2162 2200/525/2162
f 2186/519/2165 2185/515/2165 2200/525/2165
f 2178/517/5212 2193/539/5212 2194/527/5212
f 2206/536/5213 2205/534/5213 2220/542/5213
f 2198/535/2168 2213/543/2168 2214/545/2168
f 2207/538/5214 2206/536/5214 2221/544/5214
f 2199/537/2170 2214/545/2170 2215/547/2170
f 2201/526/2173 2200/525/2173 2215/547/2173
f 2193/539/5215 2208/548/5215 2209/551/5215
f 2202/528/2175 2201/526/2175 2216/550/2175
f 2194/527/2176 2209/551/2176 2210/553/2176
f 2203/530/2177 2202/528/2177 2217/552/2177
f 2195/529/2178 2210/553/2178 2211/555/2178
f 2204/532/2179 2203/530/2179 2218/554/2179
f 2196/531/2180 2211/555/2180 2212/556/2180
f 2205/534/2181 2204/532/2181 2219/541/2181
f 2197/533/2182 2212/556/2182 2213/543/2182
f 2209/551/5216 2224/557/5216 2225/560/5216
f 2218/554/2184 2217/552/2184 2232/559/2184
f 2210/553/2185 2225/560/2185 2226/562/2185
f 2219/541/2186 2218/554/2186 2233/561/2186
f 2211/555/2187 2226/562/2187 2227/564/2187
f 2220/542/2188 2219/541/2188 2234/563/2188
f 2212/556/2189 2227/564/2189 2228/566/2189
f 2221/544/5217 2220/542/5217 2235/565/5217
f 2213/543/2191 2228/566/2191 2229/568/2191
f 2222/546/5218 2221/544/5218 2236/567/5218
f 2214/545/5219 2229/568/5219 2230/570/5219
f 2216/550/2196 2215/547/2196 2230/570/2196
f 2208/548/2197 2223/571/2197 2224/557/2197
f 2217/552/2198 2216/550/2198 2231/558/2198
f 2228/566/2199 2243/573/2199 2244/576/2199
f 2237/569/2200 2236/567/2200 2251/575/2200
f 2229/568/2201 2244/576/2201 2245/578/2201
f 2231/558/2204 2230/570/2204 2245/578/2204
f 2223/571/2205 2238/579/2205 2239/582/2205
f 2232/559/2206 2231/558/2206 2246/581/2206
f 2224/557/2207 2239/582/2207 2240/584/2207
f 2233/561/2208 2232/559/2208 2247/583/2208
f 2225/560/5220 2240/584/5220 2241/586/5220
f 2234/563/2210 2233/561/2210 2248/585/2210
f 2226/562/2211 2241/586/2211 2242/588/2211
f 2235/565/2212 2234/563/2212 2249/587/2212
f 2227/564/2213 2242/588/2213 2243/573/2213
f 2236/567/5221 2235/565/5221 2250/574/5221
f 2248/585/2215 2247/583/2215 2263/590/2215
f 2240/584/5222 2256/591/5222 2257/593/5222
f 2249/587/2217 2248/585/2217 2264/592/2217
f 2241/586/2218 2257/593/2218 2258/595/2218
f 2250/574/5223 2249/587/5223 2265/594/5223
f 2242/588/2220 2258/595/2220 2259/597/2220
f 2251/575/2221 2250/574/2221 2266/596/2221
f 2243/573/2222 2259/597/2222 2260/599/2222
f 2252/577/2223 2251/575/2223 2267/598/2223
f 2244/576/2224 2260/599/2224 2261/601/2224
f 2246/581/2227 2245/578/2227 2261/601/2227
f 2238/579/2228 2254/602/2228 2255/604/2228
f 2247/583/2229 2246/581/2229 2262/589/2229
f 2239/582/5224 2255/604/5224 2256/591/5224
f 2268/600/5225 2267/598/5225 2282/606/5225
f 2260/599/2232 2275/607/2232 2276/609/2232
f 2262/589/2235 2261/601/2235 2276/609/2235
f 2254/602/2236 2269/205/2236 2270/612/2236
f 2263/590/2237 2262/589/2237 2277/611/2237
f 2255/604/5226 2270/612/5226 2271/614/5226
f 2264/592/2239 2263/590/2239 2278/613/2239
f 2256/591/5227 2271/614/5227 2272/616/5227
f 2265/594/2241 2264/592/2241 2279/615/2241
f 2257/593/2242 2272/616/2242 2273/618/2242
f 2266/596/5228 2265/594/5228 2280/617/5228
f 2258/595/5229 2273/618/5229 2274/619/5229
f 2267/598/2245 2266/596/2245 2281/605/2245
f 2259/597/2246 2274/619/2246 2275/607/2246
f 2271/614/2247 2286/633/2247 2287/620/2247
f 2280/617/5230 2279/615/5230 2294/621/5230
f 2272/616/2249 2287/620/2249 2288/624/2249
f 2281/605/2250 2280/617/2250 2295/622/2250
f 2273/618/2251 2288/624/2251 2289/626/2251
f 2282/606/2252 2281/605/2252 2296/623/2252
f 2274/619/2253 2289/626/2253 2290/628/2253
f 2283/608/5231 2282/606/5231 2297/625/5231
f 2275/607/2255 2290/628/2255 2291/630/2255
f 2277/611/2258 2276/609/2258 2291/630/2258
f 2269/205/2259 2284/212/2259 2285/209/2259
f 2278/613/2260 2277/611/2260 2292/631/2260
f 2270/612/2261 2285/209/2261 2286/633/2261
f 2279/615/2262 2278/613/2262 2293/632/2262
f 2290/628/2263 2305/216/2263 2306/222/2263
f 2292/631/2266 2291/630/2266 2306/222/2266
f 2284/212/5232 2299/219/5232 2300/227/5232
f 2293/632/2268 2292/631/2268 2307/221/2268
f 2285/209/2269 2300/227/2269 2301/226/2269
f 2294/621/2270 2293/632/2270 2308/223/2270
f 2286/633/5233 2301/226/5233 2302/229/5233
f 2295/622/2272 2294/621/2272 2309/636/2272
f 2287/620/2273 2302/229/2273 2303/233/2273
f 2296/623/2274 2295/622/2274 2310/637/2274
f 2288/624/2275 2303/233/2275 2304/214/2275
f 2297/625/2276 2296/623/2276 2311/638/2276
f 2289/626/2277 2304/214/2277 2305/216/2277
f 2298/627/2278 2297/625/2278 2312/639/2278
f 2309/640/2279 2324/650/2279 2325/641/2279
f 2303/249/2280 2302/246/2280 2317/240/2280
f 2310/642/2281 2325/641/2281 2326/643/2281
f 2304/248/2282 2303/249/2282 2318/245/2282
f 2311/644/2283 2326/643/2283 2327/645/2283
f 2305/252/2284 2304/248/2284 2319/250/2284
f 2312/646/2285 2327/645/2285 2328/647/2285
f 2306/255/2286 2305/252/2286 2320/253/2286
f 2306/255/2289 2321/256/2289 2322/261/2289
f 2300/264/2290 2299/258/2290 2314/259/2290
f 2307/262/2291 2322/261/2291 2323/237/2291
f 2301/244/2292 2300/264/2292 2315/265/2292
f 2308/235/2293 2323/237/2293 2324/650/2293
f 2302/246/5234 2301/244/5234 2316/243/5234
f 2321/256/2296 2336/269/2296 2337/270/2296
f 2315/265/2297 2314/259/2297 2329/268/2297
f 2322/261/2298 2337/270/2298 2338/272/2298
f 2316/243/2299 2315/265/2299 2330/271/2299
f 2323/237/2300 2338/272/2300 2339/653/2300
f 2317/240/2301 2316/243/2301 2331/273/2301
f 2324/650/5235 2339/653/5235 2340/654/5235
f 2318/245/2303 2317/240/2303 2332/275/2303
f 2325/641/2304 2340/654/2304 2341/655/2304
f 2319/250/2305 2318/245/2305 2333/279/2305
f 2326/643/2306 2341/655/2306 2342/656/2306
f 2320/253/2307 2319/250/2307 2334/280/2307
f 2327/645/5236 2342/656/5236 2343/652/5236
f 2321/256/2309 2320/253/2309 2335/266/2309
f 2340/654/2311 2355/662/2311 2356/657/2311
f 2334/280/5237 2333/279/5237 2348/282/5237
f 2341/655/2313 2356/657/2313 2357/658/2313
f 2335/266/2314 2334/280/2314 2349/283/2314
f 2342/656/5238 2357/658/5238 2358/659/5238
f 2336/269/2316 2335/266/2316 2350/284/2316
f 2336/269/2319 2351/287/2319 2352/289/2319
f 2330/271/2320 2329/268/2320 2344/286/2320
f 2337/270/2321 2352/289/2321 2353/290/2321
f 2331/273/5239 2330/271/5239 2345/288/5239
f 2338/272/2323 2353/290/2323 2354/661/2323
f 2332/275/5240 2331/273/5240 2346/291/5240
f 2339/653/2325 2354/661/2325 2355/662/2325
f 2333/279/2326 2332/275/2326 2347/281/2326
f 2345/288/2327 2344/286/2327 2359/293/2327
f 2352/289/2328 2367/311/2328 2368/296/2328
f 2346/291/2329 2345/288/2329 2360/295/2329
f 2353/290/2330 2368/296/2330 2369/663/2330
f 2347/281/5241 2346/291/5241 2361/297/5241
f 2354/661/2332 2369/663/2332 2370/664/2332
f 2348/282/2333 2347/281/2333 2362/301/2333
f 2355/662/5242 2370/664/5242 2371/665/5242
f 2349/283/2335 2348/282/2335 2363/302/2335
f 2356/657/2336 2371/665/2336 2372/666/2336
f 2350/284/2337 2349/283/2337 2364/303/2337
f 2357/658/2338 2372/666/2338 2373/667/2338
f 2351/287/2339 2350/284/2339 2365/304/2339
f 2351/287/2342 2366/294/2342 2367/311/2342
f 2364/303/2343 2363/302/2343 2378/306/2343
f 2371/665/2344 2386/669/2344 2387/670/2344
f 2365/304/2345 2364/303/2345 2379/307/2345
f 2372/666/2346 2387/670/2346 2388/671/2346
f 2366/294/2347 2365/304/2347 2380/308/2347
f 2366/294/2350 2381/312/2350 2382/314/2350
f 2360/295/5243 2359/293/5243 2374/310/5243
f 2367/311/2352 2382/314/2352 2383/323/2352
f 2361/297/2353 2360/295/2353 2375/313/2353
f 2368/296/5244 2383/323/5244 2384/673/5244
f 2362/301/5245 2361/297/5245 2376/317/5245
f 2369/663/2356 2384/673/2356 2385/674/2356
f 2363/302/2357 2362/301/2357 2377/305/2357
f 2370/664/2358 2385/674/2358 2386/669/2358
f 2382/314/2359 2397/319/2359 2398/322/2359
f 2376/317/5246 2375/313/5246 2390/321/5246
f 2383/323/2361 2398/322/2361 2399/675/2361
f 2377/305/2362 2376/317/2362 2391/324/2362
f 2384/673/2363 2399/675/2363 2400/676/2363
f 2378/306/5247 2377/305/5247 2392/327/5247
f 2385/674/2365 2400/676/2365 2401/677/2365
f 2379/307/2366 2378/306/2366 2393/328/2366
f 2386/669/5248 2401/677/5248 2402/678/5248
f 2380/308/2368 2379/307/2368 2394/329/2368
f 2387/670/5249 2402/678/5249 2403/679/5249
f 2381/312/2370 2380/308/2370 2395/330/2370
f 2381/312/2373 2396/334/2373 2397/319/2373
f 2375/313/5250 2374/310/5250 2389/320/5250
f 2401/677/5251 2416/686/5251 2417/681/5251
f 2395/330/2376 2394/329/2376 2409/333/2376
f 2402/678/2377 2417/681/2377 2418/682/2377
f 2396/334/2378 2395/330/2378 2410/335/2378
f 2396/334/2381 2411/338/2381 2412/345/2381
f 2390/321/5252 2389/320/5252 2404/337/5252
f 2397/319/2383 2412/345/2383 2413/340/2383
f 2391/324/5253 2390/321/5253 2405/339/5253
f 2398/322/2385 2413/340/2385 2414/684/2385
f 2392/327/2386 2391/324/2386 2406/341/2386
f 2399/675/2387 2414/684/2387 2415/685/2387
f 2393/328/2388 2392/327/2388 2407/344/2388
f 2400/676/2389 2415/685/2389 2416/686/2389
f 2394/329/2390 2393/328/2390 2408/332/2390
f 2406/341/2391 2405/339/2391 2420/43/2391
f 2413/340/2392 2423/41/2392 1951/347/2392
f 2407/344/5254 2406/341/5254 1946/50/5254
f 2414/684/2394 1951/347/2394 2424/349/2394
f 2408/332/5255 2407/344/5255 2421/51/5255
f 2415/685/2396 2424/349/2396 2425/351/2396
f 2409/333/5256 2408/332/5256 1947/56/5256
f 2416/686/2398 2425/351/2398 2426/353/2398
f 2410/335/5257 2409/333/5257 2422/57/5257
f 2417/681/2400 2426/353/2400 2427/355/2400
f 2411/338/2401 2410/335/2401 1948/59/2401
f 2411/338/2404 1949/37/2404 1950/35/2404
f 2405/339/5258 2404/337/5258 2419/38/5258
f 2412/345/2406 1950/35/2406 2423/41/2406
f 2429/56/2407 2903/51/2407 2437/49/2407
f 2907/351/2408 2906/349/2408 2445/350/2408
f 2904/57/2409 2429/56/2409 2438/54/2409
f 2908/353/2410 2907/351/2410 2446/352/2410
f 2430/59/2411 2904/57/2411 2439/55/2411
f 2909/355/5259 2908/353/5259 2447/354/5259
f 2431/37/2413 2430/59/2413 2440/58/2413
f 2432/35/5260 2431/37/5260 2441/36/5260
f 2902/43/2417 2901/38/2417 2434/40/2417
f 2905/41/2418 2432/35/2418 2442/42/2418
f 2428/50/2419 2902/43/2419 2435/39/2419
f 2433/347/2420 2905/41/2420 2443/45/2420
f 2903/51/2421 2428/50/2421 2436/44/2421
f 2906/349/2422 2433/347/2422 2444/348/2422
f 2437/49/5261 2436/44/5261 2451/66/5261
f 2444/348/2424 2443/45/2424 2458/67/2424
f 2438/54/2425 2437/49/2425 2452/68/2425
f 2445/350/5262 2444/348/5262 2459/360/5262
f 2439/55/2427 2438/54/2427 2453/69/2427
f 2446/352/2428 2445/350/2428 2460/361/2428
f 2440/58/2429 2439/55/2429 2454/70/2429
f 2447/354/2430 2446/352/2430 2461/362/2430
f 2441/36/2431 2440/58/2431 2455/71/2431
f 2448/356/5263 2447/354/5263 2462/363/5263
f 2442/42/2434 2441/36/2434 2456/61/2434
f 2434/40/5264 2449/63/5264 2450/64/5264
f 2436/44/5265 2435/39/5265 2450/64/5265
f 2443/45/2438 2442/42/2438 2457/65/2438
f 2455/71/2439 2454/70/2439 2469/74/2439
f 2463/359/5266 2462/363/5266 2477/367/5266
f 2456/61/2441 2455/71/2441 2470/75/2441
f 2457/65/2444 2456/61/2444 2471/76/2444
f 2449/63/2445 2464/78/2445 2465/79/2445
f 2458/67/2446 2457/65/2446 2472/80/2446
f 2450/64/2447 2465/79/2447 2466/81/2447
f 2459/360/2448 2458/67/2448 2473/82/2448
f 2452/68/2449 2451/66/2449 2466/81/2449
f 2460/361/2450 2459/360/2450 2474/364/2450
f 2453/69/2451 2452/68/2451 2467/73/2451
f 2461/362/2452 2460/361/2452 2475/365/2452
f 2454/70/5267 2453/69/5267 2468/72/5267
f 2462/363/2454 2461/362/2454 2476/366/2454
f 2474/364/5268 2473/82/5268 2488/91/5268
f 2467/73/2456 2466/81/2456 2481/92/2456
f 2475/365/2457 2474/364/2457 2489/372/2457
f 2468/72/2458 2467/73/2458 2482/14/2458
f 2476/366/2459 2475/365/2459 2490/17/2459
f 2469/74/2460 2468/72/2460 2483/95/2460
f 2477/367/2461 2476/366/2461 2491/373/2461
f 2470/75/2462 2469/74/2462 2484/96/2462
f 2478/368/5269 2477/367/5269 2492/374/5269
f 2471/76/2464 2470/75/2464 2485/97/2464
f 2472/80/2467 2471/76/2467 2486/13/2467
f 2464/78/5270 2479/88/5270 2480/90/5270
f 2473/82/2469 2472/80/2469 2487/89/2469
f 2465/79/2470 2480/90/2470 2481/92/2470
f 2493/371/5271 2492/374/5271 2507/377/5271
f 2486/13/2472 2485/97/2472 2500/101/2472
f 2487/89/2475 2486/13/2475 2501/102/2475
f 2479/88/2476 2494/104/2476 2495/105/2476
f 2488/91/2477 2487/89/2477 2502/106/2477
f 2480/90/2478 2495/105/2478 2496/107/2478
f 2489/372/5272 2488/91/5272 2503/108/5272
f 2481/92/5273 2496/107/5273 2497/99/5273
f 2490/17/2481 2489/372/2481 2504/380/2481
f 2483/95/2482 2482/14/2482 2497/99/2482
f 2491/373/2483 2490/17/2483 2505/375/2483
f 2484/96/2484 2483/95/2484 2498/98/2484
f 2492/374/2485 2491/373/2485 2506/376/2485
f 2485/97/2486 2484/96/2486 2499/100/2486
f 2505/375/2487 2504/380/2487 2520/381/2487
f 2498/98/2488 2497/99/2488 2513/118/2488
f 2506/376/2489 2505/375/2489 2521/382/2489
f 2499/100/2490 2498/98/2490 2514/120/2490
f 2507/377/2491 2506/376/2491 2522/383/2491
f 2500/101/5274 2499/100/5274 2515/121/5274
f 2508/378/5275 2507/377/5275 2523/384/5275
f 2501/102/2494 2500/101/2494 2516/122/2494
f 2502/106/2497 2501/102/2497 2517/111/2497
f 2494/104/5276 2510/114/5276 2511/113/5276
f 2503/108/2499 2502/106/2499 2518/112/2499
f 2495/105/2500 2511/113/2500 2512/116/2500
f 2504/380/2501 2503/108/2501 2519/115/2501
f 2496/107/2502 2512/116/2502 2513/118/2502
f 2518/112/2505 2517/111/2505 2532/126/2505
f 2510/114/2506 2525/128/2506 2526/130/2506
f 2519/115/2507 2518/112/2507 2533/129/2507
f 2511/113/2508 2526/130/2508 2527/132/2508
f 2520/381/2509 2519/115/2509 2534/131/2509
f 2512/116/2510 2527/132/2510 2528/135/2510
f 2521/382/2511 2520/381/2511 2535/391/2511
f 2514/120/2512 2513/118/2512 2528/135/2512
f 2522/383/5277 2521/382/5277 2536/392/5277
f 2515/121/5278 2514/120/5278 2529/136/5278
f 2523/384/5279 2522/383/5279 2537/387/5279
f 2516/122/2516 2515/121/2516 2530/124/2516
f 2524/385/2517 2523/384/2517 2538/388/2517
f 2517/111/2518 2516/122/2518 2531/125/2518
f 2529/136/2519 2528/135/2519 2543/167/2519
f 2537/387/2520 2536/392/2520 2551/394/2520
f 2530/124/2521 2529/136/2521 2544/145/2521
f 2538/388/2522 2537/387/2522 2552/395/2522
f 2531/125/2523 2530/124/2523 2545/146/2523
f 2539/389/2524 2538/388/2524 2553/396/2524
f 2532/126/2525 2531/125/2525 2546/149/2525
f 2533/129/2528 2532/126/2528 2547/150/2528
f 2525/128/2529 2540/153/2529 2541/141/2529
f 2534/131/2530 2533/129/2530 2548/137/2530
f 2526/130/2531 2541/141/2531 2542/140/2531
f 2535/391/2532 2534/131/2532 2549/142/2532
f 2527/132/2533 2542/140/2533 2543/167/2533
f 2536/392/5280 2535/391/5280 2550/393/5280
f 2547/150/2535 2562/403/2535 2563/405/2535
f 2541/141/2536 2540/153/2536 2555/157/2536
f 2548/137/2537 2563/405/2537 2564/406/2537
f 2542/140/2538 2541/141/2538 2556/159/2538
f 2549/142/2539 2564/406/2539 2565/408/2539
f 2543/167/2540 2542/140/2540 2557/407/2540
f 2550/393/2541 2565/408/2541 2566/410/2541
f 2543/167/2542 2558/409/2542 2559/411/2542
f 2551/394/2543 2566/410/2543 2567/412/2543
f 2544/145/2544 2559/411/2544 2560/400/2544
f 2552/395/2545 2567/412/2545 2568/399/2545
f 2545/146/2546 2560/400/2546 2561/401/2546
f 2553/396/2547 2568/399/2547 2569/402/2547
f 2546/149/2548 2561/401/2548 2562/403/2548
f 2566/410/5281 2581/417/5281 2582/419/5281
f 2559/411/2552 2574/418/2552 2575/420/2552
f 2567/412/5282 2582/419/5282 2583/421/5282
f 2560/400/2554 2575/420/2554 2576/422/2554
f 2568/399/2555 2583/421/2555 2584/423/2555
f 2561/401/2556 2576/422/2556 2577/424/2556
f 2562/403/2559 2577/424/2559 2578/426/2559
f 2556/159/2560 2555/157/2560 2570/170/2560
f 2563/405/2561 2578/426/2561 2579/427/2561
f 2557/407/2562 2556/159/2562 2571/413/2562
f 2564/406/2563 2579/427/2563 2580/415/2563
f 2558/409/2564 2557/407/2564 2572/414/2564
f 2565/408/2565 2580/415/2565 2581/417/2565
f 2558/409/2566 2573/416/2566 2574/418/2566
f 2571/413/5283 2570/170/5283 2585/433/5283
f 2578/426/2568 2593/435/2568 2594/437/2568
f 2572/414/2569 2571/413/2569 2586/436/2569
f 2579/427/2570 2594/437/2570 2595/439/2570
f 2573/416/2571 2572/414/2571 2587/438/2571
f 2580/415/2572 2595/439/2572 2596/441/2572
f 2573/416/2573 2588/440/2573 2589/442/2573
f 2581/417/2574 2596/441/2574 2597/443/2574
f 2574/418/2575 2589/442/2575 2590/428/2575
f 2582/419/2576 2597/443/2576 2598/444/2576
f 2575/420/2577 2590/428/2577 2591/429/2577
f 2583/421/5284 2598/444/5284 2599/430/5284
f 2576/422/2579 2591/429/2579 2592/431/2579
f 2577/424/2582 2592/431/2582 2593/435/2582
f 2589/442/2583 2604/448/2583 2605/450/2583
f 2597/443/2584 2612/449/2584 2613/451/2584
f 2590/428/2585 2605/450/2585 2606/452/2585
f 2598/444/2586 2613/451/2586 2614/453/2586
f 2591/429/2587 2606/452/2587 2607/454/2587
f 2592/431/2590 2607/454/2590 2608/457/2590
f 2586/436/2591 2585/433/2591 2600/455/2591
f 2593/435/2592 2608/457/2592 2609/459/2592
f 2587/438/2593 2586/436/2593 2601/458/2593
f 2594/437/5285 2609/459/5285 2610/445/5285
f 2588/440/2595 2587/438/2595 2602/446/2595
f 2595/439/2596 2610/445/2596 2611/7/2596
f 2588/440/2597 2603/447/2597 2604/448/2597
f 2596/441/2598 2611/7/2598 2612/449/2598
f 2608/457/5286 2623/465/5286 2624/467/5286
f 2602/446/2600 2601/458/2600 2616/466/2600
f 2609/459/5287 2624/467/5287 2625/469/5287
f 2602/446/2602 2617/468/2602 2618/470/2602
f 2610/445/2603 2625/469/2603 2626/471/2603
f 2603/447/2604 2618/470/2604 2619/472/2604
f 2611/7/2605 2626/471/2605 2627/473/2605
f 2604/448/2606 2619/472/2606 2620/474/2606
f 2612/449/2607 2627/473/2607 2628/475/2607
f 2605/450/2608 2620/474/2608 2621/461/2608
f 2613/451/2609 2628/475/2609 2629/460/2609
f 2606/452/2610 2621/461/2610 2622/462/2610
f 2607/454/2613 2622/462/2613 2623/465/2613
f 2601/458/5288 2600/455/5288 2615/463/5288
f 2627/473/5289 2642/479/5289 2643/481/5289
f 2620/474/2616 2635/480/2616 2636/482/2616
f 2628/475/5290 2643/481/5290 2644/483/5290
f 2621/461/2618 2636/482/2618 2637/484/2618
f 2622/462/2621 2637/484/2621 2638/487/2621
f 2616/466/2622 2615/463/2622 2630/485/2622
f 2623/465/2623 2638/487/2623 2639/489/2623
f 2617/468/2624 2616/466/2624 2631/488/2624
f 2624/467/2625 2639/489/2625 2640/491/2625
f 2617/468/2626 2632/490/2626 2633/477/2626
f 2625/469/2627 2640/491/2627 2641/476/2627
f 2618/470/2628 2633/477/2628 2634/478/2628
f 2626/471/2629 2641/476/2629 2642/479/2629
f 2619/472/2630 2634/478/2630 2635/480/2630
f 2639/489/2631 2654/497/2631 2655/499/2631
f 2632/490/5291 2647/498/5291 2648/500/5291
f 2640/491/2633 2655/499/2633 2656/501/2633
f 2633/477/2634 2648/500/2634 2649/502/2634
f 2641/476/2635 2656/501/2635 2657/503/2635
f 2634/478/2636 2649/502/2636 2650/504/2636
f 2642/479/2637 2657/503/2637 2658/505/2637
f 2635/480/2638 2650/504/2638 2651/506/2638
f 2643/481/5292 2658/505/5292 2659/494/5292
f 2636/482/2640 2651/506/2640 2652/507/2640
f 2637/484/2643 2652/507/2643 2653/495/2643
f 2631/488/5293 2630/485/5293 2645/492/5293
f 2638/487/2645 2653/495/2645 2654/497/2645
f 2631/488/5294 2646/496/5294 2647/498/5294
f 2658/505/5295 2673/512/5295 2674/514/5295
f 2651/506/2648 2666/513/2648 2667/515/2648
f 2652/507/2651 2667/515/2651 2668/519/2651
f 2645/492/2652 2660/517/2652 2661/520/2652
f 2653/495/2653 2668/519/2653 2669/521/2653
f 2646/496/2654 2661/520/2654 2662/522/2654
f 2654/497/2655 2669/521/2655 2670/523/2655
f 2647/498/2656 2662/522/2656 2663/508/2656
f 2655/499/2657 2670/523/2657 2671/524/2657
f 2648/500/2658 2663/508/2658 2664/509/2658
f 2656/501/2659 2671/524/2659 2672/510/2659
f 2649/502/2660 2664/509/2660 2665/511/2660
f 2657/503/2661 2672/510/2661 2673/512/2661
f 2650/504/2662 2665/511/2662 2666/513/2662
f 2662/522/2663 2677/529/2663 2678/531/2663
f 2670/523/2664 2685/530/2664 2686/532/2664
f 2663/508/2665 2678/531/2665 2679/533/2665
f 2671/524/2666 2686/532/2666 2687/534/2666
f 2664/509/2667 2679/533/2667 2680/535/2667
f 2672/510/5296 2687/534/5296 2688/536/5296
f 2665/511/2669 2680/535/2669 2681/537/2669
f 2673/512/5297 2688/536/5297 2689/538/5297
f 2666/513/2671 2681/537/2671 2682/525/2671
f 2667/515/2674 2682/525/2674 2683/526/2674
f 2660/517/2675 2675/539/2675 2676/527/2675
f 2668/519/2676 2683/526/2676 2684/528/2676
f 2661/520/5298 2676/527/5298 2677/529/5298
f 2669/521/2678 2684/528/2678 2685/530/2678
f 2681/537/2679 2696/545/2679 2697/547/2679
f 2682/525/2682 2697/547/2682 2698/550/2682
f 2675/539/5299 2690/548/5299 2691/551/5299
f 2683/526/2684 2698/550/2684 2699/552/2684
f 2676/527/2685 2691/551/2685 2692/553/2685
f 2684/528/2686 2699/552/2686 2700/554/2686
f 2677/529/2687 2692/553/2687 2693/555/2687
f 2685/530/2688 2700/554/2688 2701/541/2688
f 2678/531/5300 2693/555/5300 2694/556/5300
f 2686/532/5301 2701/541/5301 2702/542/5301
f 2679/533/2691 2694/556/2691 2695/543/2691
f 2687/534/2692 2702/542/2692 2703/544/2692
f 2680/535/2693 2695/543/2693 2696/545/2693
f 2689/538/2694 2688/536/2694 2703/544/2694
f 2700/554/2695 2715/561/2695 2716/563/2695
f 2693/555/2696 2708/562/2696 2709/564/2696
f 2701/541/2697 2716/563/2697 2717/565/2697
f 2694/556/2698 2709/564/2698 2710/566/2698
f 2703/544/5302 2702/542/5302 2717/565/5302
f 2695/543/5303 2710/566/5303 2711/568/5303
f 2704/546/2701 2703/544/2701 2718/567/2701
f 2696/545/2702 2711/568/2702 2712/570/2702
f 2697/547/2705 2712/570/2705 2713/558/2705
f 2690/548/5304 2705/571/5304 2706/557/5304
f 2698/550/2707 2713/558/2707 2714/559/2707
f 2691/551/2708 2706/557/2708 2707/560/2708
f 2699/552/5305 2714/559/5305 2715/561/5305
f 2692/553/2710 2707/560/2710 2708/562/2710
f 2712/570/2713 2727/578/2713 2728/581/2713
f 2705/571/5306 2720/579/5306 2721/582/5306
f 2713/558/2715 2728/581/2715 2729/583/2715
f 2706/557/2716 2721/582/2716 2722/584/2716
f 2714/559/2717 2729/583/2717 2730/585/2717
f 2707/560/5307 2722/584/5307 2723/586/5307
f 2715/561/2719 2730/585/2719 2731/587/2719
f 2708/562/2720 2723/586/2720 2724/588/2720
f 2716/563/2721 2731/587/2721 2732/574/2721
f 2709/564/5308 2724/588/5308 2725/573/5308
f 2718/567/2723 2717/565/2723 2732/574/2723
f 2710/566/2724 2725/573/2724 2726/576/2724
f 2719/569/2725 2718/567/2725 2733/575/2725
f 2711/568/5309 2726/576/5309 2727/578/5309
f 2723/586/2727 2739/593/2727 2740/595/2727
f 2732/574/5310 2731/587/5310 2747/594/5310
f 2724/588/5311 2740/595/5311 2741/597/5311
f 2733/575/2730 2732/574/2730 2748/596/2730
f 2725/573/2731 2741/597/2731 2742/599/2731
f 2734/577/2732 2733/575/2732 2749/598/2732
f 2726/576/2733 2742/599/2733 2743/601/2733
f 2727/578/2736 2743/601/2736 2744/589/2736
f 2720/579/2737 2736/602/2737 2737/604/2737
f 2728/581/2738 2744/589/2738 2745/590/2738
f 2721/582/2739 2737/604/2739 2738/591/2739
f 2729/583/5312 2745/590/5312 2746/592/5312
f 2722/584/2741 2738/591/2741 2739/593/2741
f 2730/585/2742 2746/592/2742 2747/594/2742
f 2743/601/2743 2758/609/2743 2759/611/2743
f 2736/602/5313 2751/205/5313 2752/612/5313
f 2744/589/5314 2759/611/5314 2760/613/5314
f 2737/604/2746 2752/612/2746 2753/614/2746
f 2745/590/2747 2760/613/2747 2761/615/2747
f 2738/591/2748 2753/614/2748 2754/616/2748
f 2746/592/2749 2761/615/2749 2762/617/2749
f 2739/593/2750 2754/616/2750 2755/618/2750
f 2748/596/2751 2747/594/2751 2762/617/2751
f 2740/595/2752 2755/618/2752 2756/619/2752
f 2749/598/2753 2748/596/2753 2763/605/2753
f 2741/597/2754 2756/619/2754 2757/607/2754
f 2750/600/5315 2749/598/5315 2764/606/5315
f 2742/599/2756 2757/607/2756 2758/609/2756
f 2763/605/2759 2762/617/2759 2777/622/2759
f 2755/618/2760 2770/624/2760 2771/626/2760
f 2764/606/2761 2763/605/2761 2778/623/2761
f 2756/619/2762 2771/626/2762 2772/628/2762
f 2765/608/2763 2764/606/2763 2779/625/2763
f 2757/607/2764 2772/628/2764 2773/630/2764
f 2758/609/2767 2773/630/2767 2774/631/2767
f 2751/205/2768 2766/212/2768 2767/209/2768
f 2759/611/2769 2774/631/2769 2775/632/2769
f 2752/612/5316 2767/209/5316 2768/633/5316
f 2760/613/2771 2775/632/2771 2776/621/2771
f 2753/614/2772 2768/633/2772 2769/620/2772
f 2761/615/2773 2776/621/2773 2777/622/2773
f 2754/616/2774 2769/620/2774 2770/624/2774
f 2774/631/2775 2789/221/2775 2790/223/2775
f 2767/209/2776 2782/227/2776 2783/226/2776
f 2775/632/2777 2790/223/2777 2791/636/2777
f 2768/633/2778 2783/226/2778 2784/229/2778
f 2776/621/2779 2791/636/2779 2792/637/2779
f 2769/620/2780 2784/229/2780 2785/233/2780
f 2778/623/2781 2777/622/2781 2792/637/2781
f 2770/624/2782 2785/233/2782 2786/214/2782
f 2779/625/2783 2778/623/2783 2793/638/2783
f 2771/626/2784 2786/214/2784 2787/216/2784
f 2780/627/5317 2779/625/5317 2794/639/5317
f 2772/628/2786 2787/216/2786 2788/222/2786
f 2773/630/2789 2788/222/2789 2789/221/2789
f 2766/212/2790 2781/219/2790 2782/227/2790
f 2793/644/2791 2808/643/2791 2809/645/2791
f 2787/252/2792 2786/248/2792 2801/250/2792
f 2794/646/5318 2809/645/5318 2810/647/5318
f 2788/255/2794 2787/252/2794 2802/253/2794
f 2789/262/2797 2788/255/2797 2803/256/2797
f 2782/264/2798 2781/258/2798 2796/259/2798
f 2790/235/2799 2789/262/2799 2804/261/2799
f 2783/244/2800 2782/264/2800 2797/265/2800
f 2791/640/2801 2790/235/2801 2805/237/2801
f 2784/246/2802 2783/244/2802 2798/243/2802
f 2792/642/2803 2791/640/2803 2806/650/2803
f 2785/249/2804 2784/246/2804 2799/240/2804
f 2792/642/2805 2807/641/2805 2808/643/2805
f 2786/248/2806 2785/249/2806 2800/245/2806
f 2798/243/5319 2797/265/5319 2812/271/5319
f 2806/650/2808 2805/237/2808 2820/272/2808
f 2799/240/2809 2798/243/2809 2813/273/2809
f 2807/641/5320 2806/650/5320 2821/653/5320
f 2800/245/2811 2799/240/2811 2814/275/2811
f 2807/641/2812 2822/654/2812 2823/655/2812
f 2801/250/2813 2800/245/2813 2815/279/2813
f 2808/643/2814 2823/655/2814 2824/656/2814
f 2802/253/5321 2801/250/5321 2816/280/5321
f 2809/645/2816 2824/656/2816 2825/652/2816
f 2803/256/2817 2802/253/2817 2817/266/2817
f 2804/261/2820 2803/256/2820 2818/269/2820
f 2797/265/2821 2796/259/2821 2811/268/2821
f 2805/237/2822 2804/261/2822 2819/270/2822
f 2817/266/2823 2816/280/2823 2831/283/2823
f 2824/656/5322 2839/658/5322 2840/659/5322
f 2818/269/2825 2817/266/2825 2832/284/2825
f 2819/270/2828 2818/269/2828 2833/287/2828
f 2812/271/5323 2811/268/5323 2826/286/5323
f 2820/272/2830 2819/270/2830 2834/289/2830
f 2813/273/2831 2812/271/2831 2827/288/2831
f 2821/653/2832 2820/272/2832 2835/290/2832
f 2814/275/2833 2813/273/2833 2828/291/2833
f 2822/654/5324 2821/653/5324 2836/661/5324
f 2815/279/2835 2814/275/2835 2829/281/2835
f 2822/654/5325 2837/662/5325 2838/657/5325
f 2816/280/2837 2815/279/2837 2830/282/2837
f 2823/655/2838 2838/657/2838 2839/658/2838
f 2836/661/2839 2835/290/2839 2850/296/2839
f 2829/281/2840 2828/291/2840 2843/297/2840
f 2837/662/2841 2836/661/2841 2851/663/2841
f 2830/282/2842 2829/281/2842 2844/301/2842
f 2837/662/2843 2852/664/2843 2853/665/2843
f 2831/283/5326 2830/282/5326 2845/302/5326
f 2838/657/2845 2853/665/2845 2854/666/2845
f 2832/284/2846 2831/283/2846 2846/303/2846
f 2839/658/2847 2854/666/2847 2855/667/2847
f 2833/287/2848 2832/284/2848 2847/304/2848
f 2834/289/2851 2833/287/2851 2848/294/2851
f 2827/288/5327 2826/286/5327 2841/293/5327
f 2835/290/2853 2834/289/2853 2849/311/2853
f 2828/291/2854 2827/288/2854 2842/295/2854
f 2854/666/2855 2869/670/2855 2870/671/2855
f 2848/294/2856 2847/304/2856 2862/308/2856
f 2849/311/2859 2848/294/2859 2863/312/2859
f 2842/295/2860 2841/293/2860 2856/310/2860
f 2850/296/2861 2849/311/2861 2864/314/2861
f 2843/297/2862 2842/295/2862 2857/313/2862
f 2851/663/2863 2850/296/2863 2865/323/2863
f 2844/301/5328 2843/297/5328 2858/317/5328
f 2852/664/2865 2851/663/2865 2866/673/2865
f 2845/302/2866 2844/301/2866 2859/305/2866
f 2853/665/2867 2852/664/2867 2867/674/2867
f 2846/303/2868 2845/302/2868 2860/306/2868
f 2853/665/2869 2868/669/2869 2869/670/2869
f 2847/304/2870 2846/303/2870 2861/307/2870
f 2859/305/2871 2858/317/2871 2873/324/2871
f 2867/674/2872 2866/673/2872 2881/675/2872
f 2860/306/2873 2859/305/2873 2874/327/2873
f 2868/669/5329 2867/674/5329 2882/676/5329
f 2861/307/2875 2860/306/2875 2875/328/2875
f 2868/669/2876 2883/677/2876 2884/678/2876
f 2862/308/5330 2861/307/5330 2876/329/5330
f 2869/670/2878 2884/678/2878 2885/679/2878
f 2863/312/2879 2862/308/2879 2877/330/2879
f 2864/314/2882 2863/312/2882 2878/334/2882
f 2857/313/5331 2856/310/5331 2871/320/5331
f 2865/323/2884 2864/314/2884 2879/319/2884
f 2858/317/5332 2857/313/5332 2872/321/5332
f 2866/673/5333 2865/323/5333 2880/322/5333
f 2878/334/2887 2877/330/2887 2892/335/2887
f 2879/319/2890 2878/334/2890 2893/338/2890
f 2872/321/2891 2871/320/2891 2886/337/2891
f 2880/322/2892 2879/319/2892 2894/345/2892
f 2873/324/2893 2872/321/2893 2887/339/2893
f 2881/675/2894 2880/322/2894 2895/340/2894
f 2874/327/2895 2873/324/2895 2888/341/2895
f 2882/676/2896 2881/675/2896 2896/684/2896
f 2875/328/2897 2874/327/2897 2889/344/2897
f 2883/677/5334 2882/676/5334 2897/685/5334
f 2876/329/2899 2875/328/2899 2890/332/2899
f 2884/678/2900 2883/677/2900 2898/686/2900
f 2877/330/2901 2876/329/2901 2891/333/2901
f 2884/678/5335 2899/681/5335 2900/682/5335
f 2897/685/2903 2896/684/2903 2433/347/2903
f 2890/332/2904 2889/344/2904 2903/51/2904
f 2898/686/2905 2897/685/2905 2906/349/2905
f 2891/333/2906 2890/332/2906 2429/56/2906
f 2899/681/2907 2898/686/2907 2907/351/2907
f 2892/335/2908 2891/333/2908 2904/57/2908
f 2900/682/5336 2899/681/5336 2908/353/5336
f 2893/338/2910 2892/335/2910 2430/59/2910
f 2894/345/2913 2893/338/2913 2431/37/2913
f 2887/339/2914 2886/337/2914 2901/38/2914
f 2895/340/2915 2894/345/2915 2432/35/2915
f 2888/341/2916 2887/339/2916 2902/43/2916
f 2896/684/2917 2895/340/2917 2905/41/2917
f 2889/344/2918 2888/341/2918 2428/50/2918
f 2914/35/2919 2913/37/2919 2923/36/2919
f 3383/38/2920 2916/40/2920 2917/39/2920
f 3387/41/2921 2914/35/2921 2924/42/2921
f 3384/43/2922 2917/39/2922 2918/44/2922
f 2915/347/2923 3387/41/2923 2925/45/2923
f 2910/50/2924 2918/44/2924 2919/49/2924
f 3388/349/2925 2915/347/2925 2926/348/2925
f 3385/51/2926 2919/49/2926 2920/54/2926
f 3389/351/2927 3388/349/2927 2927/350/2927
f 2911/56/2928 2920/54/2928 2921/55/2928
f 3390/353/2929 3389/351/2929 2928/352/2929
f 3386/57/2930 2921/55/2930 2922/58/2930
f 3391/355/2931 3390/353/2931 2929/354/2931
f 2912/59/2932 2922/58/2932 2923/36/2932
f 2930/356/2935 2929/354/2935 2944/363/2935
f 2922/58/2936 2937/71/2936 2938/61/2936
f 2924/42/2939 2923/36/2939 2938/61/2939
f 2916/40/2940 2931/63/2940 2932/64/2940
f 2925/45/2941 2924/42/2941 2939/65/2941
f 2917/39/2942 2932/64/2942 2933/66/2942
f 2926/348/2943 2925/45/2943 2940/67/2943
f 2918/44/2944 2933/66/2944 2934/68/2944
f 2927/350/2945 2926/348/2945 2941/360/2945
f 2919/49/5337 2934/68/5337 2935/69/5337
f 2928/352/2947 2927/350/2947 2942/361/2947
f 2920/54/2948 2935/69/2948 2936/70/2948
f 2929/354/2949 2928/352/2949 2943/362/2949
f 2921/55/2950 2936/70/2950 2937/71/2950
f 2942/361/2951 2941/360/2951 2956/364/2951
f 2934/68/2952 2949/73/2952 2950/72/2952
f 2943/362/2953 2942/361/2953 2957/365/2953
f 2935/69/2954 2950/72/2954 2951/74/2954
f 2944/363/2955 2943/362/2955 2958/366/2955
f 2936/70/5338 2951/74/5338 2952/75/5338
f 2945/359/2957 2944/363/2957 2959/367/2957
f 2937/71/5339 2952/75/5339 2953/76/5339
f 2939/65/2961 2938/61/2961 2953/76/2961
f 2931/63/2962 2946/78/2962 2947/79/2962
f 2940/67/2963 2939/65/2963 2954/80/2963
f 2932/64/5340 2947/79/5340 2948/81/5340
f 2941/360/2965 2940/67/2965 2955/82/2965
f 2933/66/2966 2948/81/2966 2949/73/2966
f 2954/80/2969 2953/76/2969 2968/13/2969
f 2946/78/2970 2961/88/2970 2962/90/2970
f 2955/82/2971 2954/80/2971 2969/89/2971
f 2947/79/5341 2962/90/5341 2963/92/5341
f 2956/364/5342 2955/82/5342 2970/91/5342
f 2948/81/5343 2963/92/5343 2964/14/5343
f 2957/365/2975 2956/364/2975 2971/372/2975
f 2949/73/2976 2964/14/2976 2965/95/2976
f 2958/366/2977 2957/365/2977 2972/17/2977
f 2950/72/5344 2965/95/5344 2966/96/5344
f 2959/367/2979 2958/366/2979 2973/373/2979
f 2951/74/5345 2966/96/5345 2967/97/5345
f 2960/368/2981 2959/367/2981 2974/374/2981
f 2952/75/2982 2967/97/2982 2968/13/2982
f 2964/14/2983 2979/99/2983 2980/98/2983
f 2973/373/5346 2972/17/5346 2987/375/5346
f 2965/95/2985 2980/98/2985 2981/100/2985
f 2974/374/5347 2973/373/5347 2988/376/5347
f 2966/96/2987 2981/100/2987 2982/101/2987
f 2975/371/5348 2974/374/5348 2989/377/5348
f 2967/97/2989 2982/101/2989 2983/102/2989
f 2969/89/2992 2968/13/2992 2983/102/2992
f 2961/88/2993 2976/104/2993 2977/105/2993
f 2970/91/5349 2969/89/5349 2984/106/5349
f 2962/90/5350 2977/105/5350 2978/107/5350
f 2971/372/5351 2970/91/5351 2985/108/5351
f 2963/92/5352 2978/107/5352 2979/99/5352
f 2972/17/5353 2971/372/5353 2986/380/5353
f 2984/106/2999 2983/102/2999 2999/111/2999
f 2976/104/3000 2992/114/3000 2993/113/3000
f 2985/108/3001 2984/106/3001 3000/112/3001
f 2977/105/3002 2993/113/3002 2994/116/3002
f 2986/380/3003 2985/108/3003 3001/115/3003
f 2978/107/3004 2994/116/3004 2995/118/3004
f 2987/375/3005 2986/380/3005 3002/381/3005
f 2979/99/3006 2995/118/3006 2996/120/3006
f 2988/376/3007 2987/375/3007 3003/382/3007
f 2980/98/3008 2996/120/3008 2997/121/3008
f 2989/377/3009 2988/376/3009 3004/383/3009
f 2981/100/3010 2997/121/3010 2998/122/3010
f 2990/378/3011 2989/377/3011 3005/384/3011
f 2982/101/3012 2998/122/3012 2999/111/3012
f 3004/383/5354 3003/382/5354 3018/392/5354
f 2996/120/3016 3011/136/3016 3012/124/3016
f 3005/384/5355 3004/383/5355 3019/387/5355
f 2997/121/3018 3012/124/3018 3013/125/3018
f 3006/385/5356 3005/384/5356 3020/388/5356
f 2998/122/3020 3013/125/3020 3014/126/3020
f 3000/112/3023 2999/111/3023 3014/126/3023
f 2992/114/5357 3007/128/5357 3008/130/5357
f 3001/115/3025 3000/112/3025 3015/129/3025
f 2993/113/3026 3008/130/3026 3009/132/3026
f 3002/381/3027 3001/115/3027 3016/131/3027
f 2994/116/3028 3009/132/3028 3010/135/3028
f 3003/382/5358 3002/381/5358 3017/391/5358
f 2995/118/3030 3010/135/3030 3011/136/3030
f 3007/128/3031 3022/153/3031 3023/141/3031
f 3016/131/3032 3015/129/3032 3030/137/3032
f 3008/130/3033 3023/141/3033 3024/140/3033
f 3017/391/3034 3016/131/3034 3031/142/3034
f 3009/132/3035 3024/140/3035 3025/167/3035
f 3018/392/3036 3017/391/3036 3032/393/3036
f 3010/135/3037 3025/167/3037 3026/145/3037
f 3019/387/3038 3018/392/3038 3033/394/3038
f 3011/136/5359 3026/145/5359 3027/146/5359
f 3020/388/3040 3019/387/3040 3034/395/3040
f 3012/124/3041 3027/146/3041 3028/149/3041
f 3021/389/3042 3020/388/3042 3035/396/3042
f 3013/125/3043 3028/149/3043 3029/150/3043
f 3015/129/3046 3014/126/3046 3029/150/3046
f 3027/146/5360 3026/145/5360 3041/411/5360
f 3034/395/3048 3049/412/3048 3050/399/3048
f 3028/149/3049 3027/146/3049 3042/400/3049
f 3035/396/3050 3050/399/3050 3051/402/3050
f 3029/150/3051 3028/149/3051 3043/401/3051
f 3029/150/3054 3044/403/3054 3045/405/3054
f 3023/141/3055 3022/153/3055 3037/157/3055
f 3030/137/3056 3045/405/3056 3046/406/3056
f 3024/140/3057 3023/141/3057 3038/159/3057
f 3031/142/3058 3046/406/3058 3047/408/3058
f 3025/167/3059 3024/140/3059 3039/407/3059
f 3032/393/3060 3047/408/3060 3048/410/3060
f 3026/145/3061 3025/167/3061 3040/409/3061
f 3033/394/3062 3048/410/3062 3049/412/3062
f 3045/405/3063 3060/426/3063 3061/427/3063
f 3039/407/3064 3038/159/3064 3053/413/3064
f 3046/406/3065 3061/427/3065 3062/415/3065
f 3040/409/3066 3039/407/3066 3054/414/3066
f 3047/408/3067 3062/415/3067 3063/417/3067
f 3041/411/3068 3040/409/3068 3055/416/3068
f 3048/410/3069 3063/417/3069 3064/419/3069
f 3042/400/3070 3041/411/3070 3056/418/3070
f 3049/412/3071 3064/419/3071 3065/421/3071
f 3043/401/3072 3042/400/3072 3057/420/3072
f 3050/399/3073 3065/421/3073 3066/423/3073
f 3044/403/3074 3043/401/3074 3058/422/3074
f 3044/403/3077 3059/424/3077 3060/426/3077
f 3038/159/3078 3037/157/3078 3052/170/3078
f 3064/419/3079 3079/443/3079 3080/444/3079
f 3058/422/3080 3057/420/3080 3072/428/3080
f 3065/421/3081 3080/444/3081 3081/430/3081
f 3059/424/3082 3058/422/3082 3073/429/3082
f 3059/424/3085 3074/431/3085 3075/435/3085
f 3053/413/3086 3052/170/3086 3067/433/3086
f 3060/426/3087 3075/435/3087 3076/437/3087
f 3054/414/3088 3053/413/3088 3068/436/3088
f 3061/427/3089 3076/437/3089 3077/439/3089
f 3055/416/3090 3054/414/3090 3069/438/3090
f 3062/415/3091 3077/439/3091 3078/441/3091
f 3056/418/3092 3055/416/3092 3070/440/3092
f 3063/417/3093 3078/441/3093 3079/443/3093
f 3057/420/3094 3056/418/3094 3071/442/3094
f 3076/437/5361 3091/459/5361 3092/445/5361
f 3070/440/3096 3069/438/3096 3084/446/3096
f 3077/439/5362 3092/445/5362 3093/7/5362
f 3071/442/3098 3070/440/3098 3085/447/3098
f 3078/441/3099 3093/7/3099 3094/449/3099
f 3072/428/3100 3071/442/3100 3086/448/3100
f 3079/443/3101 3094/449/3101 3095/451/3101
f 3073/429/3102 3072/428/3102 3087/450/3102
f 3080/444/3103 3095/451/3103 3096/453/3103
f 3074/431/3104 3073/429/3104 3088/452/3104
f 3074/431/3107 3089/454/3107 3090/457/3107
f 3068/436/3108 3067/433/3108 3082/455/3108
f 3075/435/5363 3090/457/5363 3091/459/5363
f 3069/438/3110 3068/436/3110 3083/458/3110
f 3095/451/3111 3110/475/3111 3111/460/3111
f 3089/454/3112 3088/452/3112 3103/461/3112
f 3089/454/3115 3104/462/3115 3105/465/3115
f 3083/458/3116 3082/455/3116 3097/463/3116
f 3090/457/3117 3105/465/3117 3106/467/3117
f 3084/446/3118 3083/458/3118 3098/466/3118
f 3091/459/3119 3106/467/3119 3107/469/3119
f 3085/447/3120 3084/446/3120 3099/468/3120
f 3092/445/3121 3107/469/3121 3108/471/3121
f 3086/448/3122 3085/447/3122 3100/470/3122
f 3093/7/3123 3108/471/3123 3109/473/3123
f 3087/450/5364 3086/448/5364 3101/472/5364
f 3094/449/3125 3109/473/3125 3110/475/3125
f 3088/452/3126 3087/450/3126 3102/474/3126
f 3100/470/3127 3099/468/3127 3114/490/3127
f 3107/469/3128 3122/491/3128 3123/476/3128
f 3101/472/3129 3100/470/3129 3115/477/3129
f 3108/471/3130 3123/476/3130 3124/479/3130
f 3102/474/3131 3101/472/3131 3116/478/3131
f 3109/473/3132 3124/479/3132 3125/481/3132
f 3103/461/3133 3102/474/3133 3117/480/3133
f 3110/475/3134 3125/481/3134 3126/483/3134
f 3104/462/3135 3103/461/3135 3118/482/3135
f 3104/462/3138 3119/484/3138 3120/487/3138
f 3098/466/3139 3097/463/3139 3112/485/3139
f 3105/465/3140 3120/487/3140 3121/489/3140
f 3099/468/5365 3098/466/5365 3113/488/5365
f 3106/467/3142 3121/489/3142 3122/491/3142
f 3119/484/3143 3118/482/3143 3133/506/3143
f 3119/484/3146 3134/507/3146 3135/495/3146
f 3113/488/3147 3112/485/3147 3127/492/3147
f 3120/487/3148 3135/495/3148 3136/497/3148
f 3114/490/3149 3113/488/3149 3128/496/3149
f 3121/489/3150 3136/497/3150 3137/499/3150
f 3115/477/3151 3114/490/3151 3129/498/3151
f 3122/491/3152 3137/499/3152 3138/501/3152
f 3116/478/3153 3115/477/3153 3130/500/3153
f 3123/476/3154 3138/501/3154 3139/503/3154
f 3117/480/3155 3116/478/3155 3131/502/3155
f 3124/479/3156 3139/503/3156 3140/505/3156
f 3118/482/3157 3117/480/3157 3132/504/3157
f 3125/481/3158 3140/505/3158 3141/494/3158
f 3137/499/3159 3152/523/3159 3153/524/3159
f 3131/502/3160 3130/500/3160 3145/508/3160
f 3138/501/3161 3153/524/3161 3154/510/3161
f 3132/504/3162 3131/502/3162 3146/509/3162
f 3139/503/3163 3154/510/3163 3155/512/3163
f 3133/506/5366 3132/504/5366 3147/511/5366
f 3140/505/3165 3155/512/3165 3156/514/3165
f 3134/507/3166 3133/506/3166 3148/513/3166
f 3134/507/3169 3149/515/3169 3150/519/3169
f 3128/496/3170 3127/492/3170 3142/517/3170
f 3135/495/3171 3150/519/3171 3151/521/3171
f 3129/498/3172 3128/496/3172 3143/520/3172
f 3136/497/3173 3151/521/3173 3152/523/3173
f 3130/500/3174 3129/498/3174 3144/522/3174
f 3150/519/3177 3149/515/3177 3164/525/3177
f 3142/517/3178 3157/539/3178 3158/527/3178
f 3151/521/3179 3150/519/3179 3165/526/3179
f 3143/520/3180 3158/527/3180 3159/529/3180
f 3152/523/3181 3151/521/3181 3166/528/3181
f 3144/522/3182 3159/529/3182 3160/531/3182
f 3153/524/3183 3152/523/3183 3167/530/3183
f 3145/508/3184 3160/531/3184 3161/533/3184
f 3154/510/3185 3153/524/3185 3168/532/3185
f 3146/509/3186 3161/533/3186 3162/535/3186
f 3155/512/3187 3154/510/3187 3169/534/3187
f 3147/511/3188 3162/535/3188 3163/537/3188
f 3156/514/3189 3155/512/3189 3170/536/3189
f 3148/513/3190 3163/537/3190 3164/525/3190
f 3160/531/3191 3175/555/3191 3176/556/3191
f 3169/534/3192 3168/532/3192 3183/541/3192
f 3161/533/3193 3176/556/3193 3177/543/3193
f 3170/536/3194 3169/534/3194 3184/542/3194
f 3162/535/3195 3177/543/3195 3178/545/3195
f 3171/538/3196 3170/536/3196 3185/544/3196
f 3163/537/3197 3178/545/3197 3179/547/3197
f 3165/526/3200 3164/525/3200 3179/547/3200
f 3157/539/3201 3172/548/3201 3173/551/3201
f 3166/528/3202 3165/526/3202 3180/550/3202
f 3158/527/3203 3173/551/3203 3174/553/3203
f 3167/530/3204 3166/528/3204 3181/552/3204
f 3159/529/3205 3174/553/3205 3175/555/3205
f 3168/532/3206 3167/530/3206 3182/554/3206
f 3180/550/3207 3179/547/3207 3194/570/3207
f 3172/548/3208 3187/571/3208 3188/557/3208
f 3181/552/5367 3180/550/5367 3195/558/5367
f 3173/551/5368 3188/557/5368 3189/560/5368
f 3182/554/5369 3181/552/5369 3196/559/5369
f 3174/553/3212 3189/560/3212 3190/562/3212
f 3183/541/5370 3182/554/5370 3197/561/5370
f 3175/555/3214 3190/562/3214 3191/564/3214
f 3184/542/3215 3183/541/3215 3198/563/3215
f 3176/556/3216 3191/564/3216 3192/566/3216
f 3185/544/3217 3184/542/3217 3199/565/3217
f 3177/543/3218 3192/566/3218 3193/568/3218
f 3186/546/3219 3185/544/3219 3200/567/3219
f 3178/545/3220 3193/568/3220 3194/570/3220
f 3199/565/5371 3198/563/5371 3213/587/5371
f 3191/564/5372 3206/588/5372 3207/573/5372
f 3200/567/5373 3199/565/5373 3214/574/5373
f 3192/566/3226 3207/573/3226 3208/576/3226
f 3201/569/5374 3200/567/5374 3215/575/5374
f 3193/568/3228 3208/576/3228 3209/578/3228
f 3195/558/3231 3194/570/3231 3209/578/3231
f 3187/571/3232 3202/579/3232 3203/582/3232
f 3196/559/3233 3195/558/3233 3210/581/3233
f 3188/557/3234 3203/582/3234 3204/584/3234
f 3197/561/3235 3196/559/3235 3211/583/3235
f 3189/560/3236 3204/584/3236 3205/586/3236
f 3198/563/5375 3197/561/5375 3212/585/5375
f 3190/562/3238 3205/586/3238 3206/588/3238
f 3211/583/3239 3210/581/3239 3226/589/3239
f 3203/582/3240 3219/604/3240 3220/591/3240
f 3212/585/3241 3211/583/3241 3227/590/3241
f 3204/584/3242 3220/591/3242 3221/593/3242
f 3213/587/3243 3212/585/3243 3228/592/3243
f 3205/586/3244 3221/593/3244 3222/595/3244
f 3214/574/3245 3213/587/3245 3229/594/3245
f 3206/588/3246 3222/595/3246 3223/597/3246
f 3215/575/3247 3214/574/3247 3230/596/3247
f 3207/573/3248 3223/597/3248 3224/599/3248
f 3216/577/3249 3215/575/3249 3231/598/3249
f 3208/576/3250 3224/599/3250 3225/601/3250
f 3210/581/3253 3209/578/3253 3225/601/3253
f 3202/579/3254 3218/602/3254 3219/604/3254
f 3230/596/5376 3229/594/5376 3244/617/5376
f 3222/595/3256 3237/618/3256 3238/619/3256
f 3231/598/5377 3230/596/5377 3245/605/5377
f 3223/597/3258 3238/619/3258 3239/607/3258
f 3232/600/5378 3231/598/5378 3246/606/5378
f 3224/599/3260 3239/607/3260 3240/609/3260
f 3226/589/3263 3225/601/3263 3240/609/3263
f 3218/602/3264 3233/205/3264 3234/612/3264
f 3227/590/3265 3226/589/3265 3241/611/3265
f 3219/604/3266 3234/612/3266 3235/614/3266
f 3228/592/3267 3227/590/3267 3242/613/3267
f 3220/591/3268 3235/614/3268 3236/616/3268
f 3229/594/5379 3228/592/5379 3243/615/5379
f 3221/593/3270 3236/616/3270 3237/618/3270
f 3242/613/3271 3241/611/3271 3256/631/3271
f 3234/612/3272 3249/209/3272 3250/633/3272
f 3243/615/3273 3242/613/3273 3257/632/3273
f 3235/614/3274 3250/633/3274 3251/620/3274
f 3244/617/3275 3243/615/3275 3258/621/3275
f 3236/616/3276 3251/620/3276 3252/624/3276
f 3245/605/3277 3244/617/3277 3259/622/3277
f 3237/618/3278 3252/624/3278 3253/626/3278
f 3246/606/3279 3245/605/3279 3260/623/3279
f 3238/619/5380 3253/626/5380 3254/628/5380
f 3247/608/3281 3246/606/3281 3261/625/3281
f 3239/607/3282 3254/628/3282 3255/630/3282
f 3241/611/3285 3240/609/3285 3255/630/3285
f 3233/205/5381 3248/212/5381 3249/209/5381
f 3261/625/3287 3260/623/3287 3275/638/3287
f 3253/626/3288 3268/214/3288 3269/216/3288
f 3262/627/3289 3261/625/3289 3276/639/3289
f 3254/628/3290 3269/216/3290 3270/222/3290
f 3256/631/3293 3255/630/3293 3270/222/3293
f 3248/212/3294 3263/219/3294 3264/227/3294
f 3257/632/3295 3256/631/3295 3271/221/3295
f 3249/209/3296 3264/227/3296 3265/226/3296
f 3258/621/3297 3257/632/3297 3272/223/3297
f 3250/633/3298 3265/226/3298 3266/229/3298
f 3259/622/3299 3258/621/3299 3273/636/3299
f 3251/620/5382 3266/229/5382 3267/233/5382
f 3260/623/3301 3259/622/3301 3274/637/3301
f 3252/624/5383 3267/233/5383 3268/214/5383
f 3265/244/3303 3264/264/3303 3279/265/3303
f 3272/235/3304 3287/237/3304 3288/650/3304
f 3266/246/3305 3265/244/3305 3280/243/3305
f 3273/640/5384 3288/650/5384 3289/641/5384
f 3267/249/3307 3266/246/3307 3281/240/3307
f 3274/642/3308 3289/641/3308 3290/643/3308
f 3268/248/5385 3267/249/5385 3282/245/5385
f 3275/644/3310 3290/643/3310 3291/645/3310
f 3269/252/3311 3268/248/3311 3283/250/3311
f 3276/646/3312 3291/645/3312 3292/647/3312
f 3270/255/3313 3269/252/3313 3284/253/3313
f 3270/255/3316 3285/256/3316 3286/261/3316
f 3264/264/3317 3263/258/3317 3278/259/3317
f 3271/262/3318 3286/261/3318 3287/237/3318
f 3284/253/5386 3283/250/5386 3298/280/5386
f 3291/645/3320 3306/656/3320 3307/652/3320
f 3285/256/3321 3284/253/3321 3299/266/3321
f 3285/256/3324 3300/269/3324 3301/270/3324
f 3279/265/5387 3278/259/5387 3293/268/5387
f 3286/261/3326 3301/270/3326 3302/272/3326
f 3280/243/3327 3279/265/3327 3294/271/3327
f 3287/237/3328 3302/272/3328 3303/653/3328
f 3281/240/3329 3280/243/3329 3295/273/3329
f 3288/650/3330 3303/653/3330 3304/654/3330
f 3282/245/3331 3281/240/3331 3296/275/3331
f 3289/641/3332 3304/654/3332 3305/655/3332
f 3283/250/3333 3282/245/3333 3297/279/3333
f 3290/643/3334 3305/655/3334 3306/656/3334
f 3302/272/3335 3317/290/3335 3318/661/3335
f 3296/275/3336 3295/273/3336 3310/291/3336
f 3303/653/3337 3318/661/3337 3319/662/3337
f 3297/279/3338 3296/275/3338 3311/281/3338
f 3304/654/3339 3319/662/3339 3320/657/3339
f 3298/280/3340 3297/279/3340 3312/282/3340
f 3305/655/3341 3320/657/3341 3321/658/3341
f 3299/266/3342 3298/280/3342 3313/283/3342
f 3306/656/3343 3321/658/3343 3322/659/3343
f 3300/269/3344 3299/266/3344 3314/284/3344
f 3300/269/3347 3315/287/3347 3316/289/3347
f 3294/271/3348 3293/268/3348 3308/286/3348
f 3301/270/3349 3316/289/3349 3317/290/3349
f 3295/273/3350 3294/271/3350 3309/288/3350
f 3321/658/3351 3336/666/3351 3337/667/3351
f 3315/287/3352 3314/284/3352 3329/304/3352
f 3315/287/3355 3330/294/3355 3331/311/3355
f 3309/288/3356 3308/286/3356 3323/293/3356
f 3316/289/3357 3331/311/3357 3332/296/3357
f 3310/291/3358 3309/288/3358 3324/295/3358
f 3317/290/3359 3332/296/3359 3333/663/3359
f 3311/281/3360 3310/291/3360 3325/297/3360
f 3318/661/3361 3333/663/3361 3334/664/3361
f 3312/282/3362 3311/281/3362 3326/301/3362
f 3319/662/3363 3334/664/3363 3335/665/3363
f 3313/283/3364 3312/282/3364 3327/302/3364
f 3320/657/3365 3335/665/3365 3336/666/3365
f 3314/284/3366 3313/283/3366 3328/303/3366
f 3326/301/3367 3325/297/3367 3340/317/3367
f 3333/663/3368 3348/673/3368 3349/674/3368
f 3327/302/3369 3326/301/3369 3341/305/3369
f 3334/664/3370 3349/674/3370 3350/669/3370
f 3328/303/3371 3327/302/3371 3342/306/3371
f 3335/665/3372 3350/669/3372 3351/670/3372
f 3329/304/3373 3328/303/3373 3343/307/3373
f 3336/666/3374 3351/670/3374 3352/671/3374
f 3330/294/3375 3329/304/3375 3344/308/3375
f 3330/294/3378 3345/312/3378 3346/314/3378
f 3324/295/3379 3323/293/3379 3338/310/3379
f 3331/311/3380 3346/314/3380 3347/323/3380
f 3325/297/3381 3324/295/3381 3339/313/3381
f 3332/296/3382 3347/323/3382 3348/673/3382
f 3345/312/3383 3344/308/3383 3359/330/3383
f 3345/312/3386 3360/334/3386 3361/319/3386
f 3339/313/3387 3338/310/3387 3353/320/3387
f 3346/314/5388 3361/319/5388 3362/322/5388
f 3340/317/5389 3339/313/5389 3354/321/5389
f 3347/323/5390 3362/322/5390 3363/675/5390
f 3341/305/3391 3340/317/3391 3355/324/3391
f 3348/673/5391 3363/675/5391 3364/676/5391
f 3342/306/3393 3341/305/3393 3356/327/3393
f 3349/674/3394 3364/676/3394 3365/677/3394
f 3343/307/3395 3342/306/3395 3357/328/3395
f 3350/669/3396 3365/677/3396 3366/678/3396
f 3344/308/3397 3343/307/3397 3358/329/3397
f 3351/670/3398 3366/678/3398 3367/679/3398
f 3363/675/3399 3378/684/3399 3379/685/3399
f 3357/328/3400 3356/327/3400 3371/344/3400
f 3364/676/3401 3379/685/3401 3380/686/3401
f 3358/329/3402 3357/328/3402 3372/332/3402
f 3365/677/3403 3380/686/3403 3381/681/3403
f 3359/330/5392 3358/329/5392 3373/333/5392
f 3366/678/3405 3381/681/3405 3382/682/3405
f 3360/334/3406 3359/330/3406 3374/335/3406
f 3360/334/3409 3375/338/3409 3376/345/3409
f 3354/321/3410 3353/320/3410 3368/337/3410
f 3361/319/5393 3376/345/5393 3377/340/5393
f 3355/324/3412 3354/321/3412 3369/339/3412
f 3362/322/3413 3377/340/3413 3378/684/3413
f 3356/327/3414 3355/324/3414 3370/341/3414
f 3375/338/5394 2913/37/5394 2914/35/5394
f 3369/339/3417 3368/337/3417 3383/38/3417
f 3376/345/3418 2914/35/3418 3387/41/3418
f 3370/341/3419 3369/339/3419 3384/43/3419
f 3377/340/3420 3387/41/3420 2915/347/3420
f 3371/344/3421 3370/341/3421 2910/50/3421
f 3378/684/3422 2915/347/3422 3388/349/3422
f 3372/332/3423 3371/344/3423 3385/51/3423
f 3379/685/3424 3388/349/3424 3389/351/3424
f 3373/333/3425 3372/332/3425 2911/56/3425
f 3380/686/3426 3389/351/3426 3390/353/3426
f 3374/335/5395 3373/333/5395 3386/57/5395
f 3381/681/3428 3390/353/3428 3391/355/3428
f 3375/338/5396 3374/335/5396 2912/59/5396
f 3397/347/3431 3408/348/3431 3409/350/3431
f 3393/56/3432 3867/51/3432 3401/49/3432
f 3870/349/3433 3409/350/3433 3410/352/3433
f 3868/57/3434 3393/56/3434 3402/54/3434
f 3871/351/3435 3410/352/3435 3411/354/3435
f 3394/59/3436 3868/57/3436 3403/55/3436
f 3872/353/3437 3411/354/3437 3412/356/3437
f 3395/37/3438 3394/59/3438 3404/58/3438
f 3395/37/3441 3405/36/3441 3406/42/3441
f 3866/43/3442 3865/38/3442 3398/40/3442
f 3396/35/3443 3406/42/3443 3407/45/3443
f 3392/50/5397 3866/43/5397 3399/39/5397
f 3869/41/3445 3407/45/3445 3408/348/3445
f 3867/51/3446 3392/50/3446 3400/44/3446
f 3407/45/3447 3422/67/3447 3423/360/3447
f 3401/49/3448 3400/44/3448 3415/66/3448
f 3408/348/3449 3423/360/3449 3424/361/3449
f 3402/54/3450 3401/49/3450 3416/68/3450
f 3409/350/3451 3424/361/3451 3425/362/3451
f 3403/55/3452 3402/54/3452 3417/69/3452
f 3410/352/3453 3425/362/3453 3426/363/3453
f 3404/58/3454 3403/55/3454 3418/70/3454
f 3411/354/3455 3426/363/3455 3427/359/3455
f 3405/36/3456 3404/58/3456 3419/71/3456
f 3405/36/3459 3420/61/3459 3421/65/3459
f 3399/39/3460 3398/40/3460 3413/63/3460
f 3406/42/3461 3421/65/3461 3422/67/3461
f 3400/44/5398 3399/39/5398 3414/64/5398
f 3426/363/3463 3441/367/3463 3442/368/3463
f 3420/61/3464 3419/71/3464 3434/75/3464
f 3420/61/3467 3435/76/3467 3436/80/3467
f 3414/64/3468 3413/63/3468 3428/78/3468
f 3421/65/3469 3436/80/3469 3437/82/3469
f 3415/66/3470 3414/64/3470 3429/79/3470
f 3422/67/5399 3437/82/5399 3438/364/5399
f 3416/68/3472 3415/66/3472 3430/81/3472
f 3423/360/3473 3438/364/3473 3439/365/3473
f 3417/69/3474 3416/68/3474 3431/73/3474
f 3424/361/3475 3439/365/3475 3440/366/3475
f 3418/70/3476 3417/69/3476 3432/72/3476
f 3425/362/3477 3440/366/3477 3441/367/3477
f 3419/71/3478 3418/70/3478 3433/74/3478
f 3431/73/5400 3430/81/5400 3445/92/5400
f 3438/364/3480 3453/372/3480 3454/17/3480
f 3432/72/3481 3431/73/3481 3446/14/3481
f 3439/365/5401 3454/17/5401 3455/373/5401
f 3433/74/3483 3432/72/3483 3447/95/3483
f 3440/366/3484 3455/373/3484 3456/374/3484
f 3434/75/3485 3433/74/3485 3448/96/3485
f 3441/367/3486 3456/374/3486 3457/371/3486
f 3435/76/3487 3434/75/3487 3449/97/3487
f 3435/76/3490 3450/13/3490 3451/89/3490
f 3429/79/3491 3428/78/3491 3443/88/3491
f 3436/80/3492 3451/89/3492 3452/91/3492
f 3430/81/5402 3429/79/5402 3444/90/5402
f 3437/82/3494 3452/91/3494 3453/372/3494
f 3450/13/3495 3449/97/3495 3464/101/3495
f 3450/13/3498 3465/102/3498 3466/106/3498
f 3444/90/3499 3443/88/3499 3458/104/3499
f 3451/89/3500 3466/106/3500 3467/108/3500
f 3445/92/3501 3444/90/3501 3459/105/3501
f 3452/91/3502 3467/108/3502 3468/380/3502
f 3446/14/3503 3445/92/3503 3460/107/3503
f 3453/372/3504 3468/380/3504 3469/375/3504
f 3447/95/3505 3446/14/3505 3461/99/3505
f 3454/17/3506 3469/375/3506 3470/376/3506
f 3448/96/3507 3447/95/3507 3462/98/3507
f 3455/373/3508 3470/376/3508 3471/377/3508
f 3449/97/3509 3448/96/3509 3463/100/3509
f 3456/374/3510 3471/377/3510 3472/378/3510
f 3468/380/3511 3484/381/3511 3485/382/3511
f 3462/98/3512 3461/99/3512 3477/118/3512
f 3469/375/3513 3485/382/3513 3486/383/3513
f 3463/100/3514 3462/98/3514 3478/120/3514
f 3470/376/3515 3486/383/3515 3487/384/3515
f 3464/101/3516 3463/100/3516 3479/121/3516
f 3471/377/5403 3487/384/5403 3488/385/5403
f 3465/102/3518 3464/101/3518 3480/122/3518
f 3465/102/3521 3481/111/3521 3482/112/3521
f 3459/105/5404 3458/104/5404 3474/114/5404
f 3466/106/3523 3482/112/3523 3483/115/3523
f 3460/107/3524 3459/105/3524 3475/113/3524
f 3467/108/3525 3483/115/3525 3484/381/3525
f 3461/99/5405 3460/107/5405 3476/116/5405
f 3481/111/3528 3496/126/3528 3497/129/3528
f 3475/113/3529 3474/114/3529 3489/128/3529
f 3482/112/3530 3497/129/3530 3498/131/3530
f 3476/116/3531 3475/113/3531 3490/130/3531
f 3483/115/3532 3498/131/3532 3499/391/3532
f 3477/118/3533 3476/116/3533 3491/132/3533
f 3484/381/3534 3499/391/3534 3500/392/3534
f 3478/120/3535 3477/118/3535 3492/135/3535
f 3485/382/3536 3500/392/3536 3501/387/3536
f 3479/121/3537 3478/120/3537 3493/136/3537
f 3486/383/3538 3501/387/3538 3502/388/3538
f 3480/122/3539 3479/121/3539 3494/124/3539
f 3487/384/3540 3502/388/3540 3503/389/3540
f 3481/111/3541 3480/122/3541 3495/125/3541
f 3500/392/3543 3515/394/3543 3516/395/3543
f 3494/124/3544 3493/136/3544 3508/145/3544
f 3501/387/3545 3516/395/3545 3517/396/3545
f 3495/125/3546 3494/124/3546 3509/146/3546
f 3502/388/5406 3517/396/5406 3518/397/5406
f 3496/126/3548 3495/125/3548 3510/149/3548
f 3496/126/3551 3511/150/3551 3512/137/3551
f 3490/130/3552 3489/128/3552 3504/153/3552
f 3497/129/3553 3512/137/3553 3513/142/3553
f 3491/132/3554 3490/130/3554 3505/141/3554
f 3498/131/3555 3513/142/3555 3514/393/3555
f 3492/135/3556 3491/132/3556 3506/140/3556
f 3499/391/3557 3514/393/3557 3515/394/3557
f 3493/136/3558 3492/135/3558 3507/167/3558
f 3504/153/3559 3519/157/3559 3520/159/3559
f 3513/142/3560 3512/137/3560 3527/405/3560
f 3505/141/3561 3520/159/3561 3521/407/3561
f 3514/393/3562 3513/142/3562 3528/406/3562
f 3506/140/3563 3521/407/3563 3522/409/3563
f 3515/394/3564 3514/393/3564 3529/408/3564
f 3507/167/3565 3522/409/3565 3523/411/3565
f 3516/395/3566 3515/394/3566 3530/410/3566
f 3508/145/3567 3523/411/3567 3524/400/3567
f 3517/396/3568 3516/395/3568 3531/412/3568
f 3509/146/3569 3524/400/3569 3525/401/3569
f 3518/397/3570 3517/396/3570 3532/399/3570
f 3510/149/3571 3525/401/3571 3526/403/3571
f 3512/137/3574 3511/150/3574 3526/403/3574
f 3523/411/3575 3538/418/3575 3539/420/3575
f 3532/399/3576 3531/412/3576 3546/419/3576
f 3524/400/3577 3539/420/3577 3540/422/3577
f 3533/402/3578 3532/399/3578 3547/421/3578
f 3525/401/3579 3540/422/3579 3541/424/3579
f 3527/405/3582 3526/403/3582 3541/424/3582
f 3519/157/3583 3534/170/3583 3535/413/3583
f 3528/406/3584 3527/405/3584 3542/426/3584
f 3520/159/3585 3535/413/3585 3536/414/3585
f 3529/408/3586 3528/406/3586 3543/427/3586
f 3521/407/3587 3536/414/3587 3537/416/3587
f 3530/410/3588 3529/408/3588 3544/415/3588
f 3522/409/3589 3537/416/3589 3538/418/3589
f 3531/412/3590 3530/410/3590 3545/417/3590
f 3543/427/3591 3542/426/3591 3557/435/3591
f 3535/413/3592 3550/436/3592 3551/438/3592
f 3544/415/3593 3543/427/3593 3558/437/3593
f 3536/414/3594 3551/438/3594 3552/440/3594
f 3545/417/3595 3544/415/3595 3559/439/3595
f 3537/416/3596 3552/440/3596 3553/442/3596
f 3546/419/3597 3545/417/3597 3560/441/3597
f 3538/418/3598 3553/442/3598 3554/428/3598
f 3547/421/5407 3546/419/5407 3561/443/5407
f 3539/420/3600 3554/428/3600 3555/429/3600
f 3548/423/5408 3547/421/5408 3562/444/5408
f 3540/422/3602 3555/429/3602 3556/431/3602
f 3542/426/3605 3541/424/3605 3556/431/3605
f 3534/170/5409 3549/433/5409 3550/436/5409
f 3562/444/3607 3561/443/3607 3576/449/3607
f 3554/428/3608 3569/450/3608 3570/452/3608
f 3563/430/5410 3562/444/5410 3577/451/5410
f 3555/429/3610 3570/452/3610 3571/454/3610
f 3557/435/3613 3556/431/3613 3571/454/3613
f 3549/433/5411 3564/455/5411 3565/458/5411
f 3558/437/3615 3557/435/3615 3572/457/3615
f 3550/436/3616 3565/458/3616 3566/446/3616
f 3559/439/3617 3558/437/3617 3573/459/3617
f 3551/438/3618 3566/446/3618 3567/447/3618
f 3560/441/3619 3559/439/3619 3574/445/3619
f 3552/440/3620 3567/447/3620 3568/448/3620
f 3561/443/3621 3560/441/3621 3575/7/3621
f 3553/442/3622 3568/448/3622 3569/450/3622
f 3565/458/3623 3580/466/3623 3581/468/3623
f 3574/445/3624 3573/459/3624 3588/467/3624
f 3566/446/5412 3581/468/5412 3582/470/5412
f 3575/7/3626 3574/445/3626 3589/469/3626
f 3567/447/3627 3582/470/3627 3583/472/3627
f 3576/449/5413 3575/7/5413 3590/471/5413
f 3568/448/3629 3583/472/3629 3584/474/3629
f 3577/451/3630 3576/449/3630 3591/473/3630
f 3569/450/3631 3584/474/3631 3585/461/3631
f 3578/453/3632 3577/451/3632 3592/475/3632
f 3570/452/3633 3585/461/3633 3586/462/3633
f 3572/457/3636 3571/454/3636 3586/462/3636
f 3564/455/3637 3579/463/3637 3580/466/3637
f 3573/459/3638 3572/457/3638 3587/465/3638
f 3584/474/3639 3599/480/3639 3600/482/3639
f 3593/460/3640 3592/475/3640 3607/481/3640
f 3585/461/3641 3600/482/3641 3601/484/3641
f 3587/465/3644 3586/462/3644 3601/484/3644
f 3579/463/3645 3594/485/3645 3595/488/3645
f 3588/467/3646 3587/465/3646 3602/487/3646
f 3580/466/3647 3595/488/3647 3596/490/3647
f 3589/469/3648 3588/467/3648 3603/489/3648
f 3581/468/3649 3596/490/3649 3597/477/3649
f 3590/471/3650 3589/469/3650 3604/491/3650
f 3582/470/3651 3597/477/3651 3598/478/3651
f 3591/473/3652 3590/471/3652 3605/476/3652
f 3583/472/3653 3598/478/3653 3599/480/3653
f 3592/475/3654 3591/473/3654 3606/479/3654
f 3604/491/3655 3603/489/3655 3618/497/3655
f 3596/490/3656 3611/498/3656 3612/500/3656
f 3605/476/3657 3604/491/3657 3619/499/3657
f 3597/477/3658 3612/500/3658 3613/502/3658
f 3606/479/3659 3605/476/3659 3620/501/3659
f 3598/478/3660 3613/502/3660 3614/504/3660
f 3607/481/3661 3606/479/3661 3621/503/3661
f 3599/480/3662 3614/504/3662 3615/506/3662
f 3608/483/3663 3607/481/3663 3622/505/3663
f 3600/482/3664 3615/506/3664 3616/507/3664
f 3602/487/3667 3601/484/3667 3616/507/3667
f 3594/485/3668 3609/492/3668 3610/496/3668
f 3603/489/3669 3602/487/3669 3617/495/3669
f 3595/488/5414 3610/496/5414 3611/498/5414
f 3623/494/3671 3622/505/3671 3637/512/3671
f 3615/506/3672 3630/513/3672 3631/515/3672
f 3617/495/3675 3616/507/3675 3631/515/3675
f 3609/492/3676 3624/517/3676 3625/520/3676
f 3618/497/3677 3617/495/3677 3632/519/3677
f 3610/496/3678 3625/520/3678 3626/522/3678
f 3619/499/3679 3618/497/3679 3633/521/3679
f 3611/498/3680 3626/522/3680 3627/508/3680
f 3620/501/3681 3619/499/3681 3634/523/3681
f 3612/500/3682 3627/508/3682 3628/509/3682
f 3621/503/3683 3620/501/3683 3635/524/3683
f 3613/502/3684 3628/509/3684 3629/511/3684
f 3622/505/3685 3621/503/3685 3636/510/3685
f 3614/504/3686 3629/511/3686 3630/513/3686
f 3634/523/3687 3649/530/3687 3650/532/3687
f 3628/509/3688 3627/508/3688 3642/531/3688
f 3635/524/3689 3650/532/3689 3651/534/3689
f 3629/511/3690 3628/509/3690 3643/533/3690
f 3636/510/3691 3651/534/3691 3652/536/3691
f 3630/513/3692 3629/511/3692 3644/535/3692
f 3637/512/3693 3652/536/3693 3653/538/3693
f 3631/515/3694 3630/513/3694 3645/537/3694
f 3631/515/3697 3646/525/3697 3647/526/3697
f 3625/520/3698 3624/517/3698 3639/539/3698
f 3632/519/3699 3647/526/3699 3648/528/3699
f 3626/522/5415 3625/520/5415 3640/527/5415
f 3633/521/3701 3648/528/3701 3649/530/3701
f 3627/508/3702 3626/522/3702 3641/529/3702
f 3646/525/3705 3661/547/3705 3662/550/3705
f 3640/527/3706 3639/539/3706 3654/548/3706
f 3647/526/3707 3662/550/3707 3663/552/3707
f 3641/529/5416 3640/527/5416 3655/551/5416
f 3648/528/3709 3663/552/3709 3664/554/3709
f 3642/531/3710 3641/529/3710 3656/553/3710
f 3649/530/3711 3664/554/3711 3665/541/3711
f 3643/533/3712 3642/531/3712 3657/555/3712
f 3650/532/3713 3665/541/3713 3666/542/3713
f 3644/535/3714 3643/533/3714 3658/556/3714
f 3651/534/3715 3666/542/3715 3667/544/3715
f 3645/537/3716 3644/535/3716 3659/543/3716
f 3652/536/3717 3667/544/3717 3668/546/3717
f 3646/525/3718 3645/537/3718 3660/545/3718
f 3658/556/3719 3657/555/3719 3672/562/3719
f 3665/541/3720 3680/563/3720 3681/565/3720
f 3659/543/3721 3658/556/3721 3673/564/3721
f 3666/542/3722 3681/565/3722 3682/567/3722
f 3660/545/3723 3659/543/3723 3674/566/3723
f 3667/544/3724 3682/567/3724 3683/569/3724
f 3661/547/3725 3660/545/3725 3675/568/3725
f 3661/547/3728 3676/570/3728 3677/558/3728
f 3655/551/3729 3654/548/3729 3669/571/3729
f 3662/550/3730 3677/558/3730 3678/559/3730
f 3656/553/3731 3655/551/3731 3670/557/3731
f 3663/552/3732 3678/559/3732 3679/561/3732
f 3657/555/3733 3656/553/3733 3671/560/3733
f 3664/554/3734 3679/561/3734 3680/563/3734
f 3676/570/3735 3691/578/3735 3692/581/3735
f 3670/557/3736 3669/571/3736 3684/579/3736
f 3677/558/3737 3692/581/3737 3693/583/3737
f 3671/560/5417 3670/557/5417 3685/582/5417
f 3678/559/3739 3693/583/3739 3694/585/3739
f 3672/562/5418 3671/560/5418 3686/584/5418
f 3679/561/3741 3694/585/3741 3695/587/3741
f 3673/564/3742 3672/562/3742 3687/586/3742
f 3680/563/5419 3695/587/5419 3696/574/5419
f 3674/566/3744 3673/564/3744 3688/588/3744
f 3681/565/3745 3696/574/3745 3697/575/3745
f 3675/568/3746 3674/566/3746 3689/573/3746
f 3682/567/3747 3697/575/3747 3698/577/3747
f 3676/570/3748 3675/568/3748 3690/576/3748
f 3695/587/3751 3711/594/3751 3712/596/3751
f 3689/573/3752 3688/588/3752 3704/595/3752
f 3696/574/3753 3712/596/3753 3713/598/3753
f 3690/576/3754 3689/573/3754 3705/597/3754
f 3697/575/3755 3713/598/3755 3714/600/3755
f 3691/578/3756 3690/576/3756 3706/599/3756
f 3691/578/3759 3707/601/3759 3708/589/3759
f 3685/582/3760 3684/579/3760 3700/602/3760
f 3692/581/3761 3708/589/3761 3709/590/3761
f 3686/584/3762 3685/582/3762 3701/604/3762
f 3693/583/3763 3709/590/3763 3710/592/3763
f 3687/586/3764 3686/584/3764 3702/591/3764
f 3694/585/3765 3710/592/3765 3711/594/3765
f 3688/588/3766 3687/586/3766 3703/593/3766
f 3701/604/5420 3700/602/5420 3715/205/5420
f 3708/589/3768 3723/611/3768 3724/613/3768
f 3702/591/3769 3701/604/3769 3716/612/3769
f 3709/590/5421 3724/613/5421 3725/615/5421
f 3703/593/3771 3702/591/3771 3717/614/3771
f 3710/592/3772 3725/615/3772 3726/617/3772
f 3704/595/3773 3703/593/3773 3718/616/3773
f 3711/594/3774 3726/617/3774 3727/605/3774
f 3705/597/5422 3704/595/5422 3719/618/5422
f 3712/596/3776 3727/605/3776 3728/606/3776
f 3706/599/3777 3705/597/3777 3720/619/3777
f 3713/598/3778 3728/606/3778 3729/608/3778
f 3707/601/3779 3706/599/3779 3721/607/3779
f 3707/601/3782 3722/609/3782 3723/611/3782
f 3720/619/3783 3719/618/3783 3734/624/3783
f 3727/605/3784 3742/623/3784 3743/625/3784
f 3721/607/3785 3720/619/3785 3735/626/3785
f 3728/606/3786 3743/625/3786 3744/627/3786
f 3722/609/3787 3721/607/3787 3736/628/3787
f 3722/609/3790 3737/630/3790 3738/631/3790
f 3716/612/3791 3715/205/3791 3730/212/3791
f 3723/611/3792 3738/631/3792 3739/632/3792
f 3717/614/3793 3716/612/3793 3731/209/3793
f 3724/613/3794 3739/632/3794 3740/621/3794
f 3718/616/3795 3717/614/3795 3732/633/3795
f 3725/615/3796 3740/621/3796 3741/622/3796
f 3719/618/3797 3718/616/3797 3733/620/3797
f 3726/617/3798 3741/622/3798 3742/623/3798
f 3738/631/3799 3753/221/3799 3754/223/3799
f 3732/633/3800 3731/209/3800 3746/227/3800
f 3739/632/3801 3754/223/3801 3755/636/3801
f 3733/620/5423 3732/633/5423 3747/226/5423
f 3740/621/3803 3755/636/3803 3756/637/3803
f 3734/624/3804 3733/620/3804 3748/229/3804
f 3741/622/5424 3756/637/5424 3757/638/5424
f 3735/626/3806 3734/624/3806 3749/233/3806
f 3742/623/3807 3757/638/3807 3758/639/3807
f 3736/628/3808 3735/626/3808 3750/214/3808
f 3743/625/3809 3758/639/3809 3759/635/3809
f 3737/630/3810 3736/628/3810 3751/216/3810
f 3737/630/3813 3752/222/3813 3753/221/3813
f 3731/209/3814 3730/212/3814 3745/219/3814
f 3758/646/3815 3757/644/3815 3772/643/3815
f 3750/248/3816 3765/250/3816 3766/253/3816
f 3759/648/3817 3758/646/3817 3773/645/3817
f 3751/252/3818 3766/253/3818 3767/256/3818
f 3753/262/3821 3752/255/3821 3767/256/3821
f 3745/258/3822 3760/259/3822 3761/265/3822
f 3754/235/3823 3753/262/3823 3768/261/3823
f 3746/264/3824 3761/265/3824 3762/243/3824
f 3755/640/3825 3754/235/3825 3769/237/3825
f 3747/244/5425 3762/243/5425 3763/240/5425
f 3756/642/3827 3755/640/3827 3770/650/3827
f 3748/246/3828 3763/240/3828 3764/245/3828
f 3757/644/5426 3756/642/5426 3771/641/5426
f 3749/249/3830 3764/245/3830 3765/250/3830
f 3770/650/3831 3769/237/3831 3784/272/3831
f 3762/243/3832 3777/273/3832 3778/275/3832
f 3771/641/3833 3770/650/3833 3785/653/3833
f 3763/240/3834 3778/275/3834 3779/279/3834
f 3772/643/3835 3771/641/3835 3786/654/3835
f 3764/245/3836 3779/279/3836 3780/280/3836
f 3773/645/3837 3772/643/3837 3787/655/3837
f 3765/250/3838 3780/280/3838 3781/266/3838
f 3774/647/3839 3773/645/3839 3788/656/3839
f 3766/253/3840 3781/266/3840 3782/269/3840
f 3768/261/3843 3767/256/3843 3782/269/3843
f 3760/259/3844 3775/268/3844 3776/271/3844
f 3769/237/3845 3768/261/3845 3783/270/3845
f 3761/265/3846 3776/271/3846 3777/273/3846
f 3789/652/5427 3788/656/5427 3803/658/5427
f 3781/266/3848 3796/284/3848 3797/287/3848
f 3783/270/3851 3782/269/3851 3797/287/3851
f 3775/268/5428 3790/286/5428 3791/288/5428
f 3784/272/3853 3783/270/3853 3798/289/3853
f 3776/271/3854 3791/288/3854 3792/291/3854
f 3785/653/5429 3784/272/5429 3799/290/5429
f 3777/273/3856 3792/291/3856 3793/281/3856
f 3786/654/3857 3785/653/3857 3800/661/3857
f 3778/275/3858 3793/281/3858 3794/282/3858
f 3787/655/3859 3786/654/3859 3801/662/3859
f 3779/279/5430 3794/282/5430 3795/283/5430
f 3788/656/3861 3787/655/3861 3802/657/3861
f 3780/280/3862 3795/283/3862 3796/284/3862
f 3792/291/3863 3807/297/3863 3808/301/3863
f 3801/662/3864 3800/661/3864 3815/663/3864
f 3793/281/3865 3808/301/3865 3809/302/3865
f 3802/657/3866 3801/662/3866 3816/664/3866
f 3794/282/3867 3809/302/3867 3810/303/3867
f 3803/658/3868 3802/657/3868 3817/665/3868
f 3795/283/3869 3810/303/3869 3811/304/3869
f 3804/659/5431 3803/658/5431 3818/666/5431
f 3796/284/3871 3811/304/3871 3812/294/3871
f 3798/289/3874 3797/287/3874 3812/294/3874
f 3790/286/5432 3805/293/5432 3806/295/5432
f 3799/290/3876 3798/289/3876 3813/311/3876
f 3791/288/3877 3806/295/3877 3807/297/3877
f 3800/661/3878 3799/290/3878 3814/296/3878
f 3811/304/3879 3826/308/3879 3827/312/3879
f 3813/311/3882 3812/294/3882 3827/312/3882
f 3805/293/3883 3820/310/3883 3821/313/3883
f 3814/296/3884 3813/311/3884 3828/314/3884
f 3806/295/3885 3821/313/3885 3822/317/3885
f 3815/663/3886 3814/296/3886 3829/323/3886
f 3807/297/5433 3822/317/5433 3823/305/5433
f 3816/664/3888 3815/663/3888 3830/673/3888
f 3808/301/3889 3823/305/3889 3824/306/3889
f 3817/665/5434 3816/664/5434 3831/674/5434
f 3809/302/3891 3824/306/3891 3825/307/3891
f 3818/666/3892 3817/665/3892 3832/669/3892
f 3810/303/3893 3825/307/3893 3826/308/3893
f 3819/667/3894 3818/666/3894 3833/670/3894
f 3831/674/3895 3830/673/3895 3845/675/3895
f 3823/305/3896 3838/327/3896 3839/328/3896
f 3832/669/3897 3831/674/3897 3846/676/3897
f 3824/306/3898 3839/328/3898 3840/329/3898
f 3833/670/3899 3832/669/3899 3847/677/3899
f 3825/307/3900 3840/329/3900 3841/330/3900
f 3834/671/3901 3833/670/3901 3848/678/3901
f 3826/308/3902 3841/330/3902 3842/334/3902
f 3828/314/3905 3827/312/3905 3842/334/3905
f 3820/310/3906 3835/320/3906 3836/321/3906
f 3829/323/3907 3828/314/3907 3843/319/3907
f 3821/313/3908 3836/321/3908 3837/324/3908
f 3830/673/3909 3829/323/3909 3844/322/3909
f 3822/317/3910 3837/324/3910 3838/327/3910
f 3843/319/3913 3842/334/3913 3857/338/3913
f 3835/320/3914 3850/337/3914 3851/339/3914
f 3844/322/3915 3843/319/3915 3858/345/3915
f 3836/321/3916 3851/339/3916 3852/341/3916
f 3845/675/3917 3844/322/3917 3859/340/3917
f 3837/324/3918 3852/341/3918 3853/344/3918
f 3846/676/3919 3845/675/3919 3860/684/3919
f 3838/327/3920 3853/344/3920 3854/332/3920
f 3847/677/3921 3846/676/3921 3861/685/3921
f 3839/328/3922 3854/332/3922 3855/333/3922
f 3848/678/3923 3847/677/3923 3862/686/3923
f 3840/329/3924 3855/333/3924 3856/335/3924
f 3849/679/5435 3848/678/5435 3863/681/5435
f 3841/330/3926 3856/335/3926 3857/338/3926
f 3853/344/3927 3867/51/3927 3393/56/3927
f 3862/686/3928 3861/685/3928 3870/349/3928
f 3854/332/3929 3393/56/3929 3868/57/3929
f 3863/681/3930 3862/686/3930 3871/351/3930
f 3855/333/3931 3868/57/3931 3394/59/3931
f 3864/682/3932 3863/681/3932 3872/353/3932
f 3856/335/3933 3394/59/3933 3395/37/3933
f 3858/345/3936 3857/338/3936 3395/37/3936
f 3850/337/3937 3865/38/3937 3866/43/3937
f 3859/340/3938 3858/345/3938 3396/35/3938
f 3851/339/3939 3866/43/3939 3392/50/3939
f 3860/684/3940 3859/340/3940 3869/41/3940
f 3852/341/3941 3392/50/3941 3867/51/3941
f 3861/685/3942 3860/684/3942 3397/347/3942
f 4349/51/3943 3874/50/3943 3882/44/3943
f 3879/347/3944 3890/348/3944 3891/350/3944
f 3875/56/3945 4349/51/3945 3883/49/3945
f 4352/349/3946 3891/350/3946 3892/352/3946
f 4350/57/3947 3875/56/3947 3884/54/3947
f 4353/351/3948 3892/352/3948 3893/354/3948
f 3876/59/3949 4350/57/3949 3885/55/3949
f 4354/353/3950 3893/354/3950 3894/356/3950
f 3877/37/3951 3876/59/3951 3886/58/3951
f 3877/37/3954 3887/36/3954 3888/42/3954
f 4348/43/3955 4347/38/3955 3880/40/3955
f 3878/35/3956 3888/42/3956 3889/45/3956
f 3874/50/3957 4348/43/3957 3881/39/3957
f 4351/41/3958 3889/45/3958 3890/348/3958
f 3888/42/3959 3903/65/3959 3904/67/3959
f 3882/44/3960 3881/39/3960 3896/64/3960
f 3889/45/3961 3904/67/3961 3905/360/3961
f 3883/49/5436 3882/44/5436 3897/66/5436
f 3890/348/3963 3905/360/3963 3906/361/3963
f 3884/54/3964 3883/49/3964 3898/68/3964
f 3891/350/3965 3906/361/3965 3907/362/3965
f 3885/55/3966 3884/54/3966 3899/69/3966
f 3892/352/5437 3907/362/5437 3908/363/5437
f 3886/58/3968 3885/55/3968 3900/70/3968
f 3893/354/3969 3908/363/3969 3909/359/3969
f 3887/36/3970 3886/58/3970 3901/71/3970
f 3887/36/3973 3902/61/3973 3903/65/3973
f 3881/39/3974 3880/40/3974 3895/63/3974
f 3907/362/3975 3922/366/3975 3923/367/3975
f 3901/71/3976 3900/70/3976 3915/74/3976
f 3908/363/3977 3923/367/3977 3924/368/3977
f 3902/61/3978 3901/71/3978 3916/75/3978
f 3902/61/3981 3917/76/3981 3918/80/3981
f 3896/64/3982 3895/63/3982 3910/78/3982
f 3903/65/3983 3918/80/3983 3919/82/3983
f 3897/66/3984 3896/64/3984 3911/79/3984
f 3904/67/3985 3919/82/3985 3920/364/3985
f 3898/68/3986 3897/66/3986 3912/81/3986
f 3905/360/3987 3920/364/3987 3921/365/3987
f 3899/69/3988 3898/68/3988 3913/73/3988
f 3906/361/3989 3921/365/3989 3922/366/3989
f 3900/70/5438 3899/69/5438 3914/72/5438
f 3919/82/3991 3934/91/3991 3935/372/3991
f 3913/73/3992 3912/81/3992 3927/92/3992
f 3920/364/3993 3935/372/3993 3936/17/3993
f 3914/72/3994 3913/73/3994 3928/14/3994
f 3921/365/3995 3936/17/3995 3937/373/3995
f 3915/74/3996 3914/72/3996 3929/95/3996
f 3922/366/3997 3937/373/3997 3938/374/3997
f 3916/75/5439 3915/74/5439 3930/96/5439
f 3923/367/5440 3938/374/5440 3939/371/5440
f 3917/76/4000 3916/75/4000 3931/97/4000
f 3917/76/4003 3932/13/4003 3933/89/4003
f 3911/79/5441 3910/78/5441 3925/88/5441
f 3918/80/5442 3933/89/5442 3934/91/5442
f 3912/81/4006 3911/79/4006 3926/90/4006
f 3938/374/5443 3953/377/5443 3954/378/5443
f 3932/13/4008 3931/97/4008 3946/101/4008
f 3932/13/4011 3947/102/4011 3948/106/4011
f 3926/90/4012 3925/88/4012 3940/104/4012
f 3933/89/4013 3948/106/4013 3949/108/4013
f 3927/92/4014 3926/90/4014 3941/105/4014
f 3934/91/4015 3949/108/4015 3950/380/4015
f 3928/14/5444 3927/92/5444 3942/107/5444
f 3935/372/4017 3950/380/4017 3951/375/4017
f 3929/95/4018 3928/14/4018 3943/99/4018
f 3936/17/4019 3951/375/4019 3952/376/4019
f 3930/96/4020 3929/95/4020 3944/98/4020
f 3937/373/4021 3952/376/4021 3953/377/4021
f 3931/97/4022 3930/96/4022 3945/100/4022
f 3943/99/4023 3942/107/4023 3958/116/4023
f 3950/380/4024 3966/381/4024 3967/382/4024
f 3944/98/4025 3943/99/4025 3959/118/4025
f 3951/375/4026 3967/382/4026 3968/383/4026
f 3945/100/4027 3944/98/4027 3960/120/4027
f 3952/376/4028 3968/383/4028 3969/384/4028
f 3946/101/4029 3945/100/4029 3961/121/4029
f 3953/377/4030 3969/384/4030 3970/385/4030
f 3947/102/4031 3946/101/4031 3962/122/4031
f 3947/102/4034 3963/111/4034 3964/112/4034
f 3941/105/4035 3940/104/4035 3956/114/4035
f 3948/106/4036 3964/112/4036 3965/115/4036
f 3942/107/4037 3941/105/4037 3957/113/4037
f 3949/108/4038 3965/115/4038 3966/381/4038
f 3963/111/4039 3962/122/4039 3977/125/4039
f 3963/111/4042 3978/126/4042 3979/129/4042
f 3957/113/4043 3956/114/4043 3971/128/4043
f 3964/112/4044 3979/129/4044 3980/131/4044
f 3958/116/4045 3957/113/4045 3972/130/4045
f 3965/115/4046 3980/131/4046 3981/391/4046
f 3959/118/4047 3958/116/4047 3973/132/4047
f 3966/381/4048 3981/391/4048 3982/392/4048
f 3960/120/4049 3959/118/4049 3974/135/4049
f 3967/382/4050 3982/392/4050 3983/387/4050
f 3961/121/4051 3960/120/4051 3975/136/4051
f 3968/383/4052 3983/387/4052 3984/388/4052
f 3962/122/4053 3961/121/4053 3976/124/4053
f 3969/384/4054 3984/388/4054 3985/389/4054
f 3981/391/4055 3996/393/4055 3997/394/4055
f 3975/136/4056 3974/135/4056 3989/167/4056
f 3982/392/4057 3997/394/4057 3998/395/4057
f 3976/124/4058 3975/136/4058 3990/145/4058
f 3983/387/4059 3998/395/4059 3999/396/4059
f 3977/125/4060 3976/124/4060 3991/146/4060
f 3984/388/4061 3999/396/4061 4000/397/4061
f 3978/126/4062 3977/125/4062 3992/149/4062
f 3978/126/4065 3993/150/4065 3994/137/4065
f 3972/130/4066 3971/128/4066 3986/153/4066
f 3979/129/4067 3994/137/4067 3995/142/4067
f 3973/132/4068 3972/130/4068 3987/141/4068
f 3980/131/4069 3995/142/4069 3996/393/4069
f 3974/135/4070 3973/132/4070 3988/140/4070
f 3994/137/4073 3993/150/4073 4008/403/4073
f 3986/153/4074 4001/157/4074 4002/159/4074
f 3995/142/4075 3994/137/4075 4009/405/4075
f 3987/141/4076 4002/159/4076 4003/407/4076
f 3996/393/4077 3995/142/4077 4010/406/4077
f 3988/140/4078 4003/407/4078 4004/409/4078
f 3997/394/4079 3996/393/4079 4011/408/4079
f 3989/167/4080 4004/409/4080 4005/411/4080
f 3998/395/4081 3997/394/4081 4012/410/4081
f 3990/145/4082 4005/411/4082 4006/400/4082
f 3999/396/4083 3998/395/4083 4013/412/4083
f 3991/146/4084 4006/400/4084 4007/401/4084
f 4000/397/4085 3999/396/4085 4014/399/4085
f 3992/149/4086 4007/401/4086 4008/403/4086
f 4004/409/4087 4019/416/4087 4020/418/4087
f 4013/412/4088 4012/410/4088 4027/417/4088
f 4005/411/4089 4020/418/4089 4021/420/4089
f 4014/399/4090 4013/412/4090 4028/419/4090
f 4006/400/4091 4021/420/4091 4022/422/4091
f 4015/402/4092 4014/399/4092 4029/421/4092
f 4007/401/4093 4022/422/4093 4023/424/4093
f 4009/405/4096 4008/403/4096 4023/424/4096
f 4001/157/4097 4016/170/4097 4017/413/4097
f 4010/406/4098 4009/405/4098 4024/426/4098
f 4002/159/4099 4017/413/4099 4018/414/4099
f 4011/408/4100 4010/406/4100 4025/427/4100
f 4003/407/4101 4018/414/4101 4019/416/4101
f 4012/410/4102 4011/408/4102 4026/415/4102
f 4030/423/4103 4029/421/4103 4044/444/4103
f 4024/426/4104 4023/424/4104 4038/431/4104
f 4016/170/4105 4031/433/4105 4032/436/4105
f 4025/427/4107 4024/426/4107 4039/435/4107
f 4017/413/4108 4032/436/4108 4033/438/4108
f 4026/415/4109 4025/427/4109 4040/437/4109
f 4018/414/4110 4033/438/4110 4034/440/4110
f 4027/417/4111 4026/415/4111 4041/439/4111
f 4019/416/4112 4034/440/4112 4035/442/4112
f 4020/418/4113 4035/442/4113 4036/428/4113
f 4021/420/4114 4036/428/4114 4037/429/4114
f 4028/419/4115 4027/417/4115 4042/441/4115
f 4029/421/4116 4028/419/4116 4043/443/4116
f 4022/422/4117 4037/429/4117 4038/431/4117
f 4042/441/4119 4041/439/4119 4056/445/4119
f 4034/440/4120 4049/447/4120 4050/448/4120
f 4043/443/5445 4042/441/5445 4057/7/5445
f 4035/442/4122 4050/448/4122 4051/450/4122
f 4044/444/4123 4043/443/4123 4058/449/4123
f 4036/428/4124 4051/450/4124 4052/452/4124
f 4045/430/5446 4044/444/5446 4059/451/5446
f 4037/429/4126 4052/452/4126 4053/454/4126
f 4039/435/4129 4038/431/4129 4053/454/4129
f 4031/433/4130 4046/455/4130 4047/458/4130
f 4040/437/4131 4039/435/4131 4054/457/4131
f 4032/436/4132 4047/458/4132 4048/446/4132
f 4041/439/4133 4040/437/4133 4055/459/4133
f 4033/438/5447 4048/446/5447 4049/447/5447
f 4054/457/4137 4053/454/4137 4068/462/4137
f 4046/455/5448 4061/463/5448 4062/466/5448
f 4055/459/5449 4054/457/5449 4069/465/5449
f 4047/458/5450 4062/466/5450 4063/468/5450
f 4056/445/4141 4055/459/4141 4070/467/4141
f 4048/446/5451 4063/468/5451 4064/470/5451
f 4057/7/4143 4056/445/4143 4071/469/4143
f 4049/447/5452 4064/470/5452 4065/472/5452
f 4058/449/4145 4057/7/4145 4072/471/4145
f 4050/448/4146 4065/472/4146 4066/474/4146
f 4059/451/4147 4058/449/4147 4073/473/4147
f 4051/450/5453 4066/474/5453 4067/461/5453
f 4060/453/5454 4059/451/5454 4074/475/5454
f 4052/452/4150 4067/461/4150 4068/462/4150
f 4064/470/5455 4079/477/5455 4080/478/5455
f 4073/473/4152 4072/471/4152 4087/476/4152
f 4065/472/5456 4080/478/5456 4081/480/5456
f 4074/475/4154 4073/473/4154 4088/479/4154
f 4066/474/4155 4081/480/4155 4082/482/4155
f 4075/460/4156 4074/475/4156 4089/481/4156
f 4067/461/4157 4082/482/4157 4083/484/4157
f 4069/465/4160 4068/462/4160 4083/484/4160
f 4061/463/4161 4076/485/4161 4077/488/4161
f 4070/467/4162 4069/465/4162 4084/487/4162
f 4062/466/4163 4077/488/4163 4078/490/4163
f 4071/469/5457 4070/467/5457 4085/489/5457
f 4063/468/5458 4078/490/5458 4079/477/5458
f 4072/471/4166 4071/469/4166 4086/491/4166
f 4084/487/4167 4083/484/4167 4098/507/4167
f 4076/485/4168 4091/492/4168 4092/496/4168
f 4085/489/4169 4084/487/4169 4099/495/4169
f 4077/488/4170 4092/496/4170 4093/498/4170
f 4086/491/4171 4085/489/4171 4100/497/4171
f 4078/490/4172 4093/498/4172 4094/500/4172
f 4087/476/4173 4086/491/4173 4101/499/4173
f 4079/477/4174 4094/500/4174 4095/502/4174
f 4088/479/4175 4087/476/4175 4102/501/4175
f 4080/478/4176 4095/502/4176 4096/504/4176
f 4089/481/4177 4088/479/4177 4103/503/4177
f 4081/480/4178 4096/504/4178 4097/506/4178
f 4090/483/4179 4089/481/4179 4104/505/4179
f 4082/482/4180 4097/506/4180 4098/507/4180
f 4103/503/4183 4102/501/4183 4117/524/4183
f 4095/502/4184 4110/509/4184 4111/511/4184
f 4104/505/4185 4103/503/4185 4118/510/4185
f 4096/504/4186 4111/511/4186 4112/513/4186
f 4105/494/4187 4104/505/4187 4119/512/4187
f 4097/506/4188 4112/513/4188 4113/515/4188
f 4099/495/4191 4098/507/4191 4113/515/4191
f 4091/492/4192 4106/517/4192 4107/520/4192
f 4100/497/4193 4099/495/4193 4114/519/4193
f 4092/496/4194 4107/520/4194 4108/522/4194
f 4101/499/4195 4100/497/4195 4115/521/4195
f 4093/498/4196 4108/522/4196 4109/508/4196
f 4102/501/4197 4101/499/4197 4116/523/4197
f 4094/500/4198 4109/508/4198 4110/509/4198
f 4107/520/4199 4106/517/4199 4121/539/4199
f 4114/519/4200 4129/526/4200 4130/528/4200
f 4108/522/4201 4107/520/4201 4122/527/4201
f 4115/521/4202 4130/528/4202 4131/530/4202
f 4109/508/4203 4108/522/4203 4123/529/4203
f 4116/523/4204 4131/530/4204 4132/532/4204
f 4110/509/4205 4109/508/4205 4124/531/4205
f 4117/524/4206 4132/532/4206 4133/534/4206
f 4111/511/4207 4110/509/4207 4125/533/4207
f 4118/510/4208 4133/534/4208 4134/536/4208
f 4112/513/4209 4111/511/4209 4126/535/4209
f 4119/512/5459 4134/536/5459 4135/538/5459
f 4113/515/4211 4112/513/4211 4127/537/4211
f 4113/515/4214 4128/525/4214 4129/526/4214
f 4126/535/4215 4125/533/4215 4140/556/4215
f 4133/534/5460 4148/542/5460 4149/544/5460
f 4127/537/4217 4126/535/4217 4141/543/4217
f 4134/536/4218 4149/544/4218 4150/546/4218
f 4128/525/4219 4127/537/4219 4142/545/4219
f 4128/525/4222 4143/547/4222 4144/550/4222
f 4122/527/4223 4121/539/4223 4136/548/4223
f 4129/526/4224 4144/550/4224 4145/552/4224
f 4123/529/4225 4122/527/4225 4137/551/4225
f 4130/528/4226 4145/552/4226 4146/554/4226
f 4124/531/4227 4123/529/4227 4138/553/4227
f 4131/530/4228 4146/554/4228 4147/541/4228
f 4125/533/4229 4124/531/4229 4139/555/4229
f 4132/532/4230 4147/541/4230 4148/542/4230
f 4144/550/4231 4159/558/4231 4160/559/4231
f 4138/553/4232 4137/551/4232 4152/557/4232
f 4145/552/4233 4160/559/4233 4161/561/4233
f 4139/555/4234 4138/553/4234 4153/560/4234
f 4146/554/4235 4161/561/4235 4162/563/4235
f 4140/556/4236 4139/555/4236 4154/562/4236
f 4147/541/4237 4162/563/4237 4163/565/4237
f 4141/543/5461 4140/556/5461 4155/564/5461
f 4148/542/4239 4163/565/4239 4164/567/4239
f 4142/545/4240 4141/543/4240 4156/566/4240
f 4149/544/4241 4164/567/4241 4165/569/4241
f 4143/547/4242 4142/545/4242 4157/568/4242
f 4143/547/4245 4158/570/4245 4159/558/4245
f 4137/551/4246 4136/548/4246 4151/571/4246
f 4163/565/4247 4178/574/4247 4179/575/4247
f 4157/568/5462 4156/566/5462 4171/573/5462
f 4164/567/4249 4179/575/4249 4180/577/4249
f 4158/570/4250 4157/568/4250 4172/576/4250
f 4158/570/4253 4173/578/4253 4174/581/4253
f 4152/557/5463 4151/571/5463 4166/579/5463
f 4159/558/5464 4174/581/5464 4175/583/5464
f 4153/560/4256 4152/557/4256 4167/582/4256
f 4160/559/4257 4175/583/4257 4176/585/4257
f 4154/562/4258 4153/560/4258 4168/584/4258
f 4161/561/4259 4176/585/4259 4177/587/4259
f 4155/564/4260 4154/562/4260 4169/586/4260
f 4162/563/4261 4177/587/4261 4178/574/4261
f 4156/566/4262 4155/564/4262 4170/588/4262
f 4175/583/4263 4191/590/4263 4192/592/4263
f 4169/586/5465 4168/584/5465 4184/591/5465
f 4176/585/4265 4192/592/4265 4193/594/4265
f 4170/588/4266 4169/586/4266 4185/593/4266
f 4177/587/4267 4193/594/4267 4194/596/4267
f 4171/573/4268 4170/588/4268 4186/595/4268
f 4178/574/4269 4194/596/4269 4195/598/4269
f 4172/576/4270 4171/573/4270 4187/597/4270
f 4179/575/5466 4195/598/5466 4196/600/5466
f 4173/578/4272 4172/576/4272 4188/599/4272
f 4173/578/4275 4189/601/4275 4190/589/4275
f 4167/582/4276 4166/579/4276 4182/602/4276
f 4174/581/4277 4190/589/4277 4191/590/4277
f 4168/584/4278 4167/582/4278 4183/604/4278
f 4195/598/4279 4210/606/4279 4211/608/4279
f 4189/601/4280 4188/599/4280 4203/607/4280
f 4189/601/4283 4204/609/4283 4205/611/4283
f 4183/604/4284 4182/602/4284 4197/205/4284
f 4190/589/4285 4205/611/4285 4206/613/4285
f 4184/591/4286 4183/604/4286 4198/612/4286
f 4191/590/4287 4206/613/4287 4207/615/4287
f 4185/593/4288 4184/591/4288 4199/614/4288
f 4192/592/4289 4207/615/4289 4208/617/4289
f 4186/595/4290 4185/593/4290 4200/616/4290
f 4193/594/4291 4208/617/4291 4209/605/4291
f 4187/597/4292 4186/595/4292 4201/618/4292
f 4194/596/4293 4209/605/4293 4210/606/4293
f 4188/599/4294 4187/597/4294 4202/619/4294
f 4200/616/4295 4199/614/4295 4214/633/4295
f 4207/615/4296 4222/621/4296 4223/622/4296
f 4201/618/4297 4200/616/4297 4215/620/4297
f 4208/617/4298 4223/622/4298 4224/623/4298
f 4202/619/4299 4201/618/4299 4216/624/4299
f 4209/605/4300 4224/623/4300 4225/625/4300
f 4203/607/4301 4202/619/4301 4217/626/4301
f 4210/606/4302 4225/625/4302 4226/627/4302
f 4204/609/4303 4203/607/4303 4218/628/4303
f 4204/609/4306 4219/630/4306 4220/631/4306
f 4198/612/4307 4197/205/4307 4212/212/4307
f 4205/611/4308 4220/631/4308 4221/632/4308
f 4199/614/4309 4198/612/4309 4213/209/4309
f 4206/613/4310 4221/632/4310 4222/621/4310
f 4219/630/4311 4218/628/4311 4233/216/4311
f 4219/630/4314 4234/222/4314 4235/221/4314
f 4213/209/4315 4212/212/4315 4227/219/4315
f 4220/631/4316 4235/221/4316 4236/223/4316
f 4214/633/4317 4213/209/4317 4228/227/4317
f 4221/632/4318 4236/223/4318 4237/636/4318
f 4215/620/4319 4214/633/4319 4229/226/4319
f 4222/621/4320 4237/636/4320 4238/637/4320
f 4216/624/4321 4215/620/4321 4230/229/4321
f 4223/622/4322 4238/637/4322 4239/638/4322
f 4217/626/4323 4216/624/4323 4231/233/4323
f 4224/623/4324 4239/638/4324 4240/639/4324
f 4218/628/4325 4217/626/4325 4232/214/4325
f 4225/625/4326 4240/639/4326 4241/635/4326
f 4238/642/4327 4237/640/4327 4252/650/4327
f 4230/246/4328 4245/240/4328 4246/245/4328
f 4239/644/4329 4238/642/4329 4253/641/4329
f 4231/249/4330 4246/245/4330 4247/250/4330
f 4240/646/4331 4239/644/4331 4254/643/4331
f 4232/248/4332 4247/250/4332 4248/253/4332
f 4241/648/4333 4240/646/4333 4255/645/4333
f 4233/252/4334 4248/253/4334 4249/256/4334
f 4235/262/4337 4234/255/4337 4249/256/4337
f 4227/258/4338 4242/259/4338 4243/265/4338
f 4236/235/4339 4235/262/4339 4250/261/4339
f 4228/264/4340 4243/265/4340 4244/243/4340
f 4237/640/4341 4236/235/4341 4251/237/4341
f 4229/244/4342 4244/243/4342 4245/240/4342
f 4250/261/4345 4249/256/4345 4264/269/4345
f 4242/259/4346 4257/268/4346 4258/271/4346
f 4251/237/4347 4250/261/4347 4265/270/4347
f 4243/265/4348 4258/271/4348 4259/273/4348
f 4252/650/4349 4251/237/4349 4266/272/4349
f 4244/243/4350 4259/273/4350 4260/275/4350
f 4253/641/4351 4252/650/4351 4267/653/4351
f 4245/240/4352 4260/275/4352 4261/279/4352
f 4254/643/4353 4253/641/4353 4268/654/4353
f 4246/245/4354 4261/279/4354 4262/280/4354
f 4255/645/4355 4254/643/4355 4269/655/4355
f 4247/250/4356 4262/280/4356 4263/266/4356
f 4256/647/4357 4255/645/4357 4270/656/4357
f 4248/253/4358 4263/266/4358 4264/269/4358
f 4260/275/4359 4275/281/4359 4276/282/4359
f 4269/655/4360 4268/654/4360 4283/662/4360
f 4261/279/4361 4276/282/4361 4277/283/4361
f 4270/656/4362 4269/655/4362 4284/657/4362
f 4262/280/4363 4277/283/4363 4278/284/4363
f 4271/652/4364 4270/656/4364 4285/658/4364
f 4263/266/4365 4278/284/4365 4279/287/4365
f 4265/270/4368 4264/269/4368 4279/287/4368
f 4257/268/4369 4272/286/4369 4273/288/4369
f 4266/272/4370 4265/270/4370 4280/289/4370
f 4258/271/4371 4273/288/4371 4274/291/4371
f 4267/653/4372 4266/272/4372 4281/290/4372
f 4259/273/4373 4274/291/4373 4275/281/4373
f 4268/654/4374 4267/653/4374 4282/661/4374
f 4280/289/4375 4279/287/4375 4294/294/4375
f 4272/286/5467 4287/293/5467 4288/295/5467
f 4281/290/4377 4280/289/4377 4295/311/4377
f 4273/288/4378 4288/295/4378 4289/297/4378
f 4282/661/4379 4281/290/4379 4296/296/4379
f 4274/291/4380 4289/297/4380 4290/301/4380
f 4283/662/4381 4282/661/4381 4297/663/4381
f 4275/281/4382 4290/301/4382 4291/302/4382
f 4284/657/4383 4283/662/4383 4298/664/4383
f 4276/282/4384 4291/302/4384 4292/303/4384
f 4285/658/4385 4284/657/4385 4299/665/4385
f 4277/283/4386 4292/303/4386 4293/304/4386
f 4286/659/5468 4285/658/5468 4300/666/5468
f 4278/284/4388 4293/304/4388 4294/294/4388
f 4299/665/4391 4298/664/4391 4313/674/4391
f 4291/302/4392 4306/306/4392 4307/307/4392
f 4300/666/4393 4299/665/4393 4314/669/4393
f 4292/303/4394 4307/307/4394 4308/308/4394
f 4301/667/4395 4300/666/4395 4315/670/4395
f 4293/304/5469 4308/308/5469 4309/312/5469
f 4295/311/5470 4294/294/5470 4309/312/5470
f 4287/293/5471 4302/310/5471 4303/313/5471
f 4296/296/5472 4295/311/5472 4310/314/5472
f 4288/295/4402 4303/313/4402 4304/317/4402
f 4297/663/4403 4296/296/4403 4311/323/4403
f 4289/297/4404 4304/317/4404 4305/305/4404
f 4298/664/4405 4297/663/4405 4312/673/4405
f 4290/301/4406 4305/305/4406 4306/306/4406
f 4311/323/4407 4310/314/4407 4325/319/4407
f 4303/313/4408 4318/321/4408 4319/324/4408
f 4312/673/4409 4311/323/4409 4326/322/4409
f 4304/317/4410 4319/324/4410 4320/327/4410
f 4313/674/4411 4312/673/4411 4327/675/4411
f 4305/305/4412 4320/327/4412 4321/328/4412
f 4314/669/4413 4313/674/4413 4328/676/4413
f 4306/306/4414 4321/328/4414 4322/329/4414
f 4315/670/4415 4314/669/4415 4329/677/4415
f 4307/307/4416 4322/329/4416 4323/330/4416
f 4316/671/4417 4315/670/4417 4330/678/4417
f 4308/308/4418 4323/330/4418 4324/334/4418
f 4310/314/4421 4309/312/4421 4324/334/4421
f 4302/310/4422 4317/320/4422 4318/321/4422
f 4330/678/4423 4329/677/4423 4344/686/4423
f 4322/329/4424 4337/333/4424 4338/335/4424
f 4331/679/4425 4330/678/4425 4345/681/4425
f 4323/330/4426 4338/335/4426 4339/338/4426
f 4325/319/4429 4324/334/4429 4339/338/4429
f 4317/320/4430 4332/337/4430 4333/339/4430
f 4326/322/4431 4325/319/4431 4340/345/4431
f 4318/321/4432 4333/339/4432 4334/341/4432
f 4327/675/4433 4326/322/4433 4341/340/4433
f 4319/324/4434 4334/341/4434 4335/344/4434
f 4328/676/4435 4327/675/4435 4342/684/4435
f 4320/327/4436 4335/344/4436 4336/332/4436
f 4329/677/4437 4328/676/4437 4343/685/4437
f 4321/328/4438 4336/332/4438 4337/333/4438
f 4333/339/4439 4348/43/4439 3874/50/4439
f 4342/684/4440 4341/340/4440 4351/41/4440
f 4334/341/4441 3874/50/4441 4349/51/4441
f 4343/685/4442 4342/684/4442 3879/347/4442
f 4335/344/4443 4349/51/4443 3875/56/4443
f 4344/686/4444 4343/685/4444 4352/349/4444
f 4336/332/4445 3875/56/4445 4350/57/4445
f 4345/681/4446 4344/686/4446 4353/351/4446
f 4337/333/4447 4350/57/4447 3876/59/4447
f 4346/682/4448 4345/681/4448 4354/353/4448
f 4338/335/4449 3876/59/4449 3877/37/4449
f 4340/345/4452 4339/338/4452 3877/37/4452
f 4332/337/4453 4347/38/4453 4348/43/4453
f 4341/340/4454 4340/345/4454 3878/35/4454
f 4357/688/4455 4359/690/4455 4358/689/4455
f 4359/690/5473 4361/692/5473 4360/691/5473
f 4361/692/4457 4363/694/4457 4362/693/4457
f 4363/694/4458 4365/695/4458 4364/23/4458
f 4365/695/4459 4367/743/4459 4366/696/4459
f 4366/696/4460 4367/743/4460 4369/697/4460
f 4368/698/4461 4369/697/4461 4371/699/4461
f 4370/700/4462 4371/699/4462 4373/701/4462
f 4372/37/4463 4373/701/4463 4375/702/4463
f 4374/36/4464 4375/702/4464 4377/703/4464
f 4376/61/4465 4377/703/4465 4379/704/4465
f 4378/76/4466 4379/704/4466 4381/3/4466
f 4380/13/5474 4381/3/5474 4383/705/5474
f 4382/102/5475 4383/705/5475 4385/706/5475
f 4384/111/5476 4385/706/5476 4387/707/5476
f 4386/126/4470 4387/707/4470 4389/708/4470
f 4388/709/5477 4389/708/5477 4391/710/5477
f 4390/711/4472 4391/710/4472 4393/712/4472
f 4392/713/4473 4393/712/4473 4395/714/4473
f 4394/715/4474 4395/714/4474 4397/26/4474
f 4396/11/4475 4397/26/4475 4399/716/4475
f 4399/716/4476 4401/719/4476 4400/718/4476
f 4401/719/4477 4403/721/4477 4402/720/4477
f 4403/721/4478 4405/723/4478 4404/722/4478
f 4405/723/4479 4407/725/4479 4406/724/4479
f 4407/725/4480 4409/727/4480 4408/726/4480
f 4409/727/4481 4411/729/4481 4410/728/4481
f 4411/729/5478 4413/730/5478 4412/20/5478
f 4413/730/4483 4415/732/4483 4414/731/4483
f 4415/732/5479 4417/737/5479 4416/733/5479
f 4361/736/4485 4359/908/4485 4357/909/4485
f 4357/909/4485 4419/910/4485 4417/911/4485
f 4417/911/4485 4415/912/4485 4413/913/4485
f 4413/913/5480 4411/914/5480 4409/915/5480
f 4409/915/4485 4407/916/4485 4405/917/4485
f 4405/917/4485 4403/918/4485 4401/919/4485
f 4401/919/4485 4399/920/4485 4397/921/4485
f 4397/921/4485 4395/922/4485 4393/734/4485
f 4393/734/4485 4391/923/4485 4389/924/4485
f 4389/924/4485 4387/925/4485 4385/926/4485
f 4385/926/4485 4383/927/4485 4381/928/4485
f 4381/928/5481 4379/929/5481 4377/735/5481
f 4377/735/4485 4375/930/4485 4373/931/4485
f 4373/931/4485 4371/932/4485 4369/933/4485
f 4369/933/4485 4367/934/4485 4365/935/4485
f 4365/935/4485 4363/936/4485 4361/736/4485
f 4361/736/4485 4357/909/4485 4417/911/4485
f 4417/911/4485 4413/913/4485 4409/915/4485
f 4409/915/4485 4405/917/4485 4401/919/4485
f 4401/919/4485 4397/921/4485 4393/734/4485
f 4393/734/4485 4389/924/4485 4385/926/4485
f 4385/926/4485 4381/928/4485 4377/735/4485
f 4377/735/4485 4373/931/4485 4369/933/4485
f 4369/933/4485 4365/935/4485 4361/736/4485
f 4361/736/4485 4417/911/4485 4409/915/4485
f 4409/915/4485 4401/919/4485 4393/734/4485
f 4393/734/4485 4385/926/4485 4377/735/4485
f 4377/735/4485 4369/933/4485 4361/736/4485
f 4361/736/4485 4409/915/4485 4393/734/4485
f 4417/737/5482 4419/739/5482 4418/738/5482
f 4419/739/4487 4357/744/4487 4356/222/4487
f 4418/742/5483 4356/937/5483 4358/938/5483
f 4358/938/5483 4360/939/5483 4362/940/5483
f 4362/940/5484 4364/941/5484 4366/942/5484
f 4366/942/4488 4368/943/4488 4370/944/4488
f 4370/944/4488 4372/945/4488 4374/946/4488
f 4374/946/5483 4376/947/5483 4378/948/5483
f 4378/948/4488 4380/949/4488 4382/950/4488
f 4382/950/4488 4384/951/4488 4386/740/4488
f 4386/740/5483 4388/952/5483 4390/953/5483
f 4390/953/4488 4392/954/4488 4394/955/4488
f 4394/955/4488 4396/956/4488 4398/957/4488
f 4398/957/4488 4400/958/4488 4402/741/4488
f 4402/741/5484 4404/959/5484 4406/960/5484
f 4406/960/4488 4408/961/4488 4410/962/4488
f 4410/962/5485 4412/963/5485 4414/964/5485
f 4414/964/4488 4416/965/4488 4418/742/4488
f 4418/742/4488 4358/938/4488 4362/940/4488
f 4362/940/4488 4366/942/4488 4370/944/4488
f 4370/944/4488 4374/946/4488 4378/948/4488
f 4378/948/4488 4382/950/4488 4386/740/4488
f 4386/740/4488 4390/953/4488 4394/955/4488
f 4394/955/4488 4398/957/4488 4402/741/4488
f 4402/741/4488 4406/960/4488 4410/962/4488
f 4410/962/4488 4414/964/4488 4418/742/4488
f 4418/742/4488 4362/940/4488 4370/944/4488
f 4370/944/4488 4378/948/4488 4386/740/4488
f 4386/740/4488 4394/955/4488 4402/741/4488
f 4402/741/4488 4410/962/4488 4418/742/4488
f 4418/742/4488 4370/944/4488 4386/740/4488
f 4420/255/5486 4421/688/5486 4423/690/5486
f 4422/689/4490 4423/690/4490 4425/692/4490
f 4424/691/4491 4425/692/4491 4427/694/4491
f 4426/693/4492 4427/694/4492 4429/695/4492
f 4428/23/4493 4429/695/4493 4431/743/4493
f 4430/696/4494 4431/743/4494 4433/697/4494
f 4432/698/4495 4433/697/4495 4435/699/4495
f 4435/699/4496 4437/701/4496 4436/37/4496
f 4437/701/4497 4439/702/4497 4438/36/4497
f 4439/702/4498 4441/703/4498 4440/61/4498
f 4441/703/4499 4443/704/4499 4442/76/4499
f 4443/704/4500 4445/3/4500 4444/13/4500
f 4445/3/4501 4447/705/4501 4446/102/4501
f 4447/705/5487 4449/706/5487 4448/111/5487
f 4449/706/4503 4451/707/4503 4450/126/4503
f 4451/707/4504 4453/708/4504 4452/709/4504
f 4453/708/5488 4455/710/5488 4454/711/5488
f 4455/710/4506 4457/712/4506 4456/713/4506
f 4457/712/5489 4459/714/5489 4458/715/5489
f 4459/714/4508 4461/26/4508 4460/11/4508
f 4461/26/4509 4463/716/4509 4462/717/4509
f 4463/716/4510 4465/719/4510 4464/718/4510
f 4465/719/4511 4467/721/4511 4466/720/4511
f 4466/720/4512 4467/721/4512 4469/723/4512
f 4468/722/4513 4469/723/4513 4471/725/4513
f 4470/724/5490 4471/725/5490 4473/727/5490
f 4472/726/4515 4473/727/4515 4475/729/4515
f 4474/728/4516 4475/729/4516 4477/730/4516
f 4476/20/4517 4477/730/4517 4479/732/4517
f 4478/731/5491 4479/732/5491 4481/737/5491
f 4425/736/5492 4423/908/5492 4421/909/5492
f 4421/909/5492 4483/910/5492 4481/911/5492
f 4481/911/5492 4479/912/5492 4477/913/5492
f 4477/913/4519 4475/914/4519 4473/915/4519
f 4473/915/4519 4471/916/4519 4469/917/4519
f 4469/917/4519 4467/918/4519 4465/919/4519
f 4465/919/5492 4463/920/5492 4461/921/5492
f 4461/921/4519 4459/922/4519 4457/734/4519
f 4457/734/5492 4455/923/5492 4453/924/5492
f 4453/924/4519 4451/925/4519 4449/926/4519
f 4449/926/5492 4447/927/5492 4445/928/5492
f 4445/928/4519 4443/929/4519 4441/735/4519
f 4441/735/4519 4439/930/4519 4437/931/4519
f 4437/931/5492 4435/932/5492 4433/933/5492
f 4433/933/4519 4431/934/4519 4429/935/4519
f 4429/935/5492 4427/936/5492 4425/736/5492
f 4425/736/4519 4421/909/4519 4481/911/4519
f 4481/911/4519 4477/913/4519 4473/915/4519
f 4473/915/4519 4469/917/4519 4465/919/4519
f 4465/919/4519 4461/921/4519 4457/734/4519
f 4457/734/4519 4453/924/4519 4449/926/4519
f 4449/926/4519 4445/928/4519 4441/735/4519
f 4441/735/4519 4437/931/4519 4433/933/4519
f 4433/933/4519 4429/935/4519 4425/736/4519
f 4425/736/4519 4481/911/4519 4473/915/4519
f 4473/915/4519 4465/919/4519 4457/734/4519
f 4457/734/4519 4449/926/4519 4441/735/4519
f 4441/735/4519 4433/933/4519 4425/736/4519
f 4425/736/4519 4473/915/4519 4457/734/4519
f 4480/733/4520 4481/737/4520 4483/739/4520
f 4482/738/4521 4483/739/4521 4421/744/4521
f 4482/742/4522 4420/937/4522 4422/938/4522
f 4422/938/4522 4424/939/4522 4426/940/4522
f 4426/940/5493 4428/941/5493 4430/942/5493
f 4430/942/4522 4432/943/4522 4434/944/4522
f 4434/944/5493 4436/945/5493 4438/946/5493
f 4438/946/5493 4440/947/5493 4442/948/5493
f 4442/948/4522 4444/949/4522 4446/950/4522
f 4446/950/4522 4448/951/4522 4450/740/4522
f 4450/740/4522 4452/952/4522 4454/953/4522
f 4454/953/4522 4456/954/4522 4458/955/4522
f 4458/955/4522 4460/956/4522 4462/957/4522
f 4462/957/4522 4464/958/4522 4466/741/4522
f 4466/741/4522 4468/959/4522 4470/960/4522
f 4470/960/4522 4472/961/4522 4474/962/4522
f 4474/962/5493 4476/963/5493 4478/964/5493
f 4478/964/5493 4480/965/5493 4482/742/5493
f 4482/742/4522 4422/938/4522 4426/940/4522
f 4426/940/4522 4430/942/4522 4434/944/4522
f 4434/944/4522 4438/946/4522 4442/948/4522
f 4442/948/5493 4446/950/5493 4450/740/5493
f 4450/740/4522 4454/953/4522 4458/955/4522
f 4458/955/4522 4462/957/4522 4466/741/4522
f 4466/741/4522 4470/960/4522 4474/962/4522
f 4474/962/5493 4478/964/5493 4482/742/5493
f 4482/742/4522 4426/940/4522 4434/944/4522
f 4434/944/4522 4442/948/4522 4450/740/4522
f 4450/740/4522 4458/955/4522 4466/741/4522
f 4466/741/4522 4474/962/4522 4482/742/4522
f 4482/742/4522 4434/944/4522 4450/740/4522
f 455/11/94 312/12/94 4484/12/94
f 420/14/94 462/13/94 4487/13/94
f 312/12/94 420/14/94 4486/14/94
f 462/13/94 455/11/94 4485/11/94
f 4488/769/5494 4490/797/5494 4495/752/5494
f 4491/748/4532 4493/750/4532 4521/770/4532
f 4497/754/5495 4499/756/5495 4493/772/5495
f 4496/753/4551 4495/752/4551 4523/774/4551
f 4494/776/4535 4496/966/4535 4513/777/4535
f 4509/766/4536 4511/768/4536 4515/779/4536
f 4524/781/4537 4508/765/4537 4507/764/4537
f 4500/757/5496 4506/763/5496 4508/765/5496
f 4509/766/5497 4503/760/5497 4505/762/5497
f 4526/783/4540 4502/759/4540 4501/758/4540
f 4500/757/4541 4502/759/4541 4517/785/4541
f 4492/749/4542 4491/748/4542 4519/787/4542
f 4512/778/4543 4506/763/4543 4500/757/4543
f 4521/790/5498 4493/967/5498 4499/791/5498
f 4519/787/4545 4491/748/4545 4520/771/4545
f 4497/754/4546 4492/773/4546 4518/792/4546
f 4515/793/4547 4511/768/4547 4525/782/4547
f 4510/767/4548 4505/762/4548 4527/784/4548
f 4522/775/4547 4498/798/4547 4515/793/4547
f 4509/766/4546 4514/780/4546 4518/792/4546
f 4504/761/4545 4519/787/4545 4529/141/4545
f 4512/778/4543 4516/789/4543 4488/795/4543
f 4503/760/4542 4518/788/4542 4519/787/4542
f 4516/786/4541 4517/785/4541 4489/746/4541
f 4497/754/4536 4514/780/4536 4515/779/4536
f 4512/778/4535 4513/777/4535 4507/764/4535
f 4526/783/4545 4529/141/4545 4517/785/4545
f 4522/775/4547 4528/794/4547 4513/796/4547
f 4524/781/4548 4527/784/4548 4501/758/4548
f 4513/796/4547 4528/794/4547 4525/782/4547
f 4529/141/4545 4520/771/4545 4489/746/4545
f 4490/797/5499 4521/790/5499 4523/774/5499
f 4504/761/4540 4526/783/4540 4527/784/4540
f 4510/767/4537 4524/781/4537 4525/782/4537
f 4522/775/4534 4523/774/4534 4499/791/4534
f 4520/771/4532 4521/770/4532 4490/747/4532
f 4544/748/4556 4546/750/4556 4571/770/4556
f 4549/754/5500 4551/756/5500 4546/772/5500
f 4548/753/4568 4547/752/4568 4573/774/4568
f 4560/766/4559 4562/768/4559 4566/779/4559
f 4574/781/4560 4559/765/4560 4558/764/4560
f 4560/766/5501 4554/760/5501 4556/762/5501
f 4545/749/4562 4544/748/4562 4569/787/4562
f 4571/790/5502 4546/967/5502 4551/791/5502
f 4569/787/4564 4544/748/4564 4570/771/4564
f 4565/780/4565 4549/754/4565 4545/773/4565
f 4566/793/4566 4562/768/4566 4575/782/4566
f 4572/775/4566 4550/798/4566 4566/793/4566
f 4560/766/4565 4565/780/4565 4568/792/4565
f 4555/761/4564 4569/787/4564 4579/141/4564
f 4554/760/4562 4568/788/4562 4569/787/4562
f 4549/754/4559 4565/780/4559 4566/779/4559
f 4572/775/4566 4578/794/4566 4564/796/4566
f 4564/796/4566 4578/794/4566 4575/782/4566
f 4561/767/4560 4574/781/4560 4575/782/4560
f 4572/775/4558 4573/774/4558 4551/791/4558
l 469 468
l 470 469
l 471 470
l 472 471
l 473 472
l 474 473
l 475 474
l 476 475
l 477 476
l 478 477
l 479 478
l 480 479
l 481 480
l 482 481
l 483 482
l 484 483
l 485 484
l 486 485
l 487 486
l 488 487
l 489 488
l 490 489
l 491 490
l 492 491
l 493 492
l 494 493
l 495 494
l 496 495
l 497 496
l 498 497
l 499 498
l 468 499
l 4535 4541
l 4538 4541
l 4532 4538
l 4536 4539
l 4534 4539
l 4531 4534
l 4530 4537
l 4533 4540
l 4557 4558
l 4571 4543
l 4576 4553
l 4579 4567
l 4563 4564
l 4542 4570
l 4552 4577
l 4574 4577
l 4576 4577
o Cube.001
v 0.029506 -0.639628 0.189021
v 0.029507 -0.639628 -1.631745
v 1.964654 -0.639628 0.189021
v 1.964654 -0.639628 -1.631745
v 0.029506 -0.515488 0.189021
v 0.029507 -0.515488 -1.631745
v 1.964654 -0.515488 0.189021
v 1.964654 -0.515488 -1.631745
vn -0.0000 -1.0000 -0.0000
vn 1.0000 -0.0000 -0.0000
vn -0.0000 1.0000 -0.0000
vn -1.0000 -0.0000 -0.0000
vn -0.0000 -0.0000 1.0000
vn -0.0000 -0.0000 -1.0000
vt 0.625000 0.000000
vt 0.375000 0.250000
vt 0.375000 0.000000
vt 0.625000 0.250000
vt 0.375000 0.500000
vt 0.625000 0.500000
vt 0.375000 0.750000
vt 0.625000 0.750000
vt 0.375000 1.000000
vt 0.125000 0.750000
vt 0.125000 0.500000
vt 0.875000 0.500000
vt 0.625000 1.000000
vt 0.875000 0.750000
s 0
f 4581/968/5503 4582/969/5503 4580/970/5503
f 4583/971/5504 4586/972/5504 4582/969/5504
f 4587/973/5505 4584/974/5505 4586/972/5505
f 4585/975/5506 4580/976/5506 4584/974/5506
f 4586/972/5507 4580/977/5507 4582/978/5507
f 4583/979/5508 4585/975/5508 4587/973/5508
f 4581/968/5503 4583/971/5503 4582/969/5503
f 4583/971/5504 4587/973/5504 4586/972/5504
f 4587/973/5505 4585/975/5505 4584/974/5505
f 4585/975/5506 4581/980/5506 4580/976/5506
f 4586/972/5507 4584/974/5507 4580/977/5507
f 4583/979/5508 4581/981/5508 4585/975/5508
